date,ticker,recommendation,weighted_signal,stock_code,company_dir,field,as_of_date,run_id,signal_source,chair_json_path,auditor_packet_path,finance_signal,finance_weighted_signal,finance_recommendation,finance_weight,finance_signal_source,finance_basis,market_signal,market_weighted_signal,market_recommendation,market_weight,market_signal_source,market_basis,tech_signal,tech_weighted_signal,tech_recommendation,tech_weight,tech_signal_source,tech_basis,valuation_signal,valuation_weighted_signal,valuation_recommendation,valuation_weight,valuation_signal_source,valuation_basis,issue_signal,issue_weighted_signal,issue_recommendation,issue_weight,issue_signal_source,issue_basis,macro_signal,macro_weighted_signal,macro_recommendation,macro_weight,macro_signal_source,macro_basis
2025-01,네패스,보유,,033640,nepes,반도체,2025-01-31,bt_2025_2026_v49,missing,,,,,보유,,missing,,,,보유,,missing,,,,보유,,missing,,,,보유,,missing,,,,보유,,missing,,,,보유,,missing,
2025-01,한미반도체,보유,,042700,hanmi,반도체,2025-01-31,bt_2025_2026_v49,missing,,,,,보유,,missing,,,,보유,,missing,,,,보유,,missing,,,,보유,,missing,,,,보유,,missing,,,,보유,,missing,
2025-01,한솔케미칼,보유,,014680,hansol,반도체,2025-01-31,bt_2025_2026_v49,missing,,,,,보유,,missing,,,,보유,,missing,,,,보유,,missing,,,,보유,,missing,,,,보유,,missing,,,,보유,,missing,
2025-01,덕산테코피아,보유,,317330,duksan,반도체,2025-01-31,bt_2025_2026_v49,missing,,,,,보유,,missing,,,,보유,,missing,,,,보유,,missing,,,,보유,,missing,,,,보유,,missing,,,,보유,,missing,
2025-01,엘티씨,보유,,170920,ltc,반도체,2025-01-31,bt_2025_2026_v49,missing,,,,,보유,,missing,,,,보유,,missing,,,,보유,,missing,,,,보유,,missing,,,,보유,,missing,,,,보유,,missing,
2025-01,DB하이텍,보유,,000990,dbhitek,반도체,2025-01-31,bt_2025_2026_v49,missing,,,,,보유,,missing,,,,보유,,missing,,,,보유,,missing,,,,보유,,missing,,,,보유,,missing,,,,보유,,missing,
2025-01,미코,보유,,059090,mico,반도체,2025-01-31,bt_2025_2026_v49,missing,,,,,보유,,missing,,,,보유,,missing,,,,보유,,missing,,,,보유,,missing,,,,보유,,missing,,,,보유,,missing,
2025-01,LX세미콘,보유,,108320,lxsemicon,반도체,2025-01-31,bt_2025_2026_v49,missing,,,,,보유,,missing,,,,보유,,missing,,,,보유,,missing,,,,보유,,missing,,,,보유,,missing,,,,보유,,missing,
2025-01,제주반도체,보유,,080220,jeju_semicon,반도체,2025-01-31,bt_2025_2026_v49,missing,,,,,보유,,missing,,,,보유,,missing,,,,보유,,missing,,,,보유,,missing,,,,보유,,missing,,,,보유,,missing,
2025-01,어보브반도체,보유,,102120,abov,반도체,2025-01-31,bt_2025_2026_v49,missing,,,,,보유,,missing,,,,보유,,missing,,,,보유,,missing,,,,보유,,missing,,,,보유,,missing,,,,보유,,missing,
2025-01,텔레칩스,보유,,054450,telechips,반도체,2025-01-31,bt_2025_2026_v49,missing,,,,,보유,,missing,,,,보유,,missing,,,,보유,,missing,,,,보유,,missing,,,,보유,,missing,,,,보유,,missing,
2025-01,코아시아,보유,,045970,coasia,반도체,2025-01-31,bt_2025_2026_v49,missing,,,,,보유,,missing,,,,보유,,missing,,,,보유,,missing,,,,보유,,missing,,,,보유,,missing,,,,보유,,missing,
2025-01,가온칩스,보유,,399720,gaochips,반도체,2025-01-31,bt_2025_2026_v49,missing,,,,,보유,,missing,,,,보유,,missing,,,,보유,,missing,,,,보유,,missing,,,,보유,,missing,,,,보유,,missing,
2025-01,원익IPS,보유,,240810,wonik_ips,반도체,2025-01-31,bt_2025_2026_v49,missing,,,,,보유,,missing,,,,보유,,missing,,,,보유,,missing,,,,보유,,missing,,,,보유,,missing,,,,보유,,missing,
2025-01,유진테크,보유,,084370,eugene_tech,반도체,2025-01-31,bt_2025_2026_v49,missing,,,,,보유,,missing,,,,보유,,missing,,,,보유,,missing,,,,보유,,missing,,,,보유,,missing,,,,보유,,missing,
2025-01,피에스케이,보유,,319660,psk,반도체,2025-01-31,bt_2025_2026_v49,missing,,,,,보유,,missing,,,,보유,,missing,,,,보유,,missing,,,,보유,,missing,,,,보유,,missing,,,,보유,,missing,
2025-01,테스,보유,,095610,tes,반도체,2025-01-31,bt_2025_2026_v49,missing,,,,,보유,,missing,,,,보유,,missing,,,,보유,,missing,,,,보유,,missing,,,,보유,,missing,,,,보유,,missing,
2025-01,GST,보유,,083450,gst,반도체,2025-01-31,bt_2025_2026_v49,missing,,,,,보유,,missing,,,,보유,,missing,,,,보유,,missing,,,,보유,,missing,,,,보유,,missing,,,,보유,,missing,
2025-01,에스티아이,보유,,039440,sti,반도체,2025-01-31,bt_2025_2026_v49,missing,,,,,보유,,missing,,,,보유,,missing,,,,보유,,missing,,,,보유,,missing,,,,보유,,missing,,,,보유,,missing,
2025-01,넥스틴,보유,,348210,nextin,반도체,2025-01-31,bt_2025_2026_v49,missing,,,,,보유,,missing,,,,보유,,missing,,,,보유,,missing,,,,보유,,missing,,,,보유,,missing,,,,보유,,missing,
2025-01,솔브레인,보유,,357780,soulbrain,반도체,2025-01-31,bt_2025_2026_v49,missing,,,,,보유,,missing,,,,보유,,missing,,,,보유,,missing,,,,보유,,missing,,,,보유,,missing,,,,보유,,missing,
2025-01,동진쎄미켐,보유,,005290,dongjin_semichem,반도체,2025-01-31,bt_2025_2026_v49,missing,,,,,보유,,missing,,,,보유,,missing,,,,보유,,missing,,,,보유,,missing,,,,보유,,missing,,,,보유,,missing,
2025-01,원익머트리얼즈,보유,,104830,wonik_materials,반도체,2025-01-31,bt_2025_2026_v49,missing,,,,,보유,,missing,,,,보유,,missing,,,,보유,,missing,,,,보유,,missing,,,,보유,,missing,,,,보유,,missing,
2025-01,이엔에프테크놀로지,보유,,102710,enf_tech,반도체,2025-01-31,bt_2025_2026_v49,missing,,,,,보유,,missing,,,,보유,,missing,,,,보유,,missing,,,,보유,,missing,,,,보유,,missing,,,,보유,,missing,
2025-01,티씨케이,보유,,064760,tck,반도체,2025-01-31,bt_2025_2026_v49,missing,,,,,보유,,missing,,,,보유,,missing,,,,보유,,missing,,,,보유,,missing,,,,보유,,missing,,,,보유,,missing,
2025-01,월덱스,보유,,101160,woldex,반도체,2025-01-31,bt_2025_2026_v49,missing,,,,,보유,,missing,,,,보유,,missing,,,,보유,,missing,,,,보유,,missing,,,,보유,,missing,,,,보유,,missing,
2025-01,ISC,보유,,095340,isc,반도체,2025-01-31,bt_2025_2026_v49,missing,,,,,보유,,missing,,,,보유,,missing,,,,보유,,missing,,,,보유,,missing,,,,보유,,missing,,,,보유,,missing,
2025-01,SFA반도체,보유,,036540,sfa_semicon,반도체,2025-01-31,bt_2025_2026_v49,missing,,,,,보유,,missing,,,,보유,,missing,,,,보유,,missing,,,,보유,,missing,,,,보유,,missing,,,,보유,,missing,
2025-01,두산테스나,보유,,131970,doosan_tesna,반도체,2025-01-31,bt_2025_2026_v49,missing,,,,,보유,,missing,,,,보유,,missing,,,,보유,,missing,,,,보유,,missing,,,,보유,,missing,,,,보유,,missing,
2025-01,리노공업,보유,,058470,leeno,반도체,2025-01-31,bt_2025_2026_v49,missing,,,,,보유,,missing,,,,보유,,missing,,,,보유,,missing,,,,보유,,missing,,,,보유,,missing,,,,보유,,missing,
2025-02,네패스,보유,,033640,nepes,반도체,2025-02-28,bt_2025_2026_v49,missing,,,,,보유,,missing,,,,보유,,missing,,,,보유,,missing,,,,보유,,missing,,,,보유,,missing,,,,보유,,missing,
2025-02,한미반도체,보유,,042700,hanmi,반도체,2025-02-28,bt_2025_2026_v49,missing,,,,,보유,,missing,,,,보유,,missing,,,,보유,,missing,,,,보유,,missing,,,,보유,,missing,,,,보유,,missing,
2025-02,한솔케미칼,보유,,014680,hansol,반도체,2025-02-28,bt_2025_2026_v49,missing,,,,,보유,,missing,,,,보유,,missing,,,,보유,,missing,,,,보유,,missing,,,,보유,,missing,,,,보유,,missing,
2025-02,덕산테코피아,보유,,317330,duksan,반도체,2025-02-28,bt_2025_2026_v49,missing,,,,,보유,,missing,,,,보유,,missing,,,,보유,,missing,,,,보유,,missing,,,,보유,,missing,,,,보유,,missing,
2025-02,엘티씨,보유,,170920,ltc,반도체,2025-02-28,bt_2025_2026_v49,missing,,,,,보유,,missing,,,,보유,,missing,,,,보유,,missing,,,,보유,,missing,,,,보유,,missing,,,,보유,,missing,
2025-02,DB하이텍,보유,,000990,dbhitek,반도체,2025-02-28,bt_2025_2026_v49,missing,,,,,보유,,missing,,,,보유,,missing,,,,보유,,missing,,,,보유,,missing,,,,보유,,missing,,,,보유,,missing,
2025-02,미코,보유,,059090,mico,반도체,2025-02-28,bt_2025_2026_v49,missing,,,,,보유,,missing,,,,보유,,missing,,,,보유,,missing,,,,보유,,missing,,,,보유,,missing,,,,보유,,missing,
2025-02,LX세미콘,보유,,108320,lxsemicon,반도체,2025-02-28,bt_2025_2026_v49,missing,,,,,보유,,missing,,,,보유,,missing,,,,보유,,missing,,,,보유,,missing,,,,보유,,missing,,,,보유,,missing,
2025-02,제주반도체,보유,,080220,jeju_semicon,반도체,2025-02-28,bt_2025_2026_v49,missing,,,,,보유,,missing,,,,보유,,missing,,,,보유,,missing,,,,보유,,missing,,,,보유,,missing,,,,보유,,missing,
2025-02,어보브반도체,보유,,102120,abov,반도체,2025-02-28,bt_2025_2026_v49,missing,,,,,보유,,missing,,,,보유,,missing,,,,보유,,missing,,,,보유,,missing,,,,보유,,missing,,,,보유,,missing,
2025-02,텔레칩스,보유,,054450,telechips,반도체,2025-02-28,bt_2025_2026_v49,missing,,,,,보유,,missing,,,,보유,,missing,,,,보유,,missing,,,,보유,,missing,,,,보유,,missing,,,,보유,,missing,
2025-02,코아시아,보유,,045970,coasia,반도체,2025-02-28,bt_2025_2026_v49,missing,,,,,보유,,missing,,,,보유,,missing,,,,보유,,missing,,,,보유,,missing,,,,보유,,missing,,,,보유,,missing,
2025-02,가온칩스,보유,,399720,gaochips,반도체,2025-02-28,bt_2025_2026_v49,missing,,,,,보유,,missing,,,,보유,,missing,,,,보유,,missing,,,,보유,,missing,,,,보유,,missing,,,,보유,,missing,
2025-02,원익IPS,보유,,240810,wonik_ips,반도체,2025-02-28,bt_2025_2026_v49,missing,,,,,보유,,missing,,,,보유,,missing,,,,보유,,missing,,,,보유,,missing,,,,보유,,missing,,,,보유,,missing,
2025-02,유진테크,보유,,084370,eugene_tech,반도체,2025-02-28,bt_2025_2026_v49,missing,,,,,보유,,missing,,,,보유,,missing,,,,보유,,missing,,,,보유,,missing,,,,보유,,missing,,,,보유,,missing,
2025-02,피에스케이,보유,,319660,psk,반도체,2025-02-28,bt_2025_2026_v49,missing,,,,,보유,,missing,,,,보유,,missing,,,,보유,,missing,,,,보유,,missing,,,,보유,,missing,,,,보유,,missing,
2025-02,테스,보유,,095610,tes,반도체,2025-02-28,bt_2025_2026_v49,missing,,,,,보유,,missing,,,,보유,,missing,,,,보유,,missing,,,,보유,,missing,,,,보유,,missing,,,,보유,,missing,
2025-02,GST,보유,,083450,gst,반도체,2025-02-28,bt_2025_2026_v49,missing,,,,,보유,,missing,,,,보유,,missing,,,,보유,,missing,,,,보유,,missing,,,,보유,,missing,,,,보유,,missing,
2025-02,에스티아이,보유,,039440,sti,반도체,2025-02-28,bt_2025_2026_v49,missing,,,,,보유,,missing,,,,보유,,missing,,,,보유,,missing,,,,보유,,missing,,,,보유,,missing,,,,보유,,missing,
2025-02,넥스틴,보유,,348210,nextin,반도체,2025-02-28,bt_2025_2026_v49,missing,,,,,보유,,missing,,,,보유,,missing,,,,보유,,missing,,,,보유,,missing,,,,보유,,missing,,,,보유,,missing,
2025-02,솔브레인,보유,,357780,soulbrain,반도체,2025-02-28,bt_2025_2026_v49,missing,,,,,보유,,missing,,,,보유,,missing,,,,보유,,missing,,,,보유,,missing,,,,보유,,missing,,,,보유,,missing,
2025-02,동진쎄미켐,보유,,005290,dongjin_semichem,반도체,2025-02-28,bt_2025_2026_v49,missing,,,,,보유,,missing,,,,보유,,missing,,,,보유,,missing,,,,보유,,missing,,,,보유,,missing,,,,보유,,missing,
2025-02,원익머트리얼즈,보유,,104830,wonik_materials,반도체,2025-02-28,bt_2025_2026_v49,missing,,,,,보유,,missing,,,,보유,,missing,,,,보유,,missing,,,,보유,,missing,,,,보유,,missing,,,,보유,,missing,
2025-02,이엔에프테크놀로지,보유,,102710,enf_tech,반도체,2025-02-28,bt_2025_2026_v49,missing,,,,,보유,,missing,,,,보유,,missing,,,,보유,,missing,,,,보유,,missing,,,,보유,,missing,,,,보유,,missing,
2025-02,티씨케이,보유,,064760,tck,반도체,2025-02-28,bt_2025_2026_v49,missing,,,,,보유,,missing,,,,보유,,missing,,,,보유,,missing,,,,보유,,missing,,,,보유,,missing,,,,보유,,missing,
2025-02,월덱스,보유,,101160,woldex,반도체,2025-02-28,bt_2025_2026_v49,missing,,,,,보유,,missing,,,,보유,,missing,,,,보유,,missing,,,,보유,,missing,,,,보유,,missing,,,,보유,,missing,
2025-02,ISC,보유,,095340,isc,반도체,2025-02-28,bt_2025_2026_v49,missing,,,,,보유,,missing,,,,보유,,missing,,,,보유,,missing,,,,보유,,missing,,,,보유,,missing,,,,보유,,missing,
2025-02,SFA반도체,보유,,036540,sfa_semicon,반도체,2025-02-28,bt_2025_2026_v49,missing,,,,,보유,,missing,,,,보유,,missing,,,,보유,,missing,,,,보유,,missing,,,,보유,,missing,,,,보유,,missing,
2025-02,두산테스나,보유,,131970,doosan_tesna,반도체,2025-02-28,bt_2025_2026_v49,missing,,,,,보유,,missing,,,,보유,,missing,,,,보유,,missing,,,,보유,,missing,,,,보유,,missing,,,,보유,,missing,
2025-02,리노공업,보유,,058470,leeno,반도체,2025-02-28,bt_2025_2026_v49,missing,,,,,보유,,missing,,,,보유,,missing,,,,보유,,missing,,,,보유,,missing,,,,보유,,missing,,,,보유,,missing,
2025-03,네패스,보유,,033640,nepes,반도체,2025-03-31,bt_2025_2026_v49,missing,,,,,보유,,missing,,,,보유,,missing,,,,보유,,missing,,,,보유,,missing,,,,보유,,missing,,,,보유,,missing,
2025-03,한미반도체,보유,,042700,hanmi,반도체,2025-03-31,bt_2025_2026_v49,missing,,,,,보유,,missing,,,,보유,,missing,,,,보유,,missing,,,,보유,,missing,,,,보유,,missing,,,,보유,,missing,
2025-03,한솔케미칼,보유,,014680,hansol,반도체,2025-03-31,bt_2025_2026_v49,missing,,,,,보유,,missing,,,,보유,,missing,,,,보유,,missing,,,,보유,,missing,,,,보유,,missing,,,,보유,,missing,
2025-03,덕산테코피아,보유,,317330,duksan,반도체,2025-03-31,bt_2025_2026_v49,missing,,,,,보유,,missing,,,,보유,,missing,,,,보유,,missing,,,,보유,,missing,,,,보유,,missing,,,,보유,,missing,
2025-03,엘티씨,보유,,170920,ltc,반도체,2025-03-31,bt_2025_2026_v49,missing,,,,,보유,,missing,,,,보유,,missing,,,,보유,,missing,,,,보유,,missing,,,,보유,,missing,,,,보유,,missing,
2025-03,DB하이텍,보유,,000990,dbhitek,반도체,2025-03-31,bt_2025_2026_v49,missing,,,,,보유,,missing,,,,보유,,missing,,,,보유,,missing,,,,보유,,missing,,,,보유,,missing,,,,보유,,missing,
2025-03,미코,보유,,059090,mico,반도체,2025-03-31,bt_2025_2026_v49,missing,,,,,보유,,missing,,,,보유,,missing,,,,보유,,missing,,,,보유,,missing,,,,보유,,missing,,,,보유,,missing,
2025-03,LX세미콘,보유,,108320,lxsemicon,반도체,2025-03-31,bt_2025_2026_v49,missing,,,,,보유,,missing,,,,보유,,missing,,,,보유,,missing,,,,보유,,missing,,,,보유,,missing,,,,보유,,missing,
2025-03,제주반도체,보유,,080220,jeju_semicon,반도체,2025-03-31,bt_2025_2026_v49,missing,,,,,보유,,missing,,,,보유,,missing,,,,보유,,missing,,,,보유,,missing,,,,보유,,missing,,,,보유,,missing,
2025-03,어보브반도체,보유,,102120,abov,반도체,2025-03-31,bt_2025_2026_v49,missing,,,,,보유,,missing,,,,보유,,missing,,,,보유,,missing,,,,보유,,missing,,,,보유,,missing,,,,보유,,missing,
2025-03,텔레칩스,보유,,054450,telechips,반도체,2025-03-31,bt_2025_2026_v49,missing,,,,,보유,,missing,,,,보유,,missing,,,,보유,,missing,,,,보유,,missing,,,,보유,,missing,,,,보유,,missing,
2025-03,코아시아,보유,,045970,coasia,반도체,2025-03-31,bt_2025_2026_v49,missing,,,,,보유,,missing,,,,보유,,missing,,,,보유,,missing,,,,보유,,missing,,,,보유,,missing,,,,보유,,missing,
2025-03,가온칩스,보유,,399720,gaochips,반도체,2025-03-31,bt_2025_2026_v49,missing,,,,,보유,,missing,,,,보유,,missing,,,,보유,,missing,,,,보유,,missing,,,,보유,,missing,,,,보유,,missing,
2025-03,원익IPS,보유,,240810,wonik_ips,반도체,2025-03-31,bt_2025_2026_v49,missing,,,,,보유,,missing,,,,보유,,missing,,,,보유,,missing,,,,보유,,missing,,,,보유,,missing,,,,보유,,missing,
2025-03,유진테크,보유,,084370,eugene_tech,반도체,2025-03-31,bt_2025_2026_v49,missing,,,,,보유,,missing,,,,보유,,missing,,,,보유,,missing,,,,보유,,missing,,,,보유,,missing,,,,보유,,missing,
2025-03,피에스케이,보유,,319660,psk,반도체,2025-03-31,bt_2025_2026_v49,missing,,,,,보유,,missing,,,,보유,,missing,,,,보유,,missing,,,,보유,,missing,,,,보유,,missing,,,,보유,,missing,
2025-03,테스,보유,,095610,tes,반도체,2025-03-31,bt_2025_2026_v49,missing,,,,,보유,,missing,,,,보유,,missing,,,,보유,,missing,,,,보유,,missing,,,,보유,,missing,,,,보유,,missing,
2025-03,GST,보유,,083450,gst,반도체,2025-03-31,bt_2025_2026_v49,missing,,,,,보유,,missing,,,,보유,,missing,,,,보유,,missing,,,,보유,,missing,,,,보유,,missing,,,,보유,,missing,
2025-03,에스티아이,보유,,039440,sti,반도체,2025-03-31,bt_2025_2026_v49,missing,,,,,보유,,missing,,,,보유,,missing,,,,보유,,missing,,,,보유,,missing,,,,보유,,missing,,,,보유,,missing,
2025-03,넥스틴,보유,,348210,nextin,반도체,2025-03-31,bt_2025_2026_v49,missing,,,,,보유,,missing,,,,보유,,missing,,,,보유,,missing,,,,보유,,missing,,,,보유,,missing,,,,보유,,missing,
2025-03,솔브레인,보유,,357780,soulbrain,반도체,2025-03-31,bt_2025_2026_v49,missing,,,,,보유,,missing,,,,보유,,missing,,,,보유,,missing,,,,보유,,missing,,,,보유,,missing,,,,보유,,missing,
2025-03,동진쎄미켐,보유,,005290,dongjin_semichem,반도체,2025-03-31,bt_2025_2026_v49,missing,,,,,보유,,missing,,,,보유,,missing,,,,보유,,missing,,,,보유,,missing,,,,보유,,missing,,,,보유,,missing,
2025-03,원익머트리얼즈,보유,,104830,wonik_materials,반도체,2025-03-31,bt_2025_2026_v49,missing,,,,,보유,,missing,,,,보유,,missing,,,,보유,,missing,,,,보유,,missing,,,,보유,,missing,,,,보유,,missing,
2025-03,이엔에프테크놀로지,보유,,102710,enf_tech,반도체,2025-03-31,bt_2025_2026_v49,missing,,,,,보유,,missing,,,,보유,,missing,,,,보유,,missing,,,,보유,,missing,,,,보유,,missing,,,,보유,,missing,
2025-03,티씨케이,보유,,064760,tck,반도체,2025-03-31,bt_2025_2026_v49,missing,,,,,보유,,missing,,,,보유,,missing,,,,보유,,missing,,,,보유,,missing,,,,보유,,missing,,,,보유,,missing,
2025-03,월덱스,보유,,101160,woldex,반도체,2025-03-31,bt_2025_2026_v49,missing,,,,,보유,,missing,,,,보유,,missing,,,,보유,,missing,,,,보유,,missing,,,,보유,,missing,,,,보유,,missing,
2025-03,ISC,보유,,095340,isc,반도체,2025-03-31,bt_2025_2026_v49,missing,,,,,보유,,missing,,,,보유,,missing,,,,보유,,missing,,,,보유,,missing,,,,보유,,missing,,,,보유,,missing,
2025-03,SFA반도체,보유,,036540,sfa_semicon,반도체,2025-03-31,bt_2025_2026_v49,missing,,,,,보유,,missing,,,,보유,,missing,,,,보유,,missing,,,,보유,,missing,,,,보유,,missing,,,,보유,,missing,
2025-03,두산테스나,보유,,131970,doosan_tesna,반도체,2025-03-31,bt_2025_2026_v49,missing,,,,,보유,,missing,,,,보유,,missing,,,,보유,,missing,,,,보유,,missing,,,,보유,,missing,,,,보유,,missing,
2025-03,리노공업,보유,,058470,leeno,반도체,2025-03-31,bt_2025_2026_v49,missing,,,,,보유,,missing,,,,보유,,missing,,,,보유,,missing,,,,보유,,missing,,,,보유,,missing,,,,보유,,missing,
2025-04,네패스,보유,,033640,nepes,반도체,2025-04-30,bt_2025_2026_v49,missing,,,,,보유,,missing,,,,보유,,missing,,,,보유,,missing,,,,보유,,missing,,,,보유,,missing,,,,보유,,missing,
2025-04,한미반도체,보유,,042700,hanmi,반도체,2025-04-30,bt_2025_2026_v49,missing,,,,,보유,,missing,,,,보유,,missing,,,,보유,,missing,,,,보유,,missing,,,,보유,,missing,,,,보유,,missing,
2025-04,한솔케미칼,보유,,014680,hansol,반도체,2025-04-30,bt_2025_2026_v49,missing,,,,,보유,,missing,,,,보유,,missing,,,,보유,,missing,,,,보유,,missing,,,,보유,,missing,,,,보유,,missing,
2025-04,덕산테코피아,보유,,317330,duksan,반도체,2025-04-30,bt_2025_2026_v49,missing,,,,,보유,,missing,,,,보유,,missing,,,,보유,,missing,,,,보유,,missing,,,,보유,,missing,,,,보유,,missing,
2025-04,엘티씨,보유,,170920,ltc,반도체,2025-04-30,bt_2025_2026_v49,missing,,,,,보유,,missing,,,,보유,,missing,,,,보유,,missing,,,,보유,,missing,,,,보유,,missing,,,,보유,,missing,
2025-04,DB하이텍,보유,,000990,dbhitek,반도체,2025-04-30,bt_2025_2026_v49,missing,,,,,보유,,missing,,,,보유,,missing,,,,보유,,missing,,,,보유,,missing,,,,보유,,missing,,,,보유,,missing,
2025-04,미코,보유,,059090,mico,반도체,2025-04-30,bt_2025_2026_v49,missing,,,,,보유,,missing,,,,보유,,missing,,,,보유,,missing,,,,보유,,missing,,,,보유,,missing,,,,보유,,missing,
2025-04,LX세미콘,보유,,108320,lxsemicon,반도체,2025-04-30,bt_2025_2026_v49,missing,,,,,보유,,missing,,,,보유,,missing,,,,보유,,missing,,,,보유,,missing,,,,보유,,missing,,,,보유,,missing,
2025-04,제주반도체,보유,,080220,jeju_semicon,반도체,2025-04-30,bt_2025_2026_v49,missing,,,,,보유,,missing,,,,보유,,missing,,,,보유,,missing,,,,보유,,missing,,,,보유,,missing,,,,보유,,missing,
2025-04,어보브반도체,보유,,102120,abov,반도체,2025-04-30,bt_2025_2026_v49,missing,,,,,보유,,missing,,,,보유,,missing,,,,보유,,missing,,,,보유,,missing,,,,보유,,missing,,,,보유,,missing,
2025-04,텔레칩스,보유,,054450,telechips,반도체,2025-04-30,bt_2025_2026_v49,missing,,,,,보유,,missing,,,,보유,,missing,,,,보유,,missing,,,,보유,,missing,,,,보유,,missing,,,,보유,,missing,
2025-04,코아시아,보유,,045970,coasia,반도체,2025-04-30,bt_2025_2026_v49,missing,,,,,보유,,missing,,,,보유,,missing,,,,보유,,missing,,,,보유,,missing,,,,보유,,missing,,,,보유,,missing,
2025-04,가온칩스,보유,,399720,gaochips,반도체,2025-04-30,bt_2025_2026_v49,missing,,,,,보유,,missing,,,,보유,,missing,,,,보유,,missing,,,,보유,,missing,,,,보유,,missing,,,,보유,,missing,
2025-04,원익IPS,보유,,240810,wonik_ips,반도체,2025-04-30,bt_2025_2026_v49,missing,,,,,보유,,missing,,,,보유,,missing,,,,보유,,missing,,,,보유,,missing,,,,보유,,missing,,,,보유,,missing,
2025-04,유진테크,보유,,084370,eugene_tech,반도체,2025-04-30,bt_2025_2026_v49,missing,,,,,보유,,missing,,,,보유,,missing,,,,보유,,missing,,,,보유,,missing,,,,보유,,missing,,,,보유,,missing,
2025-04,피에스케이,보유,,319660,psk,반도체,2025-04-30,bt_2025_2026_v49,missing,,,,,보유,,missing,,,,보유,,missing,,,,보유,,missing,,,,보유,,missing,,,,보유,,missing,,,,보유,,missing,
2025-04,테스,보유,,095610,tes,반도체,2025-04-30,bt_2025_2026_v49,missing,,,,,보유,,missing,,,,보유,,missing,,,,보유,,missing,,,,보유,,missing,,,,보유,,missing,,,,보유,,missing,
2025-04,GST,보유,,083450,gst,반도체,2025-04-30,bt_2025_2026_v49,missing,,,,,보유,,missing,,,,보유,,missing,,,,보유,,missing,,,,보유,,missing,,,,보유,,missing,,,,보유,,missing,
2025-04,에스티아이,보유,,039440,sti,반도체,2025-04-30,bt_2025_2026_v49,missing,,,,,보유,,missing,,,,보유,,missing,,,,보유,,missing,,,,보유,,missing,,,,보유,,missing,,,,보유,,missing,
2025-04,넥스틴,보유,,348210,nextin,반도체,2025-04-30,bt_2025_2026_v49,missing,,,,,보유,,missing,,,,보유,,missing,,,,보유,,missing,,,,보유,,missing,,,,보유,,missing,,,,보유,,missing,
2025-04,솔브레인,보유,,357780,soulbrain,반도체,2025-04-30,bt_2025_2026_v49,missing,,,,,보유,,missing,,,,보유,,missing,,,,보유,,missing,,,,보유,,missing,,,,보유,,missing,,,,보유,,missing,
2025-04,동진쎄미켐,보유,,005290,dongjin_semichem,반도체,2025-04-30,bt_2025_2026_v49,missing,,,,,보유,,missing,,,,보유,,missing,,,,보유,,missing,,,,보유,,missing,,,,보유,,missing,,,,보유,,missing,
2025-04,원익머트리얼즈,보유,,104830,wonik_materials,반도체,2025-04-30,bt_2025_2026_v49,missing,,,,,보유,,missing,,,,보유,,missing,,,,보유,,missing,,,,보유,,missing,,,,보유,,missing,,,,보유,,missing,
2025-04,이엔에프테크놀로지,보유,,102710,enf_tech,반도체,2025-04-30,bt_2025_2026_v49,missing,,,,,보유,,missing,,,,보유,,missing,,,,보유,,missing,,,,보유,,missing,,,,보유,,missing,,,,보유,,missing,
2025-04,티씨케이,보유,,064760,tck,반도체,2025-04-30,bt_2025_2026_v49,missing,,,,,보유,,missing,,,,보유,,missing,,,,보유,,missing,,,,보유,,missing,,,,보유,,missing,,,,보유,,missing,
2025-04,월덱스,보유,,101160,woldex,반도체,2025-04-30,bt_2025_2026_v49,missing,,,,,보유,,missing,,,,보유,,missing,,,,보유,,missing,,,,보유,,missing,,,,보유,,missing,,,,보유,,missing,
2025-04,ISC,보유,,095340,isc,반도체,2025-04-30,bt_2025_2026_v49,missing,,,,,보유,,missing,,,,보유,,missing,,,,보유,,missing,,,,보유,,missing,,,,보유,,missing,,,,보유,,missing,
2025-04,SFA반도체,보유,,036540,sfa_semicon,반도체,2025-04-30,bt_2025_2026_v49,missing,,,,,보유,,missing,,,,보유,,missing,,,,보유,,missing,,,,보유,,missing,,,,보유,,missing,,,,보유,,missing,
2025-04,두산테스나,보유,,131970,doosan_tesna,반도체,2025-04-30,bt_2025_2026_v49,missing,,,,,보유,,missing,,,,보유,,missing,,,,보유,,missing,,,,보유,,missing,,,,보유,,missing,,,,보유,,missing,
2025-04,리노공업,보유,,058470,leeno,반도체,2025-04-30,bt_2025_2026_v49,missing,,,,,보유,,missing,,,,보유,,missing,,,,보유,,missing,,,,보유,,missing,,,,보유,,missing,,,,보유,,missing,
2025-05,네패스,보유,,033640,nepes,반도체,2025-05-31,bt_2025_2026_v49,missing,,,,,보유,,missing,,,,보유,,missing,,,,보유,,missing,,,,보유,,missing,,,,보유,,missing,,,,보유,,missing,
2025-05,한미반도체,보유,,042700,hanmi,반도체,2025-05-31,bt_2025_2026_v49,missing,,,,,보유,,missing,,,,보유,,missing,,,,보유,,missing,,,,보유,,missing,,,,보유,,missing,,,,보유,,missing,
2025-05,한솔케미칼,보유,,014680,hansol,반도체,2025-05-31,bt_2025_2026_v49,missing,,,,,보유,,missing,,,,보유,,missing,,,,보유,,missing,,,,보유,,missing,,,,보유,,missing,,,,보유,,missing,
2025-05,덕산테코피아,보유,,317330,duksan,반도체,2025-05-31,bt_2025_2026_v49,missing,,,,,보유,,missing,,,,보유,,missing,,,,보유,,missing,,,,보유,,missing,,,,보유,,missing,,,,보유,,missing,
2025-05,엘티씨,보유,,170920,ltc,반도체,2025-05-31,bt_2025_2026_v49,missing,,,,,보유,,missing,,,,보유,,missing,,,,보유,,missing,,,,보유,,missing,,,,보유,,missing,,,,보유,,missing,
2025-05,DB하이텍,보유,,000990,dbhitek,반도체,2025-05-31,bt_2025_2026_v49,missing,,,,,보유,,missing,,,,보유,,missing,,,,보유,,missing,,,,보유,,missing,,,,보유,,missing,,,,보유,,missing,
2025-05,미코,보유,,059090,mico,반도체,2025-05-31,bt_2025_2026_v49,missing,,,,,보유,,missing,,,,보유,,missing,,,,보유,,missing,,,,보유,,missing,,,,보유,,missing,,,,보유,,missing,
2025-05,LX세미콘,보유,,108320,lxsemicon,반도체,2025-05-31,bt_2025_2026_v49,missing,,,,,보유,,missing,,,,보유,,missing,,,,보유,,missing,,,,보유,,missing,,,,보유,,missing,,,,보유,,missing,
2025-05,제주반도체,보유,,080220,jeju_semicon,반도체,2025-05-31,bt_2025_2026_v49,missing,,,,,보유,,missing,,,,보유,,missing,,,,보유,,missing,,,,보유,,missing,,,,보유,,missing,,,,보유,,missing,
2025-05,어보브반도체,보유,,102120,abov,반도체,2025-05-31,bt_2025_2026_v49,missing,,,,,보유,,missing,,,,보유,,missing,,,,보유,,missing,,,,보유,,missing,,,,보유,,missing,,,,보유,,missing,
2025-05,텔레칩스,보유,,054450,telechips,반도체,2025-05-31,bt_2025_2026_v49,missing,,,,,보유,,missing,,,,보유,,missing,,,,보유,,missing,,,,보유,,missing,,,,보유,,missing,,,,보유,,missing,
2025-05,코아시아,보유,,045970,coasia,반도체,2025-05-31,bt_2025_2026_v49,missing,,,,,보유,,missing,,,,보유,,missing,,,,보유,,missing,,,,보유,,missing,,,,보유,,missing,,,,보유,,missing,
2025-05,가온칩스,보유,,399720,gaochips,반도체,2025-05-31,bt_2025_2026_v49,missing,,,,,보유,,missing,,,,보유,,missing,,,,보유,,missing,,,,보유,,missing,,,,보유,,missing,,,,보유,,missing,
2025-05,원익IPS,보유,,240810,wonik_ips,반도체,2025-05-31,bt_2025_2026_v49,missing,,,,,보유,,missing,,,,보유,,missing,,,,보유,,missing,,,,보유,,missing,,,,보유,,missing,,,,보유,,missing,
2025-05,유진테크,보유,,084370,eugene_tech,반도체,2025-05-31,bt_2025_2026_v49,missing,,,,,보유,,missing,,,,보유,,missing,,,,보유,,missing,,,,보유,,missing,,,,보유,,missing,,,,보유,,missing,
2025-05,피에스케이,보유,,319660,psk,반도체,2025-05-31,bt_2025_2026_v49,missing,,,,,보유,,missing,,,,보유,,missing,,,,보유,,missing,,,,보유,,missing,,,,보유,,missing,,,,보유,,missing,
2025-05,테스,보유,,095610,tes,반도체,2025-05-31,bt_2025_2026_v49,missing,,,,,보유,,missing,,,,보유,,missing,,,,보유,,missing,,,,보유,,missing,,,,보유,,missing,,,,보유,,missing,
2025-05,GST,보유,,083450,gst,반도체,2025-05-31,bt_2025_2026_v49,missing,,,,,보유,,missing,,,,보유,,missing,,,,보유,,missing,,,,보유,,missing,,,,보유,,missing,,,,보유,,missing,
2025-05,에스티아이,보유,,039440,sti,반도체,2025-05-31,bt_2025_2026_v49,missing,,,,,보유,,missing,,,,보유,,missing,,,,보유,,missing,,,,보유,,missing,,,,보유,,missing,,,,보유,,missing,
2025-05,넥스틴,보유,,348210,nextin,반도체,2025-05-31,bt_2025_2026_v49,missing,,,,,보유,,missing,,,,보유,,missing,,,,보유,,missing,,,,보유,,missing,,,,보유,,missing,,,,보유,,missing,
2025-05,솔브레인,보유,,357780,soulbrain,반도체,2025-05-31,bt_2025_2026_v49,missing,,,,,보유,,missing,,,,보유,,missing,,,,보유,,missing,,,,보유,,missing,,,,보유,,missing,,,,보유,,missing,
2025-05,동진쎄미켐,보유,,005290,dongjin_semichem,반도체,2025-05-31,bt_2025_2026_v49,missing,,,,,보유,,missing,,,,보유,,missing,,,,보유,,missing,,,,보유,,missing,,,,보유,,missing,,,,보유,,missing,
2025-05,원익머트리얼즈,보유,,104830,wonik_materials,반도체,2025-05-31,bt_2025_2026_v49,missing,,,,,보유,,missing,,,,보유,,missing,,,,보유,,missing,,,,보유,,missing,,,,보유,,missing,,,,보유,,missing,
2025-05,이엔에프테크놀로지,보유,,102710,enf_tech,반도체,2025-05-31,bt_2025_2026_v49,missing,,,,,보유,,missing,,,,보유,,missing,,,,보유,,missing,,,,보유,,missing,,,,보유,,missing,,,,보유,,missing,
2025-05,티씨케이,보유,,064760,tck,반도체,2025-05-31,bt_2025_2026_v49,missing,,,,,보유,,missing,,,,보유,,missing,,,,보유,,missing,,,,보유,,missing,,,,보유,,missing,,,,보유,,missing,
2025-05,월덱스,보유,,101160,woldex,반도체,2025-05-31,bt_2025_2026_v49,missing,,,,,보유,,missing,,,,보유,,missing,,,,보유,,missing,,,,보유,,missing,,,,보유,,missing,,,,보유,,missing,
2025-05,ISC,보유,,095340,isc,반도체,2025-05-31,bt_2025_2026_v49,missing,,,,,보유,,missing,,,,보유,,missing,,,,보유,,missing,,,,보유,,missing,,,,보유,,missing,,,,보유,,missing,
2025-05,SFA반도체,보유,,036540,sfa_semicon,반도체,2025-05-31,bt_2025_2026_v49,missing,,,,,보유,,missing,,,,보유,,missing,,,,보유,,missing,,,,보유,,missing,,,,보유,,missing,,,,보유,,missing,
2025-05,두산테스나,보유,,131970,doosan_tesna,반도체,2025-05-31,bt_2025_2026_v49,missing,,,,,보유,,missing,,,,보유,,missing,,,,보유,,missing,,,,보유,,missing,,,,보유,,missing,,,,보유,,missing,
2025-05,리노공업,보유,,058470,leeno,반도체,2025-05-31,bt_2025_2026_v49,missing,,,,,보유,,missing,,,,보유,,missing,,,,보유,,missing,,,,보유,,missing,,,,보유,,missing,,,,보유,,missing,
2025-06,네패스,보유,,033640,nepes,반도체,2025-06-30,bt_2025_2026_v49,missing,,,,,보유,,missing,,,,보유,,missing,,,,보유,,missing,,,,보유,,missing,,,,보유,,missing,,,,보유,,missing,
2025-06,한미반도체,보유,,042700,hanmi,반도체,2025-06-30,bt_2025_2026_v49,missing,,,,,보유,,missing,,,,보유,,missing,,,,보유,,missing,,,,보유,,missing,,,,보유,,missing,,,,보유,,missing,
2025-06,한솔케미칼,보유,,014680,hansol,반도체,2025-06-30,bt_2025_2026_v49,missing,,,,,보유,,missing,,,,보유,,missing,,,,보유,,missing,,,,보유,,missing,,,,보유,,missing,,,,보유,,missing,
2025-06,덕산테코피아,보유,,317330,duksan,반도체,2025-06-30,bt_2025_2026_v49,missing,,,,,보유,,missing,,,,보유,,missing,,,,보유,,missing,,,,보유,,missing,,,,보유,,missing,,,,보유,,missing,
2025-06,엘티씨,보유,,170920,ltc,반도체,2025-06-30,bt_2025_2026_v49,missing,,,,,보유,,missing,,,,보유,,missing,,,,보유,,missing,,,,보유,,missing,,,,보유,,missing,,,,보유,,missing,
2025-06,DB하이텍,보유,,000990,dbhitek,반도체,2025-06-30,bt_2025_2026_v49,missing,,,,,보유,,missing,,,,보유,,missing,,,,보유,,missing,,,,보유,,missing,,,,보유,,missing,,,,보유,,missing,
2025-06,미코,보유,,059090,mico,반도체,2025-06-30,bt_2025_2026_v49,missing,,,,,보유,,missing,,,,보유,,missing,,,,보유,,missing,,,,보유,,missing,,,,보유,,missing,,,,보유,,missing,
2025-06,LX세미콘,보유,,108320,lxsemicon,반도체,2025-06-30,bt_2025_2026_v49,missing,,,,,보유,,missing,,,,보유,,missing,,,,보유,,missing,,,,보유,,missing,,,,보유,,missing,,,,보유,,missing,
2025-06,제주반도체,보유,,080220,jeju_semicon,반도체,2025-06-30,bt_2025_2026_v49,missing,,,,,보유,,missing,,,,보유,,missing,,,,보유,,missing,,,,보유,,missing,,,,보유,,missing,,,,보유,,missing,
2025-06,어보브반도체,보유,,102120,abov,반도체,2025-06-30,bt_2025_2026_v49,missing,,,,,보유,,missing,,,,보유,,missing,,,,보유,,missing,,,,보유,,missing,,,,보유,,missing,,,,보유,,missing,
2025-06,텔레칩스,보유,,054450,telechips,반도체,2025-06-30,bt_2025_2026_v49,missing,,,,,보유,,missing,,,,보유,,missing,,,,보유,,missing,,,,보유,,missing,,,,보유,,missing,,,,보유,,missing,
2025-06,코아시아,보유,,045970,coasia,반도체,2025-06-30,bt_2025_2026_v49,missing,,,,,보유,,missing,,,,보유,,missing,,,,보유,,missing,,,,보유,,missing,,,,보유,,missing,,,,보유,,missing,
2025-06,가온칩스,보유,,399720,gaochips,반도체,2025-06-30,bt_2025_2026_v49,missing,,,,,보유,,missing,,,,보유,,missing,,,,보유,,missing,,,,보유,,missing,,,,보유,,missing,,,,보유,,missing,
2025-06,원익IPS,보유,,240810,wonik_ips,반도체,2025-06-30,bt_2025_2026_v49,missing,,,,,보유,,missing,,,,보유,,missing,,,,보유,,missing,,,,보유,,missing,,,,보유,,missing,,,,보유,,missing,
2025-06,유진테크,보유,,084370,eugene_tech,반도체,2025-06-30,bt_2025_2026_v49,missing,,,,,보유,,missing,,,,보유,,missing,,,,보유,,missing,,,,보유,,missing,,,,보유,,missing,,,,보유,,missing,
2025-06,피에스케이,보유,,319660,psk,반도체,2025-06-30,bt_2025_2026_v49,missing,,,,,보유,,missing,,,,보유,,missing,,,,보유,,missing,,,,보유,,missing,,,,보유,,missing,,,,보유,,missing,
2025-06,테스,보유,,095610,tes,반도체,2025-06-30,bt_2025_2026_v49,missing,,,,,보유,,missing,,,,보유,,missing,,,,보유,,missing,,,,보유,,missing,,,,보유,,missing,,,,보유,,missing,
2025-06,GST,보유,,083450,gst,반도체,2025-06-30,bt_2025_2026_v49,missing,,,,,보유,,missing,,,,보유,,missing,,,,보유,,missing,,,,보유,,missing,,,,보유,,missing,,,,보유,,missing,
2025-06,에스티아이,보유,,039440,sti,반도체,2025-06-30,bt_2025_2026_v49,missing,,,,,보유,,missing,,,,보유,,missing,,,,보유,,missing,,,,보유,,missing,,,,보유,,missing,,,,보유,,missing,
2025-06,넥스틴,보유,,348210,nextin,반도체,2025-06-30,bt_2025_2026_v49,missing,,,,,보유,,missing,,,,보유,,missing,,,,보유,,missing,,,,보유,,missing,,,,보유,,missing,,,,보유,,missing,
2025-06,솔브레인,보유,,357780,soulbrain,반도체,2025-06-30,bt_2025_2026_v49,missing,,,,,보유,,missing,,,,보유,,missing,,,,보유,,missing,,,,보유,,missing,,,,보유,,missing,,,,보유,,missing,
2025-06,동진쎄미켐,보유,,005290,dongjin_semichem,반도체,2025-06-30,bt_2025_2026_v49,missing,,,,,보유,,missing,,,,보유,,missing,,,,보유,,missing,,,,보유,,missing,,,,보유,,missing,,,,보유,,missing,
2025-06,원익머트리얼즈,보유,,104830,wonik_materials,반도체,2025-06-30,bt_2025_2026_v49,missing,,,,,보유,,missing,,,,보유,,missing,,,,보유,,missing,,,,보유,,missing,,,,보유,,missing,,,,보유,,missing,
2025-06,이엔에프테크놀로지,보유,,102710,enf_tech,반도체,2025-06-30,bt_2025_2026_v49,missing,,,,,보유,,missing,,,,보유,,missing,,,,보유,,missing,,,,보유,,missing,,,,보유,,missing,,,,보유,,missing,
2025-06,티씨케이,보유,,064760,tck,반도체,2025-06-30,bt_2025_2026_v49,missing,,,,,보유,,missing,,,,보유,,missing,,,,보유,,missing,,,,보유,,missing,,,,보유,,missing,,,,보유,,missing,
2025-06,월덱스,보유,,101160,woldex,반도체,2025-06-30,bt_2025_2026_v49,missing,,,,,보유,,missing,,,,보유,,missing,,,,보유,,missing,,,,보유,,missing,,,,보유,,missing,,,,보유,,missing,
2025-06,ISC,보유,,095340,isc,반도체,2025-06-30,bt_2025_2026_v49,missing,,,,,보유,,missing,,,,보유,,missing,,,,보유,,missing,,,,보유,,missing,,,,보유,,missing,,,,보유,,missing,
2025-06,SFA반도체,보유,,036540,sfa_semicon,반도체,2025-06-30,bt_2025_2026_v49,missing,,,,,보유,,missing,,,,보유,,missing,,,,보유,,missing,,,,보유,,missing,,,,보유,,missing,,,,보유,,missing,
2025-06,두산테스나,보유,,131970,doosan_tesna,반도체,2025-06-30,bt_2025_2026_v49,missing,,,,,보유,,missing,,,,보유,,missing,,,,보유,,missing,,,,보유,,missing,,,,보유,,missing,,,,보유,,missing,
2025-06,리노공업,보유,,058470,leeno,반도체,2025-06-30,bt_2025_2026_v49,missing,,,,,보유,,missing,,,,보유,,missing,,,,보유,,missing,,,,보유,,missing,,,,보유,,missing,,,,보유,,missing,
2025-07,네패스,보유,,033640,nepes,반도체,2025-07-31,bt_2025_2026_v49,missing,,,,,보유,,missing,,,,보유,,missing,,,,보유,,missing,,,,보유,,missing,,,,보유,,missing,,,,보유,,missing,
2025-07,한미반도체,보유,,042700,hanmi,반도체,2025-07-31,bt_2025_2026_v49,missing,,,,,보유,,missing,,,,보유,,missing,,,,보유,,missing,,,,보유,,missing,,,,보유,,missing,,,,보유,,missing,
2025-07,한솔케미칼,보유,,014680,hansol,반도체,2025-07-31,bt_2025_2026_v49,missing,,,,,보유,,missing,,,,보유,,missing,,,,보유,,missing,,,,보유,,missing,,,,보유,,missing,,,,보유,,missing,
2025-07,덕산테코피아,보유,,317330,duksan,반도체,2025-07-31,bt_2025_2026_v49,missing,,,,,보유,,missing,,,,보유,,missing,,,,보유,,missing,,,,보유,,missing,,,,보유,,missing,,,,보유,,missing,
2025-07,엘티씨,보유,,170920,ltc,반도체,2025-07-31,bt_2025_2026_v49,missing,,,,,보유,,missing,,,,보유,,missing,,,,보유,,missing,,,,보유,,missing,,,,보유,,missing,,,,보유,,missing,
2025-07,DB하이텍,보유,,000990,dbhitek,반도체,2025-07-31,bt_2025_2026_v49,missing,,,,,보유,,missing,,,,보유,,missing,,,,보유,,missing,,,,보유,,missing,,,,보유,,missing,,,,보유,,missing,
2025-07,미코,보유,,059090,mico,반도체,2025-07-31,bt_2025_2026_v49,missing,,,,,보유,,missing,,,,보유,,missing,,,,보유,,missing,,,,보유,,missing,,,,보유,,missing,,,,보유,,missing,
2025-07,LX세미콘,보유,,108320,lxsemicon,반도체,2025-07-31,bt_2025_2026_v49,missing,,,,,보유,,missing,,,,보유,,missing,,,,보유,,missing,,,,보유,,missing,,,,보유,,missing,,,,보유,,missing,
2025-07,제주반도체,보유,,080220,jeju_semicon,반도체,2025-07-31,bt_2025_2026_v49,missing,,,,,보유,,missing,,,,보유,,missing,,,,보유,,missing,,,,보유,,missing,,,,보유,,missing,,,,보유,,missing,
2025-07,어보브반도체,보유,,102120,abov,반도체,2025-07-31,bt_2025_2026_v49,missing,,,,,보유,,missing,,,,보유,,missing,,,,보유,,missing,,,,보유,,missing,,,,보유,,missing,,,,보유,,missing,
2025-07,텔레칩스,보유,,054450,telechips,반도체,2025-07-31,bt_2025_2026_v49,missing,,,,,보유,,missing,,,,보유,,missing,,,,보유,,missing,,,,보유,,missing,,,,보유,,missing,,,,보유,,missing,
2025-07,코아시아,보유,,045970,coasia,반도체,2025-07-31,bt_2025_2026_v49,missing,,,,,보유,,missing,,,,보유,,missing,,,,보유,,missing,,,,보유,,missing,,,,보유,,missing,,,,보유,,missing,
2025-07,가온칩스,보유,,399720,gaochips,반도체,2025-07-31,bt_2025_2026_v49,missing,,,,,보유,,missing,,,,보유,,missing,,,,보유,,missing,,,,보유,,missing,,,,보유,,missing,,,,보유,,missing,
2025-07,원익IPS,보유,,240810,wonik_ips,반도체,2025-07-31,bt_2025_2026_v49,missing,,,,,보유,,missing,,,,보유,,missing,,,,보유,,missing,,,,보유,,missing,,,,보유,,missing,,,,보유,,missing,
2025-07,유진테크,보유,,084370,eugene_tech,반도체,2025-07-31,bt_2025_2026_v49,missing,,,,,보유,,missing,,,,보유,,missing,,,,보유,,missing,,,,보유,,missing,,,,보유,,missing,,,,보유,,missing,
2025-07,피에스케이,보유,,319660,psk,반도체,2025-07-31,bt_2025_2026_v49,missing,,,,,보유,,missing,,,,보유,,missing,,,,보유,,missing,,,,보유,,missing,,,,보유,,missing,,,,보유,,missing,
2025-07,테스,보유,,095610,tes,반도체,2025-07-31,bt_2025_2026_v49,missing,,,,,보유,,missing,,,,보유,,missing,,,,보유,,missing,,,,보유,,missing,,,,보유,,missing,,,,보유,,missing,
2025-07,GST,보유,,083450,gst,반도체,2025-07-31,bt_2025_2026_v49,missing,,,,,보유,,missing,,,,보유,,missing,,,,보유,,missing,,,,보유,,missing,,,,보유,,missing,,,,보유,,missing,
2025-07,에스티아이,보유,,039440,sti,반도체,2025-07-31,bt_2025_2026_v49,missing,,,,,보유,,missing,,,,보유,,missing,,,,보유,,missing,,,,보유,,missing,,,,보유,,missing,,,,보유,,missing,
2025-07,넥스틴,보유,,348210,nextin,반도체,2025-07-31,bt_2025_2026_v49,missing,,,,,보유,,missing,,,,보유,,missing,,,,보유,,missing,,,,보유,,missing,,,,보유,,missing,,,,보유,,missing,
2025-07,솔브레인,보유,,357780,soulbrain,반도체,2025-07-31,bt_2025_2026_v49,missing,,,,,보유,,missing,,,,보유,,missing,,,,보유,,missing,,,,보유,,missing,,,,보유,,missing,,,,보유,,missing,
2025-07,동진쎄미켐,보유,,005290,dongjin_semichem,반도체,2025-07-31,bt_2025_2026_v49,missing,,,,,보유,,missing,,,,보유,,missing,,,,보유,,missing,,,,보유,,missing,,,,보유,,missing,,,,보유,,missing,
2025-07,원익머트리얼즈,보유,,104830,wonik_materials,반도체,2025-07-31,bt_2025_2026_v49,missing,,,,,보유,,missing,,,,보유,,missing,,,,보유,,missing,,,,보유,,missing,,,,보유,,missing,,,,보유,,missing,
2025-07,이엔에프테크놀로지,보유,,102710,enf_tech,반도체,2025-07-31,bt_2025_2026_v49,missing,,,,,보유,,missing,,,,보유,,missing,,,,보유,,missing,,,,보유,,missing,,,,보유,,missing,,,,보유,,missing,
2025-07,티씨케이,보유,,064760,tck,반도체,2025-07-31,bt_2025_2026_v49,missing,,,,,보유,,missing,,,,보유,,missing,,,,보유,,missing,,,,보유,,missing,,,,보유,,missing,,,,보유,,missing,
2025-07,월덱스,보유,,101160,woldex,반도체,2025-07-31,bt_2025_2026_v49,missing,,,,,보유,,missing,,,,보유,,missing,,,,보유,,missing,,,,보유,,missing,,,,보유,,missing,,,,보유,,missing,
2025-07,ISC,보유,,095340,isc,반도체,2025-07-31,bt_2025_2026_v49,missing,,,,,보유,,missing,,,,보유,,missing,,,,보유,,missing,,,,보유,,missing,,,,보유,,missing,,,,보유,,missing,
2025-07,SFA반도체,보유,,036540,sfa_semicon,반도체,2025-07-31,bt_2025_2026_v49,missing,,,,,보유,,missing,,,,보유,,missing,,,,보유,,missing,,,,보유,,missing,,,,보유,,missing,,,,보유,,missing,
2025-07,두산테스나,보유,,131970,doosan_tesna,반도체,2025-07-31,bt_2025_2026_v49,missing,,,,,보유,,missing,,,,보유,,missing,,,,보유,,missing,,,,보유,,missing,,,,보유,,missing,,,,보유,,missing,
2025-07,리노공업,보유,,058470,leeno,반도체,2025-07-31,bt_2025_2026_v49,missing,,,,,보유,,missing,,,,보유,,missing,,,,보유,,missing,,,,보유,,missing,,,,보유,,missing,,,,보유,,missing,
2025-08,네패스,보유,,033640,nepes,반도체,2025-08-31,bt_2025_2026_v49,missing,,,,,보유,,missing,,,,보유,,missing,,,,보유,,missing,,,,보유,,missing,,,,보유,,missing,,,,보유,,missing,
2025-08,한미반도체,보유,,042700,hanmi,반도체,2025-08-31,bt_2025_2026_v49,missing,,,,,보유,,missing,,,,보유,,missing,,,,보유,,missing,,,,보유,,missing,,,,보유,,missing,,,,보유,,missing,
2025-08,한솔케미칼,보유,,014680,hansol,반도체,2025-08-31,bt_2025_2026_v49,missing,,,,,보유,,missing,,,,보유,,missing,,,,보유,,missing,,,,보유,,missing,,,,보유,,missing,,,,보유,,missing,
2025-08,덕산테코피아,보유,,317330,duksan,반도체,2025-08-31,bt_2025_2026_v49,missing,,,,,보유,,missing,,,,보유,,missing,,,,보유,,missing,,,,보유,,missing,,,,보유,,missing,,,,보유,,missing,
2025-08,엘티씨,보유,,170920,ltc,반도체,2025-08-31,bt_2025_2026_v49,missing,,,,,보유,,missing,,,,보유,,missing,,,,보유,,missing,,,,보유,,missing,,,,보유,,missing,,,,보유,,missing,
2025-08,DB하이텍,보유,,000990,dbhitek,반도체,2025-08-31,bt_2025_2026_v49,missing,,,,,보유,,missing,,,,보유,,missing,,,,보유,,missing,,,,보유,,missing,,,,보유,,missing,,,,보유,,missing,
2025-08,미코,보유,,059090,mico,반도체,2025-08-31,bt_2025_2026_v49,missing,,,,,보유,,missing,,,,보유,,missing,,,,보유,,missing,,,,보유,,missing,,,,보유,,missing,,,,보유,,missing,
2025-08,LX세미콘,보유,,108320,lxsemicon,반도체,2025-08-31,bt_2025_2026_v49,missing,,,,,보유,,missing,,,,보유,,missing,,,,보유,,missing,,,,보유,,missing,,,,보유,,missing,,,,보유,,missing,
2025-08,제주반도체,보유,,080220,jeju_semicon,반도체,2025-08-31,bt_2025_2026_v49,missing,,,,,보유,,missing,,,,보유,,missing,,,,보유,,missing,,,,보유,,missing,,,,보유,,missing,,,,보유,,missing,
2025-08,어보브반도체,보유,,102120,abov,반도체,2025-08-31,bt_2025_2026_v49,missing,,,,,보유,,missing,,,,보유,,missing,,,,보유,,missing,,,,보유,,missing,,,,보유,,missing,,,,보유,,missing,
2025-08,텔레칩스,보유,,054450,telechips,반도체,2025-08-31,bt_2025_2026_v49,missing,,,,,보유,,missing,,,,보유,,missing,,,,보유,,missing,,,,보유,,missing,,,,보유,,missing,,,,보유,,missing,
2025-08,코아시아,보유,,045970,coasia,반도체,2025-08-31,bt_2025_2026_v49,missing,,,,,보유,,missing,,,,보유,,missing,,,,보유,,missing,,,,보유,,missing,,,,보유,,missing,,,,보유,,missing,
2025-08,가온칩스,보유,,399720,gaochips,반도체,2025-08-31,bt_2025_2026_v49,missing,,,,,보유,,missing,,,,보유,,missing,,,,보유,,missing,,,,보유,,missing,,,,보유,,missing,,,,보유,,missing,
2025-08,원익IPS,보유,,240810,wonik_ips,반도체,2025-08-31,bt_2025_2026_v49,missing,,,,,보유,,missing,,,,보유,,missing,,,,보유,,missing,,,,보유,,missing,,,,보유,,missing,,,,보유,,missing,
2025-08,유진테크,보유,,084370,eugene_tech,반도체,2025-08-31,bt_2025_2026_v49,missing,,,,,보유,,missing,,,,보유,,missing,,,,보유,,missing,,,,보유,,missing,,,,보유,,missing,,,,보유,,missing,
2025-08,피에스케이,보유,,319660,psk,반도체,2025-08-31,bt_2025_2026_v49,missing,,,,,보유,,missing,,,,보유,,missing,,,,보유,,missing,,,,보유,,missing,,,,보유,,missing,,,,보유,,missing,
2025-08,테스,보유,,095610,tes,반도체,2025-08-31,bt_2025_2026_v49,missing,,,,,보유,,missing,,,,보유,,missing,,,,보유,,missing,,,,보유,,missing,,,,보유,,missing,,,,보유,,missing,
2025-08,GST,보유,,083450,gst,반도체,2025-08-31,bt_2025_2026_v49,missing,,,,,보유,,missing,,,,보유,,missing,,,,보유,,missing,,,,보유,,missing,,,,보유,,missing,,,,보유,,missing,
2025-08,에스티아이,보유,,039440,sti,반도체,2025-08-31,bt_2025_2026_v49,missing,,,,,보유,,missing,,,,보유,,missing,,,,보유,,missing,,,,보유,,missing,,,,보유,,missing,,,,보유,,missing,
2025-08,넥스틴,보유,,348210,nextin,반도체,2025-08-31,bt_2025_2026_v49,missing,,,,,보유,,missing,,,,보유,,missing,,,,보유,,missing,,,,보유,,missing,,,,보유,,missing,,,,보유,,missing,
2025-08,솔브레인,보유,,357780,soulbrain,반도체,2025-08-31,bt_2025_2026_v49,missing,,,,,보유,,missing,,,,보유,,missing,,,,보유,,missing,,,,보유,,missing,,,,보유,,missing,,,,보유,,missing,
2025-08,동진쎄미켐,보유,,005290,dongjin_semichem,반도체,2025-08-31,bt_2025_2026_v49,missing,,,,,보유,,missing,,,,보유,,missing,,,,보유,,missing,,,,보유,,missing,,,,보유,,missing,,,,보유,,missing,
2025-08,원익머트리얼즈,보유,,104830,wonik_materials,반도체,2025-08-31,bt_2025_2026_v49,missing,,,,,보유,,missing,,,,보유,,missing,,,,보유,,missing,,,,보유,,missing,,,,보유,,missing,,,,보유,,missing,
2025-08,이엔에프테크놀로지,보유,,102710,enf_tech,반도체,2025-08-31,bt_2025_2026_v49,missing,,,,,보유,,missing,,,,보유,,missing,,,,보유,,missing,,,,보유,,missing,,,,보유,,missing,,,,보유,,missing,
2025-08,티씨케이,보유,,064760,tck,반도체,2025-08-31,bt_2025_2026_v49,missing,,,,,보유,,missing,,,,보유,,missing,,,,보유,,missing,,,,보유,,missing,,,,보유,,missing,,,,보유,,missing,
2025-08,월덱스,보유,,101160,woldex,반도체,2025-08-31,bt_2025_2026_v49,missing,,,,,보유,,missing,,,,보유,,missing,,,,보유,,missing,,,,보유,,missing,,,,보유,,missing,,,,보유,,missing,
2025-08,ISC,보유,,095340,isc,반도체,2025-08-31,bt_2025_2026_v49,missing,,,,,보유,,missing,,,,보유,,missing,,,,보유,,missing,,,,보유,,missing,,,,보유,,missing,,,,보유,,missing,
2025-08,SFA반도체,보유,,036540,sfa_semicon,반도체,2025-08-31,bt_2025_2026_v49,missing,,,,,보유,,missing,,,,보유,,missing,,,,보유,,missing,,,,보유,,missing,,,,보유,,missing,,,,보유,,missing,
2025-08,두산테스나,보유,,131970,doosan_tesna,반도체,2025-08-31,bt_2025_2026_v49,missing,,,,,보유,,missing,,,,보유,,missing,,,,보유,,missing,,,,보유,,missing,,,,보유,,missing,,,,보유,,missing,
2025-08,리노공업,보유,,058470,leeno,반도체,2025-08-31,bt_2025_2026_v49,missing,,,,,보유,,missing,,,,보유,,missing,,,,보유,,missing,,,,보유,,missing,,,,보유,,missing,,,,보유,,missing,
2025-09,네패스,보유,,033640,nepes,반도체,2025-09-30,bt_2025_2026_v49,missing,,,,,보유,,missing,,,,보유,,missing,,,,보유,,missing,,,,보유,,missing,,,,보유,,missing,,,,보유,,missing,
2025-09,한미반도체,보유,,042700,hanmi,반도체,2025-09-30,bt_2025_2026_v49,missing,,,,,보유,,missing,,,,보유,,missing,,,,보유,,missing,,,,보유,,missing,,,,보유,,missing,,,,보유,,missing,
2025-09,한솔케미칼,보유,,014680,hansol,반도체,2025-09-30,bt_2025_2026_v49,missing,,,,,보유,,missing,,,,보유,,missing,,,,보유,,missing,,,,보유,,missing,,,,보유,,missing,,,,보유,,missing,
2025-09,덕산테코피아,보유,,317330,duksan,반도체,2025-09-30,bt_2025_2026_v49,missing,,,,,보유,,missing,,,,보유,,missing,,,,보유,,missing,,,,보유,,missing,,,,보유,,missing,,,,보유,,missing,
2025-09,엘티씨,보유,,170920,ltc,반도체,2025-09-30,bt_2025_2026_v49,missing,,,,,보유,,missing,,,,보유,,missing,,,,보유,,missing,,,,보유,,missing,,,,보유,,missing,,,,보유,,missing,
2025-09,DB하이텍,보유,,000990,dbhitek,반도체,2025-09-30,bt_2025_2026_v49,missing,,,,,보유,,missing,,,,보유,,missing,,,,보유,,missing,,,,보유,,missing,,,,보유,,missing,,,,보유,,missing,
2025-09,미코,보유,,059090,mico,반도체,2025-09-30,bt_2025_2026_v49,missing,,,,,보유,,missing,,,,보유,,missing,,,,보유,,missing,,,,보유,,missing,,,,보유,,missing,,,,보유,,missing,
2025-09,LX세미콘,보유,,108320,lxsemicon,반도체,2025-09-30,bt_2025_2026_v49,missing,,,,,보유,,missing,,,,보유,,missing,,,,보유,,missing,,,,보유,,missing,,,,보유,,missing,,,,보유,,missing,
2025-09,제주반도체,보유,,080220,jeju_semicon,반도체,2025-09-30,bt_2025_2026_v49,missing,,,,,보유,,missing,,,,보유,,missing,,,,보유,,missing,,,,보유,,missing,,,,보유,,missing,,,,보유,,missing,
2025-09,어보브반도체,보유,,102120,abov,반도체,2025-09-30,bt_2025_2026_v49,missing,,,,,보유,,missing,,,,보유,,missing,,,,보유,,missing,,,,보유,,missing,,,,보유,,missing,,,,보유,,missing,
2025-09,텔레칩스,보유,,054450,telechips,반도체,2025-09-30,bt_2025_2026_v49,missing,,,,,보유,,missing,,,,보유,,missing,,,,보유,,missing,,,,보유,,missing,,,,보유,,missing,,,,보유,,missing,
2025-09,코아시아,보유,,045970,coasia,반도체,2025-09-30,bt_2025_2026_v49,missing,,,,,보유,,missing,,,,보유,,missing,,,,보유,,missing,,,,보유,,missing,,,,보유,,missing,,,,보유,,missing,
2025-09,가온칩스,보유,,399720,gaochips,반도체,2025-09-30,bt_2025_2026_v49,missing,,,,,보유,,missing,,,,보유,,missing,,,,보유,,missing,,,,보유,,missing,,,,보유,,missing,,,,보유,,missing,
2025-09,원익IPS,보유,,240810,wonik_ips,반도체,2025-09-30,bt_2025_2026_v49,missing,,,,,보유,,missing,,,,보유,,missing,,,,보유,,missing,,,,보유,,missing,,,,보유,,missing,,,,보유,,missing,
2025-09,유진테크,보유,,084370,eugene_tech,반도체,2025-09-30,bt_2025_2026_v49,missing,,,,,보유,,missing,,,,보유,,missing,,,,보유,,missing,,,,보유,,missing,,,,보유,,missing,,,,보유,,missing,
2025-09,피에스케이,보유,,319660,psk,반도체,2025-09-30,bt_2025_2026_v49,missing,,,,,보유,,missing,,,,보유,,missing,,,,보유,,missing,,,,보유,,missing,,,,보유,,missing,,,,보유,,missing,
2025-09,테스,보유,,095610,tes,반도체,2025-09-30,bt_2025_2026_v49,missing,,,,,보유,,missing,,,,보유,,missing,,,,보유,,missing,,,,보유,,missing,,,,보유,,missing,,,,보유,,missing,
2025-09,GST,보유,,083450,gst,반도체,2025-09-30,bt_2025_2026_v49,missing,,,,,보유,,missing,,,,보유,,missing,,,,보유,,missing,,,,보유,,missing,,,,보유,,missing,,,,보유,,missing,
2025-09,에스티아이,보유,,039440,sti,반도체,2025-09-30,bt_2025_2026_v49,missing,,,,,보유,,missing,,,,보유,,missing,,,,보유,,missing,,,,보유,,missing,,,,보유,,missing,,,,보유,,missing,
2025-09,넥스틴,보유,,348210,nextin,반도체,2025-09-30,bt_2025_2026_v49,missing,,,,,보유,,missing,,,,보유,,missing,,,,보유,,missing,,,,보유,,missing,,,,보유,,missing,,,,보유,,missing,
2025-09,솔브레인,보유,,357780,soulbrain,반도체,2025-09-30,bt_2025_2026_v49,missing,,,,,보유,,missing,,,,보유,,missing,,,,보유,,missing,,,,보유,,missing,,,,보유,,missing,,,,보유,,missing,
2025-09,동진쎄미켐,보유,,005290,dongjin_semichem,반도체,2025-09-30,bt_2025_2026_v49,missing,,,,,보유,,missing,,,,보유,,missing,,,,보유,,missing,,,,보유,,missing,,,,보유,,missing,,,,보유,,missing,
2025-09,원익머트리얼즈,보유,,104830,wonik_materials,반도체,2025-09-30,bt_2025_2026_v49,missing,,,,,보유,,missing,,,,보유,,missing,,,,보유,,missing,,,,보유,,missing,,,,보유,,missing,,,,보유,,missing,
2025-09,이엔에프테크놀로지,보유,,102710,enf_tech,반도체,2025-09-30,bt_2025_2026_v49,missing,,,,,보유,,missing,,,,보유,,missing,,,,보유,,missing,,,,보유,,missing,,,,보유,,missing,,,,보유,,missing,
2025-09,티씨케이,보유,,064760,tck,반도체,2025-09-30,bt_2025_2026_v49,missing,,,,,보유,,missing,,,,보유,,missing,,,,보유,,missing,,,,보유,,missing,,,,보유,,missing,,,,보유,,missing,
2025-09,월덱스,보유,,101160,woldex,반도체,2025-09-30,bt_2025_2026_v49,missing,,,,,보유,,missing,,,,보유,,missing,,,,보유,,missing,,,,보유,,missing,,,,보유,,missing,,,,보유,,missing,
2025-09,ISC,보유,,095340,isc,반도체,2025-09-30,bt_2025_2026_v49,missing,,,,,보유,,missing,,,,보유,,missing,,,,보유,,missing,,,,보유,,missing,,,,보유,,missing,,,,보유,,missing,
2025-09,SFA반도체,보유,,036540,sfa_semicon,반도체,2025-09-30,bt_2025_2026_v49,missing,,,,,보유,,missing,,,,보유,,missing,,,,보유,,missing,,,,보유,,missing,,,,보유,,missing,,,,보유,,missing,
2025-09,두산테스나,보유,,131970,doosan_tesna,반도체,2025-09-30,bt_2025_2026_v49,missing,,,,,보유,,missing,,,,보유,,missing,,,,보유,,missing,,,,보유,,missing,,,,보유,,missing,,,,보유,,missing,
2025-09,리노공업,보유,,058470,leeno,반도체,2025-09-30,bt_2025_2026_v49,missing,,,,,보유,,missing,,,,보유,,missing,,,,보유,,missing,,,,보유,,missing,,,,보유,,missing,,,,보유,,missing,
2025-10,네패스,보유,,033640,nepes,반도체,2025-10-31,bt_2025_2026_v49,missing,,,,,보유,,missing,,,,보유,,missing,,,,보유,,missing,,,,보유,,missing,,,,보유,,missing,,,,보유,,missing,
2025-10,한미반도체,보유,,042700,hanmi,반도체,2025-10-31,bt_2025_2026_v49,missing,,,,,보유,,missing,,,,보유,,missing,,,,보유,,missing,,,,보유,,missing,,,,보유,,missing,,,,보유,,missing,
2025-10,한솔케미칼,보유,,014680,hansol,반도체,2025-10-31,bt_2025_2026_v49,missing,,,,,보유,,missing,,,,보유,,missing,,,,보유,,missing,,,,보유,,missing,,,,보유,,missing,,,,보유,,missing,
2025-10,덕산테코피아,보유,,317330,duksan,반도체,2025-10-31,bt_2025_2026_v49,missing,,,,,보유,,missing,,,,보유,,missing,,,,보유,,missing,,,,보유,,missing,,,,보유,,missing,,,,보유,,missing,
2025-10,엘티씨,보유,,170920,ltc,반도체,2025-10-31,bt_2025_2026_v49,missing,,,,,보유,,missing,,,,보유,,missing,,,,보유,,missing,,,,보유,,missing,,,,보유,,missing,,,,보유,,missing,
2025-10,DB하이텍,보유,,000990,dbhitek,반도체,2025-10-31,bt_2025_2026_v49,missing,,,,,보유,,missing,,,,보유,,missing,,,,보유,,missing,,,,보유,,missing,,,,보유,,missing,,,,보유,,missing,
2025-10,미코,보유,,059090,mico,반도체,2025-10-31,bt_2025_2026_v49,missing,,,,,보유,,missing,,,,보유,,missing,,,,보유,,missing,,,,보유,,missing,,,,보유,,missing,,,,보유,,missing,
2025-10,LX세미콘,보유,,108320,lxsemicon,반도체,2025-10-31,bt_2025_2026_v49,missing,,,,,보유,,missing,,,,보유,,missing,,,,보유,,missing,,,,보유,,missing,,,,보유,,missing,,,,보유,,missing,
2025-10,제주반도체,보유,,080220,jeju_semicon,반도체,2025-10-31,bt_2025_2026_v49,missing,,,,,보유,,missing,,,,보유,,missing,,,,보유,,missing,,,,보유,,missing,,,,보유,,missing,,,,보유,,missing,
2025-10,어보브반도체,보유,,102120,abov,반도체,2025-10-31,bt_2025_2026_v49,missing,,,,,보유,,missing,,,,보유,,missing,,,,보유,,missing,,,,보유,,missing,,,,보유,,missing,,,,보유,,missing,
2025-10,텔레칩스,보유,,054450,telechips,반도체,2025-10-31,bt_2025_2026_v49,missing,,,,,보유,,missing,,,,보유,,missing,,,,보유,,missing,,,,보유,,missing,,,,보유,,missing,,,,보유,,missing,
2025-10,코아시아,보유,,045970,coasia,반도체,2025-10-31,bt_2025_2026_v49,missing,,,,,보유,,missing,,,,보유,,missing,,,,보유,,missing,,,,보유,,missing,,,,보유,,missing,,,,보유,,missing,
2025-10,가온칩스,보유,,399720,gaochips,반도체,2025-10-31,bt_2025_2026_v49,missing,,,,,보유,,missing,,,,보유,,missing,,,,보유,,missing,,,,보유,,missing,,,,보유,,missing,,,,보유,,missing,
2025-10,원익IPS,보유,,240810,wonik_ips,반도체,2025-10-31,bt_2025_2026_v49,missing,,,,,보유,,missing,,,,보유,,missing,,,,보유,,missing,,,,보유,,missing,,,,보유,,missing,,,,보유,,missing,
2025-10,유진테크,보유,,084370,eugene_tech,반도체,2025-10-31,bt_2025_2026_v49,missing,,,,,보유,,missing,,,,보유,,missing,,,,보유,,missing,,,,보유,,missing,,,,보유,,missing,,,,보유,,missing,
2025-10,피에스케이,보유,,319660,psk,반도체,2025-10-31,bt_2025_2026_v49,missing,,,,,보유,,missing,,,,보유,,missing,,,,보유,,missing,,,,보유,,missing,,,,보유,,missing,,,,보유,,missing,
2025-10,테스,보유,,095610,tes,반도체,2025-10-31,bt_2025_2026_v49,missing,,,,,보유,,missing,,,,보유,,missing,,,,보유,,missing,,,,보유,,missing,,,,보유,,missing,,,,보유,,missing,
2025-10,GST,보유,,083450,gst,반도체,2025-10-31,bt_2025_2026_v49,missing,,,,,보유,,missing,,,,보유,,missing,,,,보유,,missing,,,,보유,,missing,,,,보유,,missing,,,,보유,,missing,
2025-10,에스티아이,보유,,039440,sti,반도체,2025-10-31,bt_2025_2026_v49,missing,,,,,보유,,missing,,,,보유,,missing,,,,보유,,missing,,,,보유,,missing,,,,보유,,missing,,,,보유,,missing,
2025-10,넥스틴,보유,,348210,nextin,반도체,2025-10-31,bt_2025_2026_v49,missing,,,,,보유,,missing,,,,보유,,missing,,,,보유,,missing,,,,보유,,missing,,,,보유,,missing,,,,보유,,missing,
2025-10,솔브레인,보유,,357780,soulbrain,반도체,2025-10-31,bt_2025_2026_v49,missing,,,,,보유,,missing,,,,보유,,missing,,,,보유,,missing,,,,보유,,missing,,,,보유,,missing,,,,보유,,missing,
2025-10,동진쎄미켐,보유,,005290,dongjin_semichem,반도체,2025-10-31,bt_2025_2026_v49,missing,,,,,보유,,missing,,,,보유,,missing,,,,보유,,missing,,,,보유,,missing,,,,보유,,missing,,,,보유,,missing,
2025-10,원익머트리얼즈,보유,,104830,wonik_materials,반도체,2025-10-31,bt_2025_2026_v49,missing,,,,,보유,,missing,,,,보유,,missing,,,,보유,,missing,,,,보유,,missing,,,,보유,,missing,,,,보유,,missing,
2025-10,이엔에프테크놀로지,보유,,102710,enf_tech,반도체,2025-10-31,bt_2025_2026_v49,missing,,,,,보유,,missing,,,,보유,,missing,,,,보유,,missing,,,,보유,,missing,,,,보유,,missing,,,,보유,,missing,
2025-10,티씨케이,보유,,064760,tck,반도체,2025-10-31,bt_2025_2026_v49,missing,,,,,보유,,missing,,,,보유,,missing,,,,보유,,missing,,,,보유,,missing,,,,보유,,missing,,,,보유,,missing,
2025-10,월덱스,보유,,101160,woldex,반도체,2025-10-31,bt_2025_2026_v49,missing,,,,,보유,,missing,,,,보유,,missing,,,,보유,,missing,,,,보유,,missing,,,,보유,,missing,,,,보유,,missing,
2025-10,ISC,보유,,095340,isc,반도체,2025-10-31,bt_2025_2026_v49,missing,,,,,보유,,missing,,,,보유,,missing,,,,보유,,missing,,,,보유,,missing,,,,보유,,missing,,,,보유,,missing,
2025-10,SFA반도체,보유,,036540,sfa_semicon,반도체,2025-10-31,bt_2025_2026_v49,missing,,,,,보유,,missing,,,,보유,,missing,,,,보유,,missing,,,,보유,,missing,,,,보유,,missing,,,,보유,,missing,
2025-10,두산테스나,보유,,131970,doosan_tesna,반도체,2025-10-31,bt_2025_2026_v49,missing,,,,,보유,,missing,,,,보유,,missing,,,,보유,,missing,,,,보유,,missing,,,,보유,,missing,,,,보유,,missing,
2025-10,리노공업,보유,,058470,leeno,반도체,2025-10-31,bt_2025_2026_v49,missing,,,,,보유,,missing,,,,보유,,missing,,,,보유,,missing,,,,보유,,missing,,,,보유,,missing,,,,보유,,missing,
2025-11,네패스,보유,,033640,nepes,반도체,2025-11-30,bt_2025_2026_v49,missing,,,,,보유,,missing,,,,보유,,missing,,,,보유,,missing,,,,보유,,missing,,,,보유,,missing,,,,보유,,missing,
2025-11,한미반도체,보유,,042700,hanmi,반도체,2025-11-30,bt_2025_2026_v49,missing,,,,,보유,,missing,,,,보유,,missing,,,,보유,,missing,,,,보유,,missing,,,,보유,,missing,,,,보유,,missing,
2025-11,한솔케미칼,보유,,014680,hansol,반도체,2025-11-30,bt_2025_2026_v49,missing,,,,,보유,,missing,,,,보유,,missing,,,,보유,,missing,,,,보유,,missing,,,,보유,,missing,,,,보유,,missing,
2025-11,덕산테코피아,보유,,317330,duksan,반도체,2025-11-30,bt_2025_2026_v49,missing,,,,,보유,,missing,,,,보유,,missing,,,,보유,,missing,,,,보유,,missing,,,,보유,,missing,,,,보유,,missing,
2025-11,엘티씨,보유,,170920,ltc,반도체,2025-11-30,bt_2025_2026_v49,missing,,,,,보유,,missing,,,,보유,,missing,,,,보유,,missing,,,,보유,,missing,,,,보유,,missing,,,,보유,,missing,
2025-11,DB하이텍,보유,,000990,dbhitek,반도체,2025-11-30,bt_2025_2026_v49,missing,,,,,보유,,missing,,,,보유,,missing,,,,보유,,missing,,,,보유,,missing,,,,보유,,missing,,,,보유,,missing,
2025-11,미코,보유,,059090,mico,반도체,2025-11-30,bt_2025_2026_v49,missing,,,,,보유,,missing,,,,보유,,missing,,,,보유,,missing,,,,보유,,missing,,,,보유,,missing,,,,보유,,missing,
2025-11,LX세미콘,보유,,108320,lxsemicon,반도체,2025-11-30,bt_2025_2026_v49,missing,,,,,보유,,missing,,,,보유,,missing,,,,보유,,missing,,,,보유,,missing,,,,보유,,missing,,,,보유,,missing,
2025-11,제주반도체,보유,,080220,jeju_semicon,반도체,2025-11-30,bt_2025_2026_v49,missing,,,,,보유,,missing,,,,보유,,missing,,,,보유,,missing,,,,보유,,missing,,,,보유,,missing,,,,보유,,missing,
2025-11,어보브반도체,보유,,102120,abov,반도체,2025-11-30,bt_2025_2026_v49,missing,,,,,보유,,missing,,,,보유,,missing,,,,보유,,missing,,,,보유,,missing,,,,보유,,missing,,,,보유,,missing,
2025-11,텔레칩스,보유,,054450,telechips,반도체,2025-11-30,bt_2025_2026_v49,missing,,,,,보유,,missing,,,,보유,,missing,,,,보유,,missing,,,,보유,,missing,,,,보유,,missing,,,,보유,,missing,
2025-11,코아시아,보유,,045970,coasia,반도체,2025-11-30,bt_2025_2026_v49,missing,,,,,보유,,missing,,,,보유,,missing,,,,보유,,missing,,,,보유,,missing,,,,보유,,missing,,,,보유,,missing,
2025-11,가온칩스,보유,,399720,gaochips,반도체,2025-11-30,bt_2025_2026_v49,missing,,,,,보유,,missing,,,,보유,,missing,,,,보유,,missing,,,,보유,,missing,,,,보유,,missing,,,,보유,,missing,
2025-11,원익IPS,보유,,240810,wonik_ips,반도체,2025-11-30,bt_2025_2026_v49,missing,,,,,보유,,missing,,,,보유,,missing,,,,보유,,missing,,,,보유,,missing,,,,보유,,missing,,,,보유,,missing,
2025-11,유진테크,보유,,084370,eugene_tech,반도체,2025-11-30,bt_2025_2026_v49,missing,,,,,보유,,missing,,,,보유,,missing,,,,보유,,missing,,,,보유,,missing,,,,보유,,missing,,,,보유,,missing,
2025-11,피에스케이,보유,,319660,psk,반도체,2025-11-30,bt_2025_2026_v49,missing,,,,,보유,,missing,,,,보유,,missing,,,,보유,,missing,,,,보유,,missing,,,,보유,,missing,,,,보유,,missing,
2025-11,테스,보유,,095610,tes,반도체,2025-11-30,bt_2025_2026_v49,missing,,,,,보유,,missing,,,,보유,,missing,,,,보유,,missing,,,,보유,,missing,,,,보유,,missing,,,,보유,,missing,
2025-11,GST,보유,,083450,gst,반도체,2025-11-30,bt_2025_2026_v49,missing,,,,,보유,,missing,,,,보유,,missing,,,,보유,,missing,,,,보유,,missing,,,,보유,,missing,,,,보유,,missing,
2025-11,에스티아이,보유,,039440,sti,반도체,2025-11-30,bt_2025_2026_v49,missing,,,,,보유,,missing,,,,보유,,missing,,,,보유,,missing,,,,보유,,missing,,,,보유,,missing,,,,보유,,missing,
2025-11,넥스틴,보유,,348210,nextin,반도체,2025-11-30,bt_2025_2026_v49,missing,,,,,보유,,missing,,,,보유,,missing,,,,보유,,missing,,,,보유,,missing,,,,보유,,missing,,,,보유,,missing,
2025-11,솔브레인,보유,,357780,soulbrain,반도체,2025-11-30,bt_2025_2026_v49,missing,,,,,보유,,missing,,,,보유,,missing,,,,보유,,missing,,,,보유,,missing,,,,보유,,missing,,,,보유,,missing,
2025-11,동진쎄미켐,보유,,005290,dongjin_semichem,반도체,2025-11-30,bt_2025_2026_v49,missing,,,,,보유,,missing,,,,보유,,missing,,,,보유,,missing,,,,보유,,missing,,,,보유,,missing,,,,보유,,missing,
2025-11,원익머트리얼즈,보유,,104830,wonik_materials,반도체,2025-11-30,bt_2025_2026_v49,missing,,,,,보유,,missing,,,,보유,,missing,,,,보유,,missing,,,,보유,,missing,,,,보유,,missing,,,,보유,,missing,
2025-11,이엔에프테크놀로지,보유,,102710,enf_tech,반도체,2025-11-30,bt_2025_2026_v49,missing,,,,,보유,,missing,,,,보유,,missing,,,,보유,,missing,,,,보유,,missing,,,,보유,,missing,,,,보유,,missing,
2025-11,티씨케이,보유,,064760,tck,반도체,2025-11-30,bt_2025_2026_v49,missing,,,,,보유,,missing,,,,보유,,missing,,,,보유,,missing,,,,보유,,missing,,,,보유,,missing,,,,보유,,missing,
2025-11,월덱스,보유,,101160,woldex,반도체,2025-11-30,bt_2025_2026_v49,missing,,,,,보유,,missing,,,,보유,,missing,,,,보유,,missing,,,,보유,,missing,,,,보유,,missing,,,,보유,,missing,
2025-11,ISC,보유,,095340,isc,반도체,2025-11-30,bt_2025_2026_v49,missing,,,,,보유,,missing,,,,보유,,missing,,,,보유,,missing,,,,보유,,missing,,,,보유,,missing,,,,보유,,missing,
2025-11,SFA반도체,보유,,036540,sfa_semicon,반도체,2025-11-30,bt_2025_2026_v49,missing,,,,,보유,,missing,,,,보유,,missing,,,,보유,,missing,,,,보유,,missing,,,,보유,,missing,,,,보유,,missing,
2025-11,두산테스나,보유,,131970,doosan_tesna,반도체,2025-11-30,bt_2025_2026_v49,missing,,,,,보유,,missing,,,,보유,,missing,,,,보유,,missing,,,,보유,,missing,,,,보유,,missing,,,,보유,,missing,
2025-11,리노공업,보유,,058470,leeno,반도체,2025-11-30,bt_2025_2026_v49,missing,,,,,보유,,missing,,,,보유,,missing,,,,보유,,missing,,,,보유,,missing,,,,보유,,missing,,,,보유,,missing,
2025-12,네패스,보유,,033640,nepes,반도체,2025-12-31,bt_2025_2026_v49,missing,,,,,보유,,missing,,,,보유,,missing,,,,보유,,missing,,,,보유,,missing,,,,보유,,missing,,,,보유,,missing,
2025-12,한미반도체,보유,,042700,hanmi,반도체,2025-12-31,bt_2025_2026_v49,missing,,,,,보유,,missing,,,,보유,,missing,,,,보유,,missing,,,,보유,,missing,,,,보유,,missing,,,,보유,,missing,
2025-12,한솔케미칼,보유,,014680,hansol,반도체,2025-12-31,bt_2025_2026_v49,missing,,,,,보유,,missing,,,,보유,,missing,,,,보유,,missing,,,,보유,,missing,,,,보유,,missing,,,,보유,,missing,
2025-12,덕산테코피아,보유,,317330,duksan,반도체,2025-12-31,bt_2025_2026_v49,missing,,,,,보유,,missing,,,,보유,,missing,,,,보유,,missing,,,,보유,,missing,,,,보유,,missing,,,,보유,,missing,
2025-12,엘티씨,보유,,170920,ltc,반도체,2025-12-31,bt_2025_2026_v49,missing,,,,,보유,,missing,,,,보유,,missing,,,,보유,,missing,,,,보유,,missing,,,,보유,,missing,,,,보유,,missing,
2025-12,DB하이텍,보유,,000990,dbhitek,반도체,2025-12-31,bt_2025_2026_v49,missing,,,,,보유,,missing,,,,보유,,missing,,,,보유,,missing,,,,보유,,missing,,,,보유,,missing,,,,보유,,missing,
2025-12,미코,보유,,059090,mico,반도체,2025-12-31,bt_2025_2026_v49,missing,,,,,보유,,missing,,,,보유,,missing,,,,보유,,missing,,,,보유,,missing,,,,보유,,missing,,,,보유,,missing,
2025-12,LX세미콘,보유,,108320,lxsemicon,반도체,2025-12-31,bt_2025_2026_v49,missing,,,,,보유,,missing,,,,보유,,missing,,,,보유,,missing,,,,보유,,missing,,,,보유,,missing,,,,보유,,missing,
2025-12,제주반도체,보유,,080220,jeju_semicon,반도체,2025-12-31,bt_2025_2026_v49,missing,,,,,보유,,missing,,,,보유,,missing,,,,보유,,missing,,,,보유,,missing,,,,보유,,missing,,,,보유,,missing,
2025-12,어보브반도체,보유,,102120,abov,반도체,2025-12-31,bt_2025_2026_v49,missing,,,,,보유,,missing,,,,보유,,missing,,,,보유,,missing,,,,보유,,missing,,,,보유,,missing,,,,보유,,missing,
2025-12,텔레칩스,보유,,054450,telechips,반도체,2025-12-31,bt_2025_2026_v49,missing,,,,,보유,,missing,,,,보유,,missing,,,,보유,,missing,,,,보유,,missing,,,,보유,,missing,,,,보유,,missing,
2025-12,코아시아,보유,,045970,coasia,반도체,2025-12-31,bt_2025_2026_v49,missing,,,,,보유,,missing,,,,보유,,missing,,,,보유,,missing,,,,보유,,missing,,,,보유,,missing,,,,보유,,missing,
2025-12,가온칩스,보유,,399720,gaochips,반도체,2025-12-31,bt_2025_2026_v49,missing,,,,,보유,,missing,,,,보유,,missing,,,,보유,,missing,,,,보유,,missing,,,,보유,,missing,,,,보유,,missing,
2025-12,원익IPS,보유,,240810,wonik_ips,반도체,2025-12-31,bt_2025_2026_v49,missing,,,,,보유,,missing,,,,보유,,missing,,,,보유,,missing,,,,보유,,missing,,,,보유,,missing,,,,보유,,missing,
2025-12,유진테크,보유,,084370,eugene_tech,반도체,2025-12-31,bt_2025_2026_v49,missing,,,,,보유,,missing,,,,보유,,missing,,,,보유,,missing,,,,보유,,missing,,,,보유,,missing,,,,보유,,missing,
2025-12,피에스케이,보유,,319660,psk,반도체,2025-12-31,bt_2025_2026_v49,missing,,,,,보유,,missing,,,,보유,,missing,,,,보유,,missing,,,,보유,,missing,,,,보유,,missing,,,,보유,,missing,
2025-12,테스,보유,,095610,tes,반도체,2025-12-31,bt_2025_2026_v49,missing,,,,,보유,,missing,,,,보유,,missing,,,,보유,,missing,,,,보유,,missing,,,,보유,,missing,,,,보유,,missing,
2025-12,GST,보유,,083450,gst,반도체,2025-12-31,bt_2025_2026_v49,missing,,,,,보유,,missing,,,,보유,,missing,,,,보유,,missing,,,,보유,,missing,,,,보유,,missing,,,,보유,,missing,
2025-12,에스티아이,보유,,039440,sti,반도체,2025-12-31,bt_2025_2026_v49,missing,,,,,보유,,missing,,,,보유,,missing,,,,보유,,missing,,,,보유,,missing,,,,보유,,missing,,,,보유,,missing,
2025-12,넥스틴,보유,,348210,nextin,반도체,2025-12-31,bt_2025_2026_v49,missing,,,,,보유,,missing,,,,보유,,missing,,,,보유,,missing,,,,보유,,missing,,,,보유,,missing,,,,보유,,missing,
2025-12,솔브레인,보유,,357780,soulbrain,반도체,2025-12-31,bt_2025_2026_v49,missing,,,,,보유,,missing,,,,보유,,missing,,,,보유,,missing,,,,보유,,missing,,,,보유,,missing,,,,보유,,missing,
2025-12,동진쎄미켐,보유,,005290,dongjin_semichem,반도체,2025-12-31,bt_2025_2026_v49,missing,,,,,보유,,missing,,,,보유,,missing,,,,보유,,missing,,,,보유,,missing,,,,보유,,missing,,,,보유,,missing,
2025-12,원익머트리얼즈,보유,,104830,wonik_materials,반도체,2025-12-31,bt_2025_2026_v49,missing,,,,,보유,,missing,,,,보유,,missing,,,,보유,,missing,,,,보유,,missing,,,,보유,,missing,,,,보유,,missing,
2025-12,이엔에프테크놀로지,보유,,102710,enf_tech,반도체,2025-12-31,bt_2025_2026_v49,missing,,,,,보유,,missing,,,,보유,,missing,,,,보유,,missing,,,,보유,,missing,,,,보유,,missing,,,,보유,,missing,
2025-12,티씨케이,보유,,064760,tck,반도체,2025-12-31,bt_2025_2026_v49,missing,,,,,보유,,missing,,,,보유,,missing,,,,보유,,missing,,,,보유,,missing,,,,보유,,missing,,,,보유,,missing,
2025-12,월덱스,보유,,101160,woldex,반도체,2025-12-31,bt_2025_2026_v49,missing,,,,,보유,,missing,,,,보유,,missing,,,,보유,,missing,,,,보유,,missing,,,,보유,,missing,,,,보유,,missing,
2025-12,ISC,보유,,095340,isc,반도체,2025-12-31,bt_2025_2026_v49,missing,,,,,보유,,missing,,,,보유,,missing,,,,보유,,missing,,,,보유,,missing,,,,보유,,missing,,,,보유,,missing,
2025-12,SFA반도체,보유,,036540,sfa_semicon,반도체,2025-12-31,bt_2025_2026_v49,missing,,,,,보유,,missing,,,,보유,,missing,,,,보유,,missing,,,,보유,,missing,,,,보유,,missing,,,,보유,,missing,
2025-12,두산테스나,보유,,131970,doosan_tesna,반도체,2025-12-31,bt_2025_2026_v49,missing,,,,,보유,,missing,,,,보유,,missing,,,,보유,,missing,,,,보유,,missing,,,,보유,,missing,,,,보유,,missing,
2025-12,리노공업,보유,,058470,leeno,반도체,2025-12-31,bt_2025_2026_v49,missing,,,,,보유,,missing,,,,보유,,missing,,,,보유,,missing,,,,보유,,missing,,,,보유,,missing,,,,보유,,missing,
2026-01,네패스,보유,,033640,nepes,반도체,2026-01-31,bt_2025_2026_v49,missing,,,,,보유,,missing,,,,보유,,missing,,,,보유,,missing,,,,보유,,missing,,,,보유,,missing,,,,보유,,missing,
2026-01,한미반도체,보유,,042700,hanmi,반도체,2026-01-31,bt_2025_2026_v49,missing,,,,,보유,,missing,,,,보유,,missing,,,,보유,,missing,,,,보유,,missing,,,,보유,,missing,,,,보유,,missing,
2026-01,한솔케미칼,보유,,014680,hansol,반도체,2026-01-31,bt_2025_2026_v49,missing,,,,,보유,,missing,,,,보유,,missing,,,,보유,,missing,,,,보유,,missing,,,,보유,,missing,,,,보유,,missing,
2026-01,덕산테코피아,보유,,317330,duksan,반도체,2026-01-31,bt_2025_2026_v49,missing,,,,,보유,,missing,,,,보유,,missing,,,,보유,,missing,,,,보유,,missing,,,,보유,,missing,,,,보유,,missing,
2026-01,엘티씨,보유,,170920,ltc,반도체,2026-01-31,bt_2025_2026_v49,missing,,,,,보유,,missing,,,,보유,,missing,,,,보유,,missing,,,,보유,,missing,,,,보유,,missing,,,,보유,,missing,
2026-01,DB하이텍,보유,,000990,dbhitek,반도체,2026-01-31,bt_2025_2026_v49,missing,,,,,보유,,missing,,,,보유,,missing,,,,보유,,missing,,,,보유,,missing,,,,보유,,missing,,,,보유,,missing,
2026-01,미코,보유,,059090,mico,반도체,2026-01-31,bt_2025_2026_v49,missing,,,,,보유,,missing,,,,보유,,missing,,,,보유,,missing,,,,보유,,missing,,,,보유,,missing,,,,보유,,missing,
2026-01,LX세미콘,보유,,108320,lxsemicon,반도체,2026-01-31,bt_2025_2026_v49,missing,,,,,보유,,missing,,,,보유,,missing,,,,보유,,missing,,,,보유,,missing,,,,보유,,missing,,,,보유,,missing,
2026-01,제주반도체,보유,,080220,jeju_semicon,반도체,2026-01-31,bt_2025_2026_v49,missing,,,,,보유,,missing,,,,보유,,missing,,,,보유,,missing,,,,보유,,missing,,,,보유,,missing,,,,보유,,missing,
2026-01,어보브반도체,보유,,102120,abov,반도체,2026-01-31,bt_2025_2026_v49,missing,,,,,보유,,missing,,,,보유,,missing,,,,보유,,missing,,,,보유,,missing,,,,보유,,missing,,,,보유,,missing,
2026-01,텔레칩스,보유,,054450,telechips,반도체,2026-01-31,bt_2025_2026_v49,missing,,,,,보유,,missing,,,,보유,,missing,,,,보유,,missing,,,,보유,,missing,,,,보유,,missing,,,,보유,,missing,
2026-01,코아시아,보유,,045970,coasia,반도체,2026-01-31,bt_2025_2026_v49,missing,,,,,보유,,missing,,,,보유,,missing,,,,보유,,missing,,,,보유,,missing,,,,보유,,missing,,,,보유,,missing,
2026-01,가온칩스,보유,,399720,gaochips,반도체,2026-01-31,bt_2025_2026_v49,missing,,,,,보유,,missing,,,,보유,,missing,,,,보유,,missing,,,,보유,,missing,,,,보유,,missing,,,,보유,,missing,
2026-01,원익IPS,보유,,240810,wonik_ips,반도체,2026-01-31,bt_2025_2026_v49,missing,,,,,보유,,missing,,,,보유,,missing,,,,보유,,missing,,,,보유,,missing,,,,보유,,missing,,,,보유,,missing,
2026-01,유진테크,보유,,084370,eugene_tech,반도체,2026-01-31,bt_2025_2026_v49,missing,,,,,보유,,missing,,,,보유,,missing,,,,보유,,missing,,,,보유,,missing,,,,보유,,missing,,,,보유,,missing,
2026-01,피에스케이,보유,,319660,psk,반도체,2026-01-31,bt_2025_2026_v49,missing,,,,,보유,,missing,,,,보유,,missing,,,,보유,,missing,,,,보유,,missing,,,,보유,,missing,,,,보유,,missing,
2026-01,테스,보유,,095610,tes,반도체,2026-01-31,bt_2025_2026_v49,missing,,,,,보유,,missing,,,,보유,,missing,,,,보유,,missing,,,,보유,,missing,,,,보유,,missing,,,,보유,,missing,
2026-01,GST,보유,,083450,gst,반도체,2026-01-31,bt_2025_2026_v49,missing,,,,,보유,,missing,,,,보유,,missing,,,,보유,,missing,,,,보유,,missing,,,,보유,,missing,,,,보유,,missing,
2026-01,에스티아이,보유,,039440,sti,반도체,2026-01-31,bt_2025_2026_v49,missing,,,,,보유,,missing,,,,보유,,missing,,,,보유,,missing,,,,보유,,missing,,,,보유,,missing,,,,보유,,missing,
2026-01,넥스틴,보유,,348210,nextin,반도체,2026-01-31,bt_2025_2026_v49,missing,,,,,보유,,missing,,,,보유,,missing,,,,보유,,missing,,,,보유,,missing,,,,보유,,missing,,,,보유,,missing,
2026-01,솔브레인,보유,,357780,soulbrain,반도체,2026-01-31,bt_2025_2026_v49,missing,,,,,보유,,missing,,,,보유,,missing,,,,보유,,missing,,,,보유,,missing,,,,보유,,missing,,,,보유,,missing,
2026-01,동진쎄미켐,보유,,005290,dongjin_semichem,반도체,2026-01-31,bt_2025_2026_v49,missing,,,,,보유,,missing,,,,보유,,missing,,,,보유,,missing,,,,보유,,missing,,,,보유,,missing,,,,보유,,missing,
2026-01,원익머트리얼즈,보유,,104830,wonik_materials,반도체,2026-01-31,bt_2025_2026_v49,missing,,,,,보유,,missing,,,,보유,,missing,,,,보유,,missing,,,,보유,,missing,,,,보유,,missing,,,,보유,,missing,
2026-01,이엔에프테크놀로지,보유,,102710,enf_tech,반도체,2026-01-31,bt_2025_2026_v49,missing,,,,,보유,,missing,,,,보유,,missing,,,,보유,,missing,,,,보유,,missing,,,,보유,,missing,,,,보유,,missing,
2026-01,티씨케이,보유,,064760,tck,반도체,2026-01-31,bt_2025_2026_v49,missing,,,,,보유,,missing,,,,보유,,missing,,,,보유,,missing,,,,보유,,missing,,,,보유,,missing,,,,보유,,missing,
2026-01,월덱스,보유,,101160,woldex,반도체,2026-01-31,bt_2025_2026_v49,missing,,,,,보유,,missing,,,,보유,,missing,,,,보유,,missing,,,,보유,,missing,,,,보유,,missing,,,,보유,,missing,
2026-01,ISC,보유,,095340,isc,반도체,2026-01-31,bt_2025_2026_v49,missing,,,,,보유,,missing,,,,보유,,missing,,,,보유,,missing,,,,보유,,missing,,,,보유,,missing,,,,보유,,missing,
2026-01,SFA반도체,보유,,036540,sfa_semicon,반도체,2026-01-31,bt_2025_2026_v49,missing,,,,,보유,,missing,,,,보유,,missing,,,,보유,,missing,,,,보유,,missing,,,,보유,,missing,,,,보유,,missing,
2026-01,두산테스나,보유,,131970,doosan_tesna,반도체,2026-01-31,bt_2025_2026_v49,missing,,,,,보유,,missing,,,,보유,,missing,,,,보유,,missing,,,,보유,,missing,,,,보유,,missing,,,,보유,,missing,
2026-01,리노공업,보유,,058470,leeno,반도체,2026-01-31,bt_2025_2026_v49,missing,,,,,보유,,missing,,,,보유,,missing,,,,보유,,missing,,,,보유,,missing,,,,보유,,missing,,,,보유,,missing,
2026-02,네패스,보유,,033640,nepes,반도체,2026-02-28,bt_2025_2026_v49,missing,,,,,보유,,missing,,,,보유,,missing,,,,보유,,missing,,,,보유,,missing,,,,보유,,missing,,,,보유,,missing,
2026-02,한미반도체,보유,,042700,hanmi,반도체,2026-02-28,bt_2025_2026_v49,missing,,,,,보유,,missing,,,,보유,,missing,,,,보유,,missing,,,,보유,,missing,,,,보유,,missing,,,,보유,,missing,
2026-02,한솔케미칼,보유,,014680,hansol,반도체,2026-02-28,bt_2025_2026_v49,missing,,,,,보유,,missing,,,,보유,,missing,,,,보유,,missing,,,,보유,,missing,,,,보유,,missing,,,,보유,,missing,
2026-02,덕산테코피아,보유,,317330,duksan,반도체,2026-02-28,bt_2025_2026_v49,missing,,,,,보유,,missing,,,,보유,,missing,,,,보유,,missing,,,,보유,,missing,,,,보유,,missing,,,,보유,,missing,
2026-02,엘티씨,보유,,170920,ltc,반도체,2026-02-28,bt_2025_2026_v49,missing,,,,,보유,,missing,,,,보유,,missing,,,,보유,,missing,,,,보유,,missing,,,,보유,,missing,,,,보유,,missing,
2026-02,DB하이텍,보유,,000990,dbhitek,반도체,2026-02-28,bt_2025_2026_v49,missing,,,,,보유,,missing,,,,보유,,missing,,,,보유,,missing,,,,보유,,missing,,,,보유,,missing,,,,보유,,missing,
2026-02,미코,보유,,059090,mico,반도체,2026-02-28,bt_2025_2026_v49,missing,,,,,보유,,missing,,,,보유,,missing,,,,보유,,missing,,,,보유,,missing,,,,보유,,missing,,,,보유,,missing,
2026-02,LX세미콘,보유,,108320,lxsemicon,반도체,2026-02-28,bt_2025_2026_v49,missing,,,,,보유,,missing,,,,보유,,missing,,,,보유,,missing,,,,보유,,missing,,,,보유,,missing,,,,보유,,missing,
2026-02,제주반도체,보유,,080220,jeju_semicon,반도체,2026-02-28,bt_2025_2026_v49,missing,,,,,보유,,missing,,,,보유,,missing,,,,보유,,missing,,,,보유,,missing,,,,보유,,missing,,,,보유,,missing,
2026-02,어보브반도체,보유,,102120,abov,반도체,2026-02-28,bt_2025_2026_v49,missing,,,,,보유,,missing,,,,보유,,missing,,,,보유,,missing,,,,보유,,missing,,,,보유,,missing,,,,보유,,missing,
2026-02,텔레칩스,보유,,054450,telechips,반도체,2026-02-28,bt_2025_2026_v49,missing,,,,,보유,,missing,,,,보유,,missing,,,,보유,,missing,,,,보유,,missing,,,,보유,,missing,,,,보유,,missing,
2026-02,코아시아,보유,,045970,coasia,반도체,2026-02-28,bt_2025_2026_v49,missing,,,,,보유,,missing,,,,보유,,missing,,,,보유,,missing,,,,보유,,missing,,,,보유,,missing,,,,보유,,missing,
2026-02,가온칩스,보유,,399720,gaochips,반도체,2026-02-28,bt_2025_2026_v49,missing,,,,,보유,,missing,,,,보유,,missing,,,,보유,,missing,,,,보유,,missing,,,,보유,,missing,,,,보유,,missing,
2026-02,원익IPS,보유,,240810,wonik_ips,반도체,2026-02-28,bt_2025_2026_v49,missing,,,,,보유,,missing,,,,보유,,missing,,,,보유,,missing,,,,보유,,missing,,,,보유,,missing,,,,보유,,missing,
2026-02,유진테크,보유,,084370,eugene_tech,반도체,2026-02-28,bt_2025_2026_v49,missing,,,,,보유,,missing,,,,보유,,missing,,,,보유,,missing,,,,보유,,missing,,,,보유,,missing,,,,보유,,missing,
2026-02,피에스케이,보유,,319660,psk,반도체,2026-02-28,bt_2025_2026_v49,missing,,,,,보유,,missing,,,,보유,,missing,,,,보유,,missing,,,,보유,,missing,,,,보유,,missing,,,,보유,,missing,
2026-02,테스,보유,,095610,tes,반도체,2026-02-28,bt_2025_2026_v49,missing,,,,,보유,,missing,,,,보유,,missing,,,,보유,,missing,,,,보유,,missing,,,,보유,,missing,,,,보유,,missing,
2026-02,GST,보유,,083450,gst,반도체,2026-02-28,bt_2025_2026_v49,missing,,,,,보유,,missing,,,,보유,,missing,,,,보유,,missing,,,,보유,,missing,,,,보유,,missing,,,,보유,,missing,
2026-02,에스티아이,보유,,039440,sti,반도체,2026-02-28,bt_2025_2026_v49,missing,,,,,보유,,missing,,,,보유,,missing,,,,보유,,missing,,,,보유,,missing,,,,보유,,missing,,,,보유,,missing,
2026-02,넥스틴,보유,,348210,nextin,반도체,2026-02-28,bt_2025_2026_v49,missing,,,,,보유,,missing,,,,보유,,missing,,,,보유,,missing,,,,보유,,missing,,,,보유,,missing,,,,보유,,missing,
2026-02,솔브레인,보유,,357780,soulbrain,반도체,2026-02-28,bt_2025_2026_v49,missing,,,,,보유,,missing,,,,보유,,missing,,,,보유,,missing,,,,보유,,missing,,,,보유,,missing,,,,보유,,missing,
2026-02,동진쎄미켐,보유,,005290,dongjin_semichem,반도체,2026-02-28,bt_2025_2026_v49,missing,,,,,보유,,missing,,,,보유,,missing,,,,보유,,missing,,,,보유,,missing,,,,보유,,missing,,,,보유,,missing,
2026-02,원익머트리얼즈,보유,,104830,wonik_materials,반도체,2026-02-28,bt_2025_2026_v49,missing,,,,,보유,,missing,,,,보유,,missing,,,,보유,,missing,,,,보유,,missing,,,,보유,,missing,,,,보유,,missing,
2026-02,이엔에프테크놀로지,보유,,102710,enf_tech,반도체,2026-02-28,bt_2025_2026_v49,missing,,,,,보유,,missing,,,,보유,,missing,,,,보유,,missing,,,,보유,,missing,,,,보유,,missing,,,,보유,,missing,
2026-02,티씨케이,보유,,064760,tck,반도체,2026-02-28,bt_2025_2026_v49,missing,,,,,보유,,missing,,,,보유,,missing,,,,보유,,missing,,,,보유,,missing,,,,보유,,missing,,,,보유,,missing,
2026-02,월덱스,보유,,101160,woldex,반도체,2026-02-28,bt_2025_2026_v49,missing,,,,,보유,,missing,,,,보유,,missing,,,,보유,,missing,,,,보유,,missing,,,,보유,,missing,,,,보유,,missing,
2026-02,ISC,보유,,095340,isc,반도체,2026-02-28,bt_2025_2026_v49,missing,,,,,보유,,missing,,,,보유,,missing,,,,보유,,missing,,,,보유,,missing,,,,보유,,missing,,,,보유,,missing,
2026-02,SFA반도체,보유,,036540,sfa_semicon,반도체,2026-02-28,bt_2025_2026_v49,missing,,,,,보유,,missing,,,,보유,,missing,,,,보유,,missing,,,,보유,,missing,,,,보유,,missing,,,,보유,,missing,
2026-02,두산테스나,보유,,131970,doosan_tesna,반도체,2026-02-28,bt_2025_2026_v49,missing,,,,,보유,,missing,,,,보유,,missing,,,,보유,,missing,,,,보유,,missing,,,,보유,,missing,,,,보유,,missing,
2026-02,리노공업,보유,,058470,leeno,반도체,2026-02-28,bt_2025_2026_v49,missing,,,,,보유,,missing,,,,보유,,missing,,,,보유,,missing,,,,보유,,missing,,,,보유,,missing,,,,보유,,missing,
2026-03,네패스,보유,,033640,nepes,반도체,2026-03-31,bt_2025_2026_v49,missing,,,,,보유,,missing,,,,보유,,missing,,,,보유,,missing,,,,보유,,missing,,,,보유,,missing,,,,보유,,missing,
2026-03,한미반도체,보유,,042700,hanmi,반도체,2026-03-31,bt_2025_2026_v49,missing,,,,,보유,,missing,,,,보유,,missing,,,,보유,,missing,,,,보유,,missing,,,,보유,,missing,,,,보유,,missing,
2026-03,한솔케미칼,보유,,014680,hansol,반도체,2026-03-31,bt_2025_2026_v49,missing,,,,,보유,,missing,,,,보유,,missing,,,,보유,,missing,,,,보유,,missing,,,,보유,,missing,,,,보유,,missing,
2026-03,덕산테코피아,보유,,317330,duksan,반도체,2026-03-31,bt_2025_2026_v49,missing,,,,,보유,,missing,,,,보유,,missing,,,,보유,,missing,,,,보유,,missing,,,,보유,,missing,,,,보유,,missing,
2026-03,엘티씨,보유,,170920,ltc,반도체,2026-03-31,bt_2025_2026_v49,missing,,,,,보유,,missing,,,,보유,,missing,,,,보유,,missing,,,,보유,,missing,,,,보유,,missing,,,,보유,,missing,
2026-03,DB하이텍,보유,,000990,dbhitek,반도체,2026-03-31,bt_2025_2026_v49,missing,,,,,보유,,missing,,,,보유,,missing,,,,보유,,missing,,,,보유,,missing,,,,보유,,missing,,,,보유,,missing,
2026-03,미코,보유,,059090,mico,반도체,2026-03-31,bt_2025_2026_v49,missing,,,,,보유,,missing,,,,보유,,missing,,,,보유,,missing,,,,보유,,missing,,,,보유,,missing,,,,보유,,missing,
2026-03,LX세미콘,보유,,108320,lxsemicon,반도체,2026-03-31,bt_2025_2026_v49,missing,,,,,보유,,missing,,,,보유,,missing,,,,보유,,missing,,,,보유,,missing,,,,보유,,missing,,,,보유,,missing,
2026-03,제주반도체,보유,,080220,jeju_semicon,반도체,2026-03-31,bt_2025_2026_v49,missing,,,,,보유,,missing,,,,보유,,missing,,,,보유,,missing,,,,보유,,missing,,,,보유,,missing,,,,보유,,missing,
2026-03,어보브반도체,보유,,102120,abov,반도체,2026-03-31,bt_2025_2026_v49,missing,,,,,보유,,missing,,,,보유,,missing,,,,보유,,missing,,,,보유,,missing,,,,보유,,missing,,,,보유,,missing,
2026-03,텔레칩스,보유,,054450,telechips,반도체,2026-03-31,bt_2025_2026_v49,missing,,,,,보유,,missing,,,,보유,,missing,,,,보유,,missing,,,,보유,,missing,,,,보유,,missing,,,,보유,,missing,
2026-03,코아시아,보유,,045970,coasia,반도체,2026-03-31,bt_2025_2026_v49,missing,,,,,보유,,missing,,,,보유,,missing,,,,보유,,missing,,,,보유,,missing,,,,보유,,missing,,,,보유,,missing,
2026-03,가온칩스,보유,,399720,gaochips,반도체,2026-03-31,bt_2025_2026_v49,missing,,,,,보유,,missing,,,,보유,,missing,,,,보유,,missing,,,,보유,,missing,,,,보유,,missing,,,,보유,,missing,
2026-03,원익IPS,보유,,240810,wonik_ips,반도체,2026-03-31,bt_2025_2026_v49,missing,,,,,보유,,missing,,,,보유,,missing,,,,보유,,missing,,,,보유,,missing,,,,보유,,missing,,,,보유,,missing,
2026-03,유진테크,보유,,084370,eugene_tech,반도체,2026-03-31,bt_2025_2026_v49,missing,,,,,보유,,missing,,,,보유,,missing,,,,보유,,missing,,,,보유,,missing,,,,보유,,missing,,,,보유,,missing,
2026-03,피에스케이,보유,,319660,psk,반도체,2026-03-31,bt_2025_2026_v49,missing,,,,,보유,,missing,,,,보유,,missing,,,,보유,,missing,,,,보유,,missing,,,,보유,,missing,,,,보유,,missing,
2026-03,테스,보유,,095610,tes,반도체,2026-03-31,bt_2025_2026_v49,missing,,,,,보유,,missing,,,,보유,,missing,,,,보유,,missing,,,,보유,,missing,,,,보유,,missing,,,,보유,,missing,
2026-03,GST,보유,,083450,gst,반도체,2026-03-31,bt_2025_2026_v49,missing,,,,,보유,,missing,,,,보유,,missing,,,,보유,,missing,,,,보유,,missing,,,,보유,,missing,,,,보유,,missing,
2026-03,에스티아이,보유,,039440,sti,반도체,2026-03-31,bt_2025_2026_v49,missing,,,,,보유,,missing,,,,보유,,missing,,,,보유,,missing,,,,보유,,missing,,,,보유,,missing,,,,보유,,missing,
2026-03,넥스틴,보유,,348210,nextin,반도체,2026-03-31,bt_2025_2026_v49,missing,,,,,보유,,missing,,,,보유,,missing,,,,보유,,missing,,,,보유,,missing,,,,보유,,missing,,,,보유,,missing,
2026-03,솔브레인,보유,,357780,soulbrain,반도체,2026-03-31,bt_2025_2026_v49,missing,,,,,보유,,missing,,,,보유,,missing,,,,보유,,missing,,,,보유,,missing,,,,보유,,missing,,,,보유,,missing,
2026-03,동진쎄미켐,보유,,005290,dongjin_semichem,반도체,2026-03-31,bt_2025_2026_v49,missing,,,,,보유,,missing,,,,보유,,missing,,,,보유,,missing,,,,보유,,missing,,,,보유,,missing,,,,보유,,missing,
2026-03,원익머트리얼즈,보유,,104830,wonik_materials,반도체,2026-03-31,bt_2025_2026_v49,missing,,,,,보유,,missing,,,,보유,,missing,,,,보유,,missing,,,,보유,,missing,,,,보유,,missing,,,,보유,,missing,
2026-03,이엔에프테크놀로지,보유,,102710,enf_tech,반도체,2026-03-31,bt_2025_2026_v49,missing,,,,,보유,,missing,,,,보유,,missing,,,,보유,,missing,,,,보유,,missing,,,,보유,,missing,,,,보유,,missing,
2026-03,티씨케이,보유,,064760,tck,반도체,2026-03-31,bt_2025_2026_v49,missing,,,,,보유,,missing,,,,보유,,missing,,,,보유,,missing,,,,보유,,missing,,,,보유,,missing,,,,보유,,missing,
2026-03,월덱스,보유,,101160,woldex,반도체,2026-03-31,bt_2025_2026_v49,missing,,,,,보유,,missing,,,,보유,,missing,,,,보유,,missing,,,,보유,,missing,,,,보유,,missing,,,,보유,,missing,
2026-03,ISC,보유,,095340,isc,반도체,2026-03-31,bt_2025_2026_v49,missing,,,,,보유,,missing,,,,보유,,missing,,,,보유,,missing,,,,보유,,missing,,,,보유,,missing,,,,보유,,missing,
2026-03,SFA반도체,보유,,036540,sfa_semicon,반도체,2026-03-31,bt_2025_2026_v49,missing,,,,,보유,,missing,,,,보유,,missing,,,,보유,,missing,,,,보유,,missing,,,,보유,,missing,,,,보유,,missing,
2026-03,두산테스나,보유,,131970,doosan_tesna,반도체,2026-03-31,bt_2025_2026_v49,missing,,,,,보유,,missing,,,,보유,,missing,,,,보유,,missing,,,,보유,,missing,,,,보유,,missing,,,,보유,,missing,
2026-03,리노공업,보유,,058470,leeno,반도체,2026-03-31,bt_2025_2026_v49,missing,,,,,보유,,missing,,,,보유,,missing,,,,보유,,missing,,,,보유,,missing,,,,보유,,missing,,,,보유,,missing,
2026-04,네패스,보유,,033640,nepes,반도체,2026-04-30,bt_2025_2026_v49,missing,,,,,보유,,missing,,,,보유,,missing,,,,보유,,missing,,,,보유,,missing,,,,보유,,missing,,,,보유,,missing,
2026-04,한미반도체,보유,,042700,hanmi,반도체,2026-04-30,bt_2025_2026_v49,missing,,,,,보유,,missing,,,,보유,,missing,,,,보유,,missing,,,,보유,,missing,,,,보유,,missing,,,,보유,,missing,
2026-04,한솔케미칼,보유,,014680,hansol,반도체,2026-04-30,bt_2025_2026_v49,missing,,,,,보유,,missing,,,,보유,,missing,,,,보유,,missing,,,,보유,,missing,,,,보유,,missing,,,,보유,,missing,
2026-04,덕산테코피아,보유,,317330,duksan,반도체,2026-04-30,bt_2025_2026_v49,missing,,,,,보유,,missing,,,,보유,,missing,,,,보유,,missing,,,,보유,,missing,,,,보유,,missing,,,,보유,,missing,
2026-04,엘티씨,보유,,170920,ltc,반도체,2026-04-30,bt_2025_2026_v49,missing,,,,,보유,,missing,,,,보유,,missing,,,,보유,,missing,,,,보유,,missing,,,,보유,,missing,,,,보유,,missing,
2026-04,DB하이텍,보유,,000990,dbhitek,반도체,2026-04-30,bt_2025_2026_v49,missing,,,,,보유,,missing,,,,보유,,missing,,,,보유,,missing,,,,보유,,missing,,,,보유,,missing,,,,보유,,missing,
2026-04,미코,보유,,059090,mico,반도체,2026-04-30,bt_2025_2026_v49,missing,,,,,보유,,missing,,,,보유,,missing,,,,보유,,missing,,,,보유,,missing,,,,보유,,missing,,,,보유,,missing,
2026-04,LX세미콘,보유,,108320,lxsemicon,반도체,2026-04-30,bt_2025_2026_v49,missing,,,,,보유,,missing,,,,보유,,missing,,,,보유,,missing,,,,보유,,missing,,,,보유,,missing,,,,보유,,missing,
2026-04,제주반도체,보유,,080220,jeju_semicon,반도체,2026-04-30,bt_2025_2026_v49,missing,,,,,보유,,missing,,,,보유,,missing,,,,보유,,missing,,,,보유,,missing,,,,보유,,missing,,,,보유,,missing,
2026-04,어보브반도체,보유,,102120,abov,반도체,2026-04-30,bt_2025_2026_v49,missing,,,,,보유,,missing,,,,보유,,missing,,,,보유,,missing,,,,보유,,missing,,,,보유,,missing,,,,보유,,missing,
2026-04,텔레칩스,보유,,054450,telechips,반도체,2026-04-30,bt_2025_2026_v49,missing,,,,,보유,,missing,,,,보유,,missing,,,,보유,,missing,,,,보유,,missing,,,,보유,,missing,,,,보유,,missing,
2026-04,코아시아,보유,,045970,coasia,반도체,2026-04-30,bt_2025_2026_v49,missing,,,,,보유,,missing,,,,보유,,missing,,,,보유,,missing,,,,보유,,missing,,,,보유,,missing,,,,보유,,missing,
2026-04,가온칩스,보유,,399720,gaochips,반도체,2026-04-30,bt_2025_2026_v49,missing,,,,,보유,,missing,,,,보유,,missing,,,,보유,,missing,,,,보유,,missing,,,,보유,,missing,,,,보유,,missing,
2026-04,원익IPS,보유,,240810,wonik_ips,반도체,2026-04-30,bt_2025_2026_v49,missing,,,,,보유,,missing,,,,보유,,missing,,,,보유,,missing,,,,보유,,missing,,,,보유,,missing,,,,보유,,missing,
2026-04,유진테크,보유,,084370,eugene_tech,반도체,2026-04-30,bt_2025_2026_v49,missing,,,,,보유,,missing,,,,보유,,missing,,,,보유,,missing,,,,보유,,missing,,,,보유,,missing,,,,보유,,missing,
2026-04,피에스케이,보유,,319660,psk,반도체,2026-04-30,bt_2025_2026_v49,missing,,,,,보유,,missing,,,,보유,,missing,,,,보유,,missing,,,,보유,,missing,,,,보유,,missing,,,,보유,,missing,
2026-04,테스,보유,,095610,tes,반도체,2026-04-30,bt_2025_2026_v49,missing,,,,,보유,,missing,,,,보유,,missing,,,,보유,,missing,,,,보유,,missing,,,,보유,,missing,,,,보유,,missing,
2026-04,GST,보유,,083450,gst,반도체,2026-04-30,bt_2025_2026_v49,missing,,,,,보유,,missing,,,,보유,,missing,,,,보유,,missing,,,,보유,,missing,,,,보유,,missing,,,,보유,,missing,
2026-04,에스티아이,보유,,039440,sti,반도체,2026-04-30,bt_2025_2026_v49,missing,,,,,보유,,missing,,,,보유,,missing,,,,보유,,missing,,,,보유,,missing,,,,보유,,missing,,,,보유,,missing,
2026-04,넥스틴,보유,,348210,nextin,반도체,2026-04-30,bt_2025_2026_v49,missing,,,,,보유,,missing,,,,보유,,missing,,,,보유,,missing,,,,보유,,missing,,,,보유,,missing,,,,보유,,missing,
2026-04,솔브레인,보유,,357780,soulbrain,반도체,2026-04-30,bt_2025_2026_v49,missing,,,,,보유,,missing,,,,보유,,missing,,,,보유,,missing,,,,보유,,missing,,,,보유,,missing,,,,보유,,missing,
2026-04,동진쎄미켐,보유,,005290,dongjin_semichem,반도체,2026-04-30,bt_2025_2026_v49,missing,,,,,보유,,missing,,,,보유,,missing,,,,보유,,missing,,,,보유,,missing,,,,보유,,missing,,,,보유,,missing,
2026-04,원익머트리얼즈,보유,,104830,wonik_materials,반도체,2026-04-30,bt_2025_2026_v49,missing,,,,,보유,,missing,,,,보유,,missing,,,,보유,,missing,,,,보유,,missing,,,,보유,,missing,,,,보유,,missing,
2026-04,이엔에프테크놀로지,보유,,102710,enf_tech,반도체,2026-04-30,bt_2025_2026_v49,missing,,,,,보유,,missing,,,,보유,,missing,,,,보유,,missing,,,,보유,,missing,,,,보유,,missing,,,,보유,,missing,
2026-04,티씨케이,보유,,064760,tck,반도체,2026-04-30,bt_2025_2026_v49,missing,,,,,보유,,missing,,,,보유,,missing,,,,보유,,missing,,,,보유,,missing,,,,보유,,missing,,,,보유,,missing,
2026-04,월덱스,보유,,101160,woldex,반도체,2026-04-30,bt_2025_2026_v49,missing,,,,,보유,,missing,,,,보유,,missing,,,,보유,,missing,,,,보유,,missing,,,,보유,,missing,,,,보유,,missing,
2026-04,ISC,보유,,095340,isc,반도체,2026-04-30,bt_2025_2026_v49,missing,,,,,보유,,missing,,,,보유,,missing,,,,보유,,missing,,,,보유,,missing,,,,보유,,missing,,,,보유,,missing,
2026-04,SFA반도체,보유,,036540,sfa_semicon,반도체,2026-04-30,bt_2025_2026_v49,missing,,,,,보유,,missing,,,,보유,,missing,,,,보유,,missing,,,,보유,,missing,,,,보유,,missing,,,,보유,,missing,
2026-04,두산테스나,보유,,131970,doosan_tesna,반도체,2026-04-30,bt_2025_2026_v49,missing,,,,,보유,,missing,,,,보유,,missing,,,,보유,,missing,,,,보유,,missing,,,,보유,,missing,,,,보유,,missing,
2026-04,리노공업,보유,,058470,leeno,반도체,2026-04-30,bt_2025_2026_v49,missing,,,,,보유,,missing,,,,보유,,missing,,,,보유,,missing,,,,보유,,missing,,,,보유,,missing,,,,보유,,missing,
2026-05,네패스,보유,,033640,nepes,반도체,2026-05-31,bt_2025_2026_v49,missing,,,,,보유,,missing,,,,보유,,missing,,,,보유,,missing,,,,보유,,missing,,,,보유,,missing,,,,보유,,missing,
2026-05,한미반도체,보유,,042700,hanmi,반도체,2026-05-31,bt_2025_2026_v49,missing,,,,,보유,,missing,,,,보유,,missing,,,,보유,,missing,,,,보유,,missing,,,,보유,,missing,,,,보유,,missing,
2026-05,한솔케미칼,보유,,014680,hansol,반도체,2026-05-31,bt_2025_2026_v49,missing,,,,,보유,,missing,,,,보유,,missing,,,,보유,,missing,,,,보유,,missing,,,,보유,,missing,,,,보유,,missing,
2026-05,덕산테코피아,보유,,317330,duksan,반도체,2026-05-31,bt_2025_2026_v49,missing,,,,,보유,,missing,,,,보유,,missing,,,,보유,,missing,,,,보유,,missing,,,,보유,,missing,,,,보유,,missing,
2026-05,엘티씨,보유,,170920,ltc,반도체,2026-05-31,bt_2025_2026_v49,missing,,,,,보유,,missing,,,,보유,,missing,,,,보유,,missing,,,,보유,,missing,,,,보유,,missing,,,,보유,,missing,
2026-05,DB하이텍,보유,,000990,dbhitek,반도체,2026-05-31,bt_2025_2026_v49,missing,,,,,보유,,missing,,,,보유,,missing,,,,보유,,missing,,,,보유,,missing,,,,보유,,missing,,,,보유,,missing,
2026-05,미코,보유,,059090,mico,반도체,2026-05-31,bt_2025_2026_v49,missing,,,,,보유,,missing,,,,보유,,missing,,,,보유,,missing,,,,보유,,missing,,,,보유,,missing,,,,보유,,missing,
2026-05,LX세미콘,보유,,108320,lxsemicon,반도체,2026-05-31,bt_2025_2026_v49,missing,,,,,보유,,missing,,,,보유,,missing,,,,보유,,missing,,,,보유,,missing,,,,보유,,missing,,,,보유,,missing,
2026-05,제주반도체,보유,,080220,jeju_semicon,반도체,2026-05-31,bt_2025_2026_v49,missing,,,,,보유,,missing,,,,보유,,missing,,,,보유,,missing,,,,보유,,missing,,,,보유,,missing,,,,보유,,missing,
2026-05,어보브반도체,보유,,102120,abov,반도체,2026-05-31,bt_2025_2026_v49,missing,,,,,보유,,missing,,,,보유,,missing,,,,보유,,missing,,,,보유,,missing,,,,보유,,missing,,,,보유,,missing,
2026-05,텔레칩스,보유,,054450,telechips,반도체,2026-05-31,bt_2025_2026_v49,missing,,,,,보유,,missing,,,,보유,,missing,,,,보유,,missing,,,,보유,,missing,,,,보유,,missing,,,,보유,,missing,
2026-05,코아시아,보유,,045970,coasia,반도체,2026-05-31,bt_2025_2026_v49,missing,,,,,보유,,missing,,,,보유,,missing,,,,보유,,missing,,,,보유,,missing,,,,보유,,missing,,,,보유,,missing,
2026-05,가온칩스,보유,,399720,gaochips,반도체,2026-05-31,bt_2025_2026_v49,missing,,,,,보유,,missing,,,,보유,,missing,,,,보유,,missing,,,,보유,,missing,,,,보유,,missing,,,,보유,,missing,
2026-05,원익IPS,보유,,240810,wonik_ips,반도체,2026-05-31,bt_2025_2026_v49,missing,,,,,보유,,missing,,,,보유,,missing,,,,보유,,missing,,,,보유,,missing,,,,보유,,missing,,,,보유,,missing,
2026-05,유진테크,보유,,084370,eugene_tech,반도체,2026-05-31,bt_2025_2026_v49,missing,,,,,보유,,missing,,,,보유,,missing,,,,보유,,missing,,,,보유,,missing,,,,보유,,missing,,,,보유,,missing,
2026-05,피에스케이,보유,,319660,psk,반도체,2026-05-31,bt_2025_2026_v49,missing,,,,,보유,,missing,,,,보유,,missing,,,,보유,,missing,,,,보유,,missing,,,,보유,,missing,,,,보유,,missing,
2026-05,테스,보유,,095610,tes,반도체,2026-05-31,bt_2025_2026_v49,missing,,,,,보유,,missing,,,,보유,,missing,,,,보유,,missing,,,,보유,,missing,,,,보유,,missing,,,,보유,,missing,
2026-05,GST,보유,,083450,gst,반도체,2026-05-31,bt_2025_2026_v49,missing,,,,,보유,,missing,,,,보유,,missing,,,,보유,,missing,,,,보유,,missing,,,,보유,,missing,,,,보유,,missing,
2026-05,에스티아이,보유,,039440,sti,반도체,2026-05-31,bt_2025_2026_v49,missing,,,,,보유,,missing,,,,보유,,missing,,,,보유,,missing,,,,보유,,missing,,,,보유,,missing,,,,보유,,missing,
2026-05,넥스틴,보유,,348210,nextin,반도체,2026-05-31,bt_2025_2026_v49,missing,,,,,보유,,missing,,,,보유,,missing,,,,보유,,missing,,,,보유,,missing,,,,보유,,missing,,,,보유,,missing,
2026-05,솔브레인,보유,,357780,soulbrain,반도체,2026-05-31,bt_2025_2026_v49,missing,,,,,보유,,missing,,,,보유,,missing,,,,보유,,missing,,,,보유,,missing,,,,보유,,missing,,,,보유,,missing,
2026-05,동진쎄미켐,보유,,005290,dongjin_semichem,반도체,2026-05-31,bt_2025_2026_v49,missing,,,,,보유,,missing,,,,보유,,missing,,,,보유,,missing,,,,보유,,missing,,,,보유,,missing,,,,보유,,missing,
2026-05,원익머트리얼즈,보유,,104830,wonik_materials,반도체,2026-05-31,bt_2025_2026_v49,missing,,,,,보유,,missing,,,,보유,,missing,,,,보유,,missing,,,,보유,,missing,,,,보유,,missing,,,,보유,,missing,
2026-05,이엔에프테크놀로지,보유,,102710,enf_tech,반도체,2026-05-31,bt_2025_2026_v49,missing,,,,,보유,,missing,,,,보유,,missing,,,,보유,,missing,,,,보유,,missing,,,,보유,,missing,,,,보유,,missing,
2026-05,티씨케이,보유,,064760,tck,반도체,2026-05-31,bt_2025_2026_v49,missing,,,,,보유,,missing,,,,보유,,missing,,,,보유,,missing,,,,보유,,missing,,,,보유,,missing,,,,보유,,missing,
2026-05,월덱스,보유,,101160,woldex,반도체,2026-05-31,bt_2025_2026_v49,missing,,,,,보유,,missing,,,,보유,,missing,,,,보유,,missing,,,,보유,,missing,,,,보유,,missing,,,,보유,,missing,
2026-05,ISC,보유,,095340,isc,반도체,2026-05-31,bt_2025_2026_v49,missing,,,,,보유,,missing,,,,보유,,missing,,,,보유,,missing,,,,보유,,missing,,,,보유,,missing,,,,보유,,missing,
2026-05,SFA반도체,보유,,036540,sfa_semicon,반도체,2026-05-31,bt_2025_2026_v49,missing,,,,,보유,,missing,,,,보유,,missing,,,,보유,,missing,,,,보유,,missing,,,,보유,,missing,,,,보유,,missing,
2026-05,두산테스나,보유,,131970,doosan_tesna,반도체,2026-05-31,bt_2025_2026_v49,missing,,,,,보유,,missing,,,,보유,,missing,,,,보유,,missing,,,,보유,,missing,,,,보유,,missing,,,,보유,,missing,
2026-05,리노공업,보유,,058470,leeno,반도체,2026-05-31,bt_2025_2026_v49,missing,,,,,보유,,missing,,,,보유,,missing,,,,보유,,missing,,,,보유,,missing,,,,보유,,missing,,,,보유,,missing,
