universe_rank,company_dir,company_name,ticker6,market,peer_group,semiconductor_tag,is_focal_5,market_data_available,data_quality_status,data_quality_status_kr,manual_review_priority,manual_review_priority_kr,valuation_proxy_score,valuation_proxy_label,valuation_proxy_label_kr,valuation_pred_label,valuation_confidence,valuation_confidence_bucket,valuation_confidence_bucket_kr,credit_risk_score,credit_proxy_label,credit_proxy_label_kr,credit_pred_label,credit_confidence,credit_confidence_bucket,credit_confidence_bucket_kr,credit_anomaly_score,credit_anomaly_flag_top15pct,auditor_requires_human_review,source_type,source_note
10,mico,미코,059090,KOSDAQ,IDM/제조/메모리,IDM/제조/메모리,True,True,OK,데이터 사용 가능,LOW,LOW,0.7733333333333334,FAIR,FAIR,FAIR,0.9066669659525092,HIGH,HIGH,0.2142857142857142,MEDIUM_RISK,중위험,MEDIUM_RISK,0.6769145960065608,MEDIUM,MEDIUM,0.10646038380774528,False,False,valuation_credit_ml_overlay_candidate.csv,208개 반도체 reference universe. Valuation Agent가 자체 intake 폴더로 복제해 Peer/ML/대시보드 비교에 사용.
22,,엘디티,096870,KOSDAQ,IDM/제조/메모리,IDM/제조/메모리,False,True,OK,데이터 사용 가능,LOW,LOW,0.7518333333333332,ATTRACTIVE,가치 매력,ATTRACTIVE,0.8817908899004964,HIGH,HIGH,0.0714285714285714,LOW_RISK,저위험,LOW_RISK,0.8068970516192283,HIGH,HIGH,0.2312715560027526,False,False,valuation_credit_ml_overlay_candidate.csv,208개 반도체 reference universe. Valuation Agent가 자체 intake 폴더로 복제해 Peer/ML/대시보드 비교에 사용.
9,,메카로,241770,KOSDAQ,IDM/제조/메모리,IDM/제조/메모리,False,True,OK,데이터 사용 가능,LOW,LOW,0.7476666666666667,ATTRACTIVE,가치 매력,ATTRACTIVE,0.9154158498128573,HIGH,HIGH,0.0,LOW_RISK,저위험,LOW_RISK,0.9196609311939408,HIGH,HIGH,0.12775877727770685,False,False,valuation_credit_ml_overlay_candidate.csv,208개 반도체 reference universe. Valuation Agent가 자체 intake 폴더로 복제해 Peer/ML/대시보드 비교에 사용.
12,,삼성전자,005930,KOSPI,IDM/제조/메모리,IDM/제조/메모리,False,True,OK,데이터 사용 가능,LOW,LOW,0.7078333333333333,ATTRACTIVE,가치 매력,ATTRACTIVE,0.9371541027950523,HIGH,HIGH,0.0,LOW_RISK,저위험,LOW_RISK,0.9760796731366836,HIGH,HIGH,0.4140062883705867,True,True,valuation_credit_ml_overlay_candidate.csv,208개 반도체 reference universe. Valuation Agent가 자체 intake 폴더로 복제해 Peer/ML/대시보드 비교에 사용.
4,,SK하이닉스,000660,KOSPI,IDM/제조/메모리,IDM/제조/메모리,False,True,OK,데이터 사용 가능,LOW,LOW,0.6933333333333334,ATTRACTIVE,가치 매력,ATTRACTIVE,0.8582250965188642,HIGH,HIGH,0.0,LOW_RISK,저위험,LOW_RISK,0.9246810687108324,HIGH,HIGH,0.4530741670429333,True,True,valuation_credit_ml_overlay_candidate.csv,208개 반도체 reference universe. Valuation Agent가 자체 intake 폴더로 복제해 Peer/ML/대시보드 비교에 사용.
32,,케이엔제이,272110,KOSDAQ,IDM/제조/메모리,IDM/제조/메모리,False,True,OK,데이터 사용 가능,LOW,LOW,0.69,FAIR,FAIR,FAIR,0.8941431334693103,HIGH,HIGH,0.3571428571428571,MEDIUM_RISK,중위험,MEDIUM_RISK,0.6916505304322266,MEDIUM,MEDIUM,0.08026450343217886,False,False,valuation_credit_ml_overlay_candidate.csv,208개 반도체 reference universe. Valuation Agent가 자체 intake 폴더로 복제해 Peer/ML/대시보드 비교에 사용.
40,,한양디지텍,078350,KOSDAQ,IDM/제조/메모리,IDM/제조/메모리,False,True,OK,데이터 사용 가능,LOW,LOW,0.6805000000000001,ATTRACTIVE,가치 매력,ATTRACTIVE,0.8705426081647281,HIGH,HIGH,0.0714285714285714,LOW_RISK,저위험,LOW_RISK,0.7978732006060483,HIGH,HIGH,0.008155150389343335,False,False,valuation_credit_ml_overlay_candidate.csv,208개 반도체 reference universe. Valuation Agent가 자체 intake 폴더로 복제해 Peer/ML/대시보드 비교에 사용.
1,dbhitek,DB하이텍,000990,KOSPI,IDM/제조/메모리,IDM/제조/메모리,True,True,OK,데이터 사용 가능,LOW,LOW,0.6653333333333333,ATTRACTIVE,가치 매력,ATTRACTIVE,0.9104444876024207,HIGH,HIGH,0.0,LOW_RISK,저위험,LOW_RISK,0.9880726272379208,HIGH,HIGH,0.04988685023425709,False,False,valuation_credit_ml_overlay_candidate.csv,208개 반도체 reference universe. Valuation Agent가 자체 intake 폴더로 복제해 Peer/ML/대시보드 비교에 사용.
24,,오디텍,080520,KOSDAQ,IDM/제조/메모리,IDM/제조/메모리,False,True,OK,데이터 사용 가능,LOW,LOW,0.6083333333333334,FAIR,FAIR,FAIR,0.8328575689014174,HIGH,HIGH,0.4285714285714285,HIGH_RISK,고위험,HIGH_RISK,0.5607063964580236,MEDIUM,MEDIUM,0.4397907707686155,True,True,valuation_credit_ml_overlay_candidate.csv,208개 반도체 reference universe. Valuation Agent가 자체 intake 폴더로 복제해 Peer/ML/대시보드 비교에 사용.
6,,그린리소스,402490,KOSDAQ,IDM/제조/메모리,IDM/제조/메모리,False,True,OK_LIMITED_HISTORY_OR_GROWTH_NA,데이터 사용 가능,LOW,LOW,0.6021666666666667,FAIR,FAIR,FAIR,0.7869051998623771,HIGH,HIGH,0.4285714285714285,HIGH_RISK,고위험,HIGH_RISK,0.5860253292011965,MEDIUM,MEDIUM,0.04512954873345755,False,True,valuation_credit_ml_overlay_candidate.csv,208개 반도체 reference universe. Valuation Agent가 자체 intake 폴더로 복제해 Peer/ML/대시보드 비교에 사용.
8,,루멘스,038060,KOSDAQ,IDM/제조/메모리,IDM/제조/메모리,False,True,OK,데이터 사용 가능,LOW,LOW,0.5970000000000001,FAIR,FAIR,FAIR,0.8437683700786414,HIGH,HIGH,0.3571428571428571,MEDIUM_RISK,중위험,MEDIUM_RISK,0.7365544810444915,HIGH,HIGH,0.0791711120821534,False,False,valuation_credit_ml_overlay_candidate.csv,208개 반도체 reference universe. Valuation Agent가 자체 intake 폴더로 복제해 Peer/ML/대시보드 비교에 사용.
37,,피델릭스,032580,KOSDAQ,IDM/제조/메모리,IDM/제조/메모리,False,True,OK,데이터 사용 가능,LOW,LOW,0.5873333333333334,FAIR,FAIR,FAIR,0.8604826019551013,HIGH,HIGH,0.5,HIGH_RISK,고위험,HIGH_RISK,0.9138628953549666,HIGH,HIGH,0.0765288896391056,False,False,valuation_credit_ml_overlay_candidate.csv,208개 반도체 reference universe. Valuation Agent가 자체 intake 폴더로 복제해 Peer/ML/대시보드 비교에 사용.
21,,엔시트론,101400,KOSDAQ,IDM/제조/메모리,IDM/제조/메모리,False,True,OK,데이터 사용 가능,LOW,LOW,0.5773333333333333,FAIR,FAIR,FAIR,0.8173941540342667,HIGH,HIGH,0.3571428571428571,MEDIUM_RISK,중위험,MEDIUM_RISK,0.7799614337035685,HIGH,HIGH,0.08202020185637905,False,False,valuation_credit_ml_overlay_candidate.csv,208개 반도체 reference universe. Valuation Agent가 자체 intake 폴더로 복제해 Peer/ML/대시보드 비교에 사용.
13,,서울바이오시스,092190,KOSDAQ,IDM/제조/메모리,IDM/제조/메모리,False,True,OK,데이터 사용 가능,LOW,LOW,0.5655,FAIR,FAIR,FAIR,0.7336783523450653,HIGH,HIGH,0.4285714285714285,HIGH_RISK,고위험,MEDIUM_RISK,0.420701328500417,LOW,LOW,0.22867438374329632,False,True,valuation_credit_ml_overlay_candidate.csv,208개 반도체 reference universe. Valuation Agent가 자체 intake 폴더로 복제해 Peer/ML/대시보드 비교에 사용.
34,,큐에스아이,066310,KOSDAQ,IDM/제조/메모리,IDM/제조/메모리,False,True,OK,데이터 사용 가능,LOW,LOW,0.5423333333333333,FAIR,FAIR,FAIR,0.5496283015517583,MEDIUM,MEDIUM,0.0714285714285714,LOW_RISK,저위험,LOW_RISK,0.8341403016587674,HIGH,HIGH,0.21446147407494193,False,False,valuation_credit_ml_overlay_candidate.csv,208개 반도체 reference universe. Valuation Agent가 자체 intake 폴더로 복제해 Peer/ML/대시보드 비교에 사용.
23,,엘오티베큠,083310,KOSDAQ,IDM/제조/메모리,IDM/제조/메모리,False,True,OK,데이터 사용 가능,LOW,LOW,0.538,FAIR,FAIR,FAIR,0.860578291373445,HIGH,HIGH,0.2142857142857142,MEDIUM_RISK,중위험,MEDIUM_RISK,0.8356274138697954,HIGH,HIGH,0.04088276425948358,False,False,valuation_credit_ml_overlay_candidate.csv,208개 반도체 reference universe. Valuation Agent가 자체 intake 폴더로 복제해 Peer/ML/대시보드 비교에 사용.
11,,비씨엔씨,146320,KOSDAQ,IDM/제조/메모리,IDM/제조/메모리,False,True,KEY_ACCOUNT_PARTIAL_MISSING,데이터 사용 가능,MEDIUM,MEDIUM,0.5365833333333333,FAIR,FAIR,FAIR,0.7033805368548921,HIGH,HIGH,0.2857142857142857,MEDIUM_RISK,중위험,MEDIUM_RISK,0.7333342608471988,HIGH,HIGH,0.031762409510830696,False,True,valuation_credit_ml_overlay_candidate.csv,208개 반도체 reference universe. Valuation Agent가 자체 intake 폴더로 복제해 Peer/ML/대시보드 비교에 사용.
36,,티엘비,356860,KOSDAQ,IDM/제조/메모리,IDM/제조/메모리,False,True,OK,데이터 사용 가능,LOW,LOW,0.5361666666666667,FAIR,FAIR,FAIR,0.8509295904965918,HIGH,HIGH,0.0714285714285714,LOW_RISK,저위험,LOW_RISK,0.6625834729097503,MEDIUM,MEDIUM,0.01843936297746685,False,False,valuation_credit_ml_overlay_candidate.csv,208개 반도체 reference universe. Valuation Agent가 자체 intake 폴더로 복제해 Peer/ML/대시보드 비교에 사용.
38,,하나머티리얼즈,166090,KOSDAQ GLOBAL,IDM/제조/메모리,IDM/제조/메모리,False,True,OK,데이터 사용 가능,LOW,LOW,0.5321666666666667,FAIR,FAIR,ATTRACTIVE,0.6425667923365267,MEDIUM,MEDIUM,0.0,LOW_RISK,저위험,LOW_RISK,0.9093779024453453,HIGH,HIGH,0.030620686282363033,False,False,valuation_credit_ml_overlay_candidate.csv,208개 반도체 reference universe. Valuation Agent가 자체 intake 폴더로 복제해 Peer/ML/대시보드 비교에 사용.
26,,웰킵스하이텍,043590,KOSDAQ,IDM/제조/메모리,IDM/제조/메모리,False,True,OK,데이터 사용 가능,LOW,LOW,0.5086666666666667,FAIR,FAIR,FAIR,0.7753200487478359,HIGH,HIGH,0.7142857142857143,HIGH_RISK,고위험,HIGH_RISK,0.947839296487721,HIGH,HIGH,0.081041930024575,False,False,valuation_credit_ml_overlay_candidate.csv,208개 반도체 reference universe. Valuation Agent가 자체 intake 폴더로 복제해 Peer/ML/대시보드 비교에 사용.
35,,테크엘,064520,KOSDAQ,IDM/제조/메모리,IDM/제조/메모리,False,True,OK,데이터 사용 가능,LOW,LOW,0.4756666666666667,FAIR,FAIR,FAIR,0.7806095936743286,HIGH,HIGH,0.5,HIGH_RISK,고위험,HIGH_RISK,0.8561648968032103,HIGH,HIGH,0.5330742789427354,True,True,valuation_credit_ml_overlay_candidate.csv,208개 반도체 reference universe. Valuation Agent가 자체 intake 폴더로 복제해 Peer/ML/대시보드 비교에 사용.
14,,서울반도체,046890,KOSDAQ GLOBAL,IDM/제조/메모리,IDM/제조/메모리,False,True,OK,데이터 사용 가능,LOW,LOW,0.4713333333333333,FAIR,FAIR,FAIR,0.8223266790603506,HIGH,HIGH,0.4285714285714285,HIGH_RISK,고위험,HIGH_RISK,0.4638497062404094,LOW,LOW,0.03475805140959721,False,True,valuation_credit_ml_overlay_candidate.csv,208개 반도체 reference universe. Valuation Agent가 자체 intake 폴더로 복제해 Peer/ML/대시보드 비교에 사용.
2,,HD현대에너지솔루션,322000,KOSPI,IDM/제조/메모리,IDM/제조/메모리,False,True,OK,데이터 사용 가능,LOW,LOW,0.465,FAIR,FAIR,FAIR,0.6226975287022534,MEDIUM,MEDIUM,0.1428571428571428,LOW_RISK,저위험,LOW_RISK,0.7991918320073205,HIGH,HIGH,0.09437249653360377,False,False,valuation_credit_ml_overlay_candidate.csv,208개 반도체 reference universe. Valuation Agent가 자체 intake 폴더로 복제해 Peer/ML/대시보드 비교에 사용.
25,,와이투솔루션,011690,KOSPI,IDM/제조/메모리,IDM/제조/메모리,False,True,OK,데이터 사용 가능,LOW,LOW,0.4601666666666666,FAIR,FAIR,FAIR,0.7379153959384467,HIGH,HIGH,0.5714285714285714,HIGH_RISK,고위험,HIGH_RISK,0.8423633310679534,HIGH,HIGH,0.03670855345736708,False,False,valuation_credit_ml_overlay_candidate.csv,208개 반도체 reference universe. Valuation Agent가 자체 intake 폴더로 복제해 Peer/ML/대시보드 비교에 사용.
16,,신성이엔지,011930,KOSPI,IDM/제조/메모리,IDM/제조/메모리,False,True,OK,데이터 사용 가능,LOW,LOW,0.4551666666666667,FAIR,FAIR,FAIR,0.7610157176994289,HIGH,HIGH,0.5714285714285714,HIGH_RISK,고위험,HIGH_RISK,0.8294308064443926,HIGH,HIGH,0.06151448502214275,False,False,valuation_credit_ml_overlay_candidate.csv,208개 반도체 reference universe. Valuation Agent가 자체 intake 폴더로 복제해 Peer/ML/대시보드 비교에 사용.
3,,KEC,092220,KOSPI,IDM/제조/메모리,IDM/제조/메모리,False,True,OK,데이터 사용 가능,LOW,LOW,0.4550000000000001,FAIR,FAIR,FAIR,0.7937660338126779,HIGH,HIGH,0.5,HIGH_RISK,고위험,HIGH_RISK,0.7303610104178266,HIGH,HIGH,0.053989845114113894,False,False,valuation_credit_ml_overlay_candidate.csv,208개 반도체 reference universe. Valuation Agent가 자체 intake 폴더로 복제해 Peer/ML/대시보드 비교에 사용.
28,,일진디스플,020760,KOSPI,IDM/제조/메모리,IDM/제조/메모리,False,True,OK,데이터 사용 가능,LOW,LOW,0.4335,FAIR,FAIR,FAIR,0.7887205359697603,HIGH,HIGH,0.6428571428571429,HIGH_RISK,고위험,HIGH_RISK,0.8165793827285804,HIGH,HIGH,0.21528045597611217,False,False,valuation_credit_ml_overlay_candidate.csv,208개 반도체 reference universe. Valuation Agent가 자체 intake 폴더로 복제해 Peer/ML/대시보드 비교에 사용.
7,,덕산하이메탈,077360,KOSDAQ,IDM/제조/메모리,IDM/제조/메모리,False,True,OK,데이터 사용 가능,LOW,LOW,0.4333333333333333,FAIR,FAIR,FAIR,0.6698541971057747,MEDIUM,MEDIUM,0.2857142857142857,MEDIUM_RISK,중위험,MEDIUM_RISK,0.6576042698954024,MEDIUM,MEDIUM,0.07260471392088348,False,False,valuation_credit_ml_overlay_candidate.csv,208개 반도체 reference universe. Valuation Agent가 자체 intake 폴더로 복제해 Peer/ML/대시보드 비교에 사용.
20,,에이디테크놀로지,200710,KOSDAQ,IDM/제조/메모리,IDM/제조/메모리,False,True,OK,데이터 사용 가능,LOW,LOW,0.4271666666666666,FAIR,FAIR,FAIR,0.6637416757093363,MEDIUM,MEDIUM,0.2857142857142857,MEDIUM_RISK,중위험,MEDIUM_RISK,0.4528354914042248,LOW,LOW,0.0588627097981607,False,True,valuation_credit_ml_overlay_candidate.csv,208개 반도체 reference universe. Valuation Agent가 자체 intake 폴더로 복제해 Peer/ML/대시보드 비교에 사용.
5,,광전자,017900,KOSPI,IDM/제조/메모리,IDM/제조/메모리,False,True,OK,데이터 사용 가능,LOW,LOW,0.4184166666666666,EXPENSIVE,EXPENSIVE,EXPENSIVE,0.6817751829328556,MEDIUM,MEDIUM,0.2142857142857142,MEDIUM_RISK,중위험,LOW_RISK,0.4656539331033742,LOW,LOW,0.24789843408919227,True,True,valuation_credit_ml_overlay_candidate.csv,208개 반도체 reference universe. Valuation Agent가 자체 intake 폴더로 복제해 Peer/ML/대시보드 비교에 사용.
19,,아진엑스텍,059120,KOSDAQ,IDM/제조/메모리,IDM/제조/메모리,False,True,OK,데이터 사용 가능,LOW,LOW,0.4128333333333333,EXPENSIVE,EXPENSIVE,EXPENSIVE,0.6635799672057409,MEDIUM,MEDIUM,0.0714285714285714,LOW_RISK,저위험,LOW_RISK,0.8000764213249202,HIGH,HIGH,0.21158533556078782,False,False,valuation_credit_ml_overlay_candidate.csv,208개 반도체 reference universe. Valuation Agent가 자체 intake 폴더로 복제해 Peer/ML/대시보드 비교에 사용.
33,,코스텍시스,355150,KOSDAQ,IDM/제조/메모리,IDM/제조/메모리,False,True,OK_LIMITED_HISTORY_OR_GROWTH_NA,데이터 사용 가능,LOW,LOW,0.4096666666666666,EXPENSIVE,EXPENSIVE,EXPENSIVE,0.7518748972741711,HIGH,HIGH,0.5,HIGH_RISK,고위험,MEDIUM_RISK,0.4364687611213146,LOW,LOW,0.06817918975036392,False,True,valuation_credit_ml_overlay_candidate.csv,208개 반도체 reference universe. Valuation Agent가 자체 intake 폴더로 복제해 Peer/ML/대시보드 비교에 사용.
27,,이미지스,115610,KOSDAQ,IDM/제조/메모리,IDM/제조/메모리,False,True,OK,데이터 사용 가능,LOW,LOW,0.3633333333333334,EXPENSIVE,EXPENSIVE,EXPENSIVE,0.7470098487547145,HIGH,HIGH,0.6428571428571429,HIGH_RISK,고위험,HIGH_RISK,0.935919815850912,HIGH,HIGH,0.1192433333650954,False,False,valuation_credit_ml_overlay_candidate.csv,208개 반도체 reference universe. Valuation Agent가 자체 intake 폴더로 복제해 Peer/ML/대시보드 비교에 사용.
15,,시지트로닉스,429270,KOSDAQ,IDM/제조/메모리,IDM/제조/메모리,False,True,OK_LIMITED_HISTORY_OR_GROWTH_NA,데이터 사용 가능,LOW,LOW,0.3513333333333333,EXPENSIVE,EXPENSIVE,EXPENSIVE,0.8423539115807104,HIGH,HIGH,0.7142857142857143,HIGH_RISK,고위험,HIGH_RISK,0.981613431413146,HIGH,HIGH,0.19555712998632233,False,True,valuation_credit_ml_overlay_candidate.csv,208개 반도체 reference universe. Valuation Agent가 자체 intake 폴더로 복제해 Peer/ML/대시보드 비교에 사용.
30,,지니틱스,303030,KOSDAQ,IDM/제조/메모리,IDM/제조/메모리,False,True,OK,데이터 사용 가능,LOW,LOW,0.3293333333333333,EXPENSIVE,EXPENSIVE,EXPENSIVE,0.6029464801919612,MEDIUM,MEDIUM,0.7142857142857143,HIGH_RISK,고위험,HIGH_RISK,0.9659545889371735,HIGH,HIGH,0.16363869698938038,False,False,valuation_credit_ml_overlay_candidate.csv,208개 반도체 reference universe. Valuation Agent가 자체 intake 폴더로 복제해 Peer/ML/대시보드 비교에 사용.
18,,아이에스티이,212710,KOSDAQ,IDM/제조/메모리,IDM/제조/메모리,False,True,OK_LIMITED_HISTORY_OR_GROWTH_NA,데이터 사용 가능,LOW,LOW,0.3126666666666666,EXPENSIVE,EXPENSIVE,EXPENSIVE,0.6642993493743579,MEDIUM,MEDIUM,0.7142857142857143,HIGH_RISK,고위험,HIGH_RISK,0.7912115569930538,HIGH,HIGH,0.13664093420882184,False,True,valuation_credit_ml_overlay_candidate.csv,208개 반도체 reference universe. Valuation Agent가 자체 intake 폴더로 복제해 Peer/ML/대시보드 비교에 사용.
31,,케이알엠,093640,KOSDAQ,IDM/제조/메모리,IDM/제조/메모리,False,True,OK,데이터 사용 가능,LOW,LOW,0.301,EXPENSIVE,EXPENSIVE,EXPENSIVE,0.7957205872008264,HIGH,HIGH,0.4285714285714285,HIGH_RISK,고위험,HIGH_RISK,0.9569765609780977,HIGH,HIGH,0.2926124347647049,True,True,valuation_credit_ml_overlay_candidate.csv,208개 반도체 reference universe. Valuation Agent가 자체 intake 폴더로 복제해 Peer/ML/대시보드 비교에 사용.
17,,쏘닉스,088280,KOSDAQ,IDM/제조/메모리,IDM/제조/메모리,False,True,OK_LIMITED_HISTORY_OR_GROWTH_NA,데이터 사용 가능,LOW,LOW,0.2925,EXPENSIVE,EXPENSIVE,EXPENSIVE,0.9167677788852596,HIGH,HIGH,0.5714285714285714,HIGH_RISK,고위험,HIGH_RISK,0.9751947390683402,HIGH,HIGH,0.11312412490832129,False,True,valuation_credit_ml_overlay_candidate.csv,208개 반도체 reference universe. Valuation Agent가 자체 intake 폴더로 복제해 Peer/ML/대시보드 비교에 사용.
29,,자람테크놀로지,389020,KOSDAQ,IDM/제조/메모리,IDM/제조/메모리,False,True,OK,데이터 사용 가능,LOW,LOW,0.1995,EXPENSIVE,EXPENSIVE,EXPENSIVE,0.6873284389381621,MEDIUM,MEDIUM,0.2142857142857142,MEDIUM_RISK,중위험,MEDIUM_RISK,0.7087592263635621,HIGH,HIGH,0.14222896108498048,False,False,valuation_credit_ml_overlay_candidate.csv,208개 반도체 reference universe. Valuation Agent가 자체 intake 폴더로 복제해 Peer/ML/대시보드 비교에 사용.
39,,하이딥,365590,KOSDAQ,IDM/제조/메모리,IDM/제조/메모리,False,True,OK,데이터 사용 가능,LOW,LOW,0.125,EXPENSIVE,EXPENSIVE,EXPENSIVE,0.93355514861914,HIGH,HIGH,0.8571428571428571,HIGH_RISK,고위험,HIGH_RISK,0.9622719553866781,HIGH,HIGH,0.9999999977412558,True,True,valuation_credit_ml_overlay_candidate.csv,208개 반도체 reference universe. Valuation Agent가 자체 intake 폴더로 복제해 Peer/ML/대시보드 비교에 사용.
203,,인터플렉스,051370,KOSDAQ,부품/기판,부품/기판,False,True,OK,데이터 사용 가능,LOW,LOW,0.709047619047619,FAIR,FAIR,FAIR,0.904555257888918,HIGH,HIGH,0.0714285714285714,LOW_RISK,저위험,LOW_RISK,0.8421993774288782,HIGH,HIGH,0.04875174090091772,False,False,valuation_credit_ml_overlay_candidate.csv,208개 반도체 reference universe. Valuation Agent가 자체 intake 폴더로 복제해 Peer/ML/대시보드 비교에 사용.
204,,자화전자,033240,KOSPI,부품/기판,부품/기판,False,True,OK,데이터 사용 가능,LOW,LOW,0.6647619047619049,FAIR,FAIR,FAIR,0.9380223994723259,HIGH,HIGH,0.0714285714285714,LOW_RISK,저위험,LOW_RISK,0.7827117376718701,HIGH,HIGH,0.004560941446629287,False,False,valuation_credit_ml_overlay_candidate.csv,208개 반도체 reference universe. Valuation Agent가 자체 intake 폴더로 복제해 Peer/ML/대시보드 비교에 사용.
206,,코미코,183300,KOSDAQ GLOBAL,부품/기판,부품/기판,False,True,OK,데이터 사용 가능,LOW,LOW,0.6342857142857143,FAIR,FAIR,FAIR,0.8305894153326006,HIGH,HIGH,0.3571428571428571,MEDIUM_RISK,중위험,MEDIUM_RISK,0.6510391794232897,MEDIUM,MEDIUM,0.08075637337557524,False,False,valuation_credit_ml_overlay_candidate.csv,208개 반도체 reference universe. Valuation Agent가 자체 intake 폴더로 복제해 Peer/ML/대시보드 비교에 사용.
196,,비에이치,090460,KOSPI,부품/기판,부품/기판,False,True,OK,데이터 사용 가능,LOW,LOW,0.5752380952380951,FAIR,FAIR,FAIR,0.5078538652826,MEDIUM,MEDIUM,0.0,LOW_RISK,저위험,LOW_RISK,0.8498731799769995,HIGH,HIGH,0.004189789054000619,False,False,valuation_credit_ml_overlay_candidate.csv,208개 반도체 reference universe. Valuation Agent가 자체 intake 폴더로 복제해 Peer/ML/대시보드 비교에 사용.
198,,심텍홀딩스,036710,KOSDAQ,부품/기판,부품/기판,False,True,OK,데이터 사용 가능,LOW,LOW,0.5323809523809524,FAIR,FAIR,FAIR,0.726519318190825,HIGH,HIGH,0.7857142857142857,HIGH_RISK,고위험,HIGH_RISK,0.9494990496511118,HIGH,HIGH,0.2133344405871512,False,False,valuation_credit_ml_overlay_candidate.csv,208개 반도체 reference universe. Valuation Agent가 자체 intake 폴더로 복제해 Peer/ML/대시보드 비교에 사용.
201,,엠디바이스,226590,KOSDAQ,부품/기판,부품/기판,False,True,OK_LIMITED_HISTORY_OR_GROWTH_NA,데이터 사용 가능,LOW,LOW,0.531904761904762,FAIR,FAIR,FAIR,0.7655361666958056,HIGH,HIGH,0.4285714285714285,HIGH_RISK,고위험,HIGH_RISK,0.5435613311923726,MEDIUM,MEDIUM,0.09953338023728169,False,True,valuation_credit_ml_overlay_candidate.csv,208개 반도체 reference universe. Valuation Agent가 자체 intake 폴더로 복제해 Peer/ML/대시보드 비교에 사용.
207,,타이거일렉,219130,KOSDAQ,부품/기판,부품/기판,False,True,OK,데이터 사용 가능,LOW,LOW,0.5066666666666667,FAIR,FAIR,FAIR,0.6463040733623892,MEDIUM,MEDIUM,0.1428571428571428,LOW_RISK,저위험,LOW_RISK,0.6693838501840603,MEDIUM,MEDIUM,0.019101509586453232,False,False,valuation_credit_ml_overlay_candidate.csv,208개 반도체 reference universe. Valuation Agent가 자체 intake 폴더로 복제해 Peer/ML/대시보드 비교에 사용.
202,,이수페타시스,007660,KOSPI,부품/기판,부품/기판,False,True,OK,데이터 사용 가능,LOW,LOW,0.5061904761904762,FAIR,FAIR,FAIR,0.599589540069591,MEDIUM,MEDIUM,0.0,LOW_RISK,저위험,LOW_RISK,0.8732919913777979,HIGH,HIGH,0.038896158054804106,False,False,valuation_credit_ml_overlay_candidate.csv,208개 반도체 reference universe. Valuation Agent가 자체 intake 폴더로 복제해 Peer/ML/대시보드 비교에 사용.
205,,코리아써키트,007810,KOSPI,부품/기판,부품/기판,False,True,OK,데이터 사용 가능,LOW,LOW,0.4676190476190476,FAIR,FAIR,FAIR,0.8409076697911426,HIGH,HIGH,0.2857142857142857,MEDIUM_RISK,중위험,LOW_RISK,0.5792263126697852,MEDIUM,MEDIUM,0.03298450854390864,False,False,valuation_credit_ml_overlay_candidate.csv,208개 반도체 reference universe. Valuation Agent가 자체 intake 폴더로 복제해 Peer/ML/대시보드 비교에 사용.
200,,아이티엠반도체,084850,KOSDAQ GLOBAL,부품/기판,부품/기판,False,True,OK,데이터 사용 가능,LOW,LOW,0.4123809523809524,EXPENSIVE,EXPENSIVE,EXPENSIVE,0.599341656390115,MEDIUM,MEDIUM,0.5,HIGH_RISK,고위험,HIGH_RISK,0.5842218052758918,MEDIUM,MEDIUM,0.24031195088694401,True,True,valuation_credit_ml_overlay_candidate.csv,208개 반도체 reference universe. Valuation Agent가 자체 intake 폴더로 복제해 Peer/ML/대시보드 비교에 사용.
195,,대덕전자,353200,KOSPI,부품/기판,부품/기판,False,True,OK,데이터 사용 가능,LOW,LOW,0.3966666666666666,EXPENSIVE,EXPENSIVE,EXPENSIVE,0.6645756407915718,MEDIUM,MEDIUM,0.1428571428571428,LOW_RISK,저위험,LOW_RISK,0.8790575945794377,HIGH,HIGH,0.04079572535822507,False,False,valuation_credit_ml_overlay_candidate.csv,208개 반도체 reference universe. Valuation Agent가 자체 intake 폴더로 복제해 Peer/ML/대시보드 비교에 사용.
197,,심텍,222800,KOSDAQ GLOBAL,부품/기판,부품/기판,False,True,OK,데이터 사용 가능,LOW,LOW,0.3776190476190476,EXPENSIVE,EXPENSIVE,EXPENSIVE,0.5170784842162837,MEDIUM,MEDIUM,0.5714285714285714,HIGH_RISK,고위험,HIGH_RISK,0.8465973773812472,HIGH,HIGH,0.10596332114746113,False,False,valuation_credit_ml_overlay_candidate.csv,208개 반도체 reference universe. Valuation Agent가 자체 intake 폴더로 복제해 Peer/ML/대시보드 비교에 사용.
199,,아이에이,038880,KOSDAQ,부품/기판,부품/기판,False,True,OK,데이터 사용 가능,LOW,LOW,0.3776190476190476,EXPENSIVE,EXPENSIVE,EXPENSIVE,0.7739089828714508,HIGH,HIGH,0.7142857142857143,HIGH_RISK,고위험,HIGH_RISK,0.9768034906818953,HIGH,HIGH,0.2681205370430481,True,True,valuation_credit_ml_overlay_candidate.csv,208개 반도체 reference universe. Valuation Agent가 자체 intake 폴더로 복제해 Peer/ML/대시보드 비교에 사용.
208,,3S,060310,KOSDAQ,부품/기판,부품/웨이퍼캐리어,False,True,OK,데이터 사용 가능,LOW,LOW,0.3409523809523809,EXPENSIVE,EXPENSIVE,EXPENSIVE,0.8755971854841007,HIGH,HIGH,0.5714285714285714,HIGH_RISK,고위험,HIGH_RISK,0.9688627439088098,HIGH,HIGH,0.13174199880530135,False,False,valuation_credit_ml_overlay_candidate.csv,208개 반도체 reference universe. Valuation Agent가 자체 intake 폴더로 복제해 Peer/ML/대시보드 비교에 사용.
139,woldex,월덱스,101160,KOSDAQ,소재,소재,True,True,OK,데이터 사용 가능,LOW,LOW,0.745897435897436,ATTRACTIVE,가치 매력,ATTRACTIVE,0.9476922450763601,HIGH,HIGH,0.0,LOW_RISK,저위험,LOW_RISK,0.9681016473230849,HIGH,HIGH,0.15527064195126172,False,False,valuation_credit_ml_overlay_candidate.csv,208개 반도체 reference universe. Valuation Agent가 자체 intake 폴더로 복제해 Peer/ML/대시보드 비교에 사용.
147,,퓨릿,445180,KOSDAQ,소재,소재,False,True,OK_LIMITED_HISTORY_OR_GROWTH_NA,데이터 사용 가능,LOW,LOW,0.7448717948717948,ATTRACTIVE,가치 매력,ATTRACTIVE,0.8817607106455689,HIGH,HIGH,0.0714285714285714,LOW_RISK,저위험,LOW_RISK,0.9587686707140917,HIGH,HIGH,0.09055441585311619,False,True,valuation_credit_ml_overlay_candidate.csv,208개 반도체 reference universe. Valuation Agent가 자체 intake 폴더로 복제해 Peer/ML/대시보드 비교에 사용.
141,enf_tech,이엔에프테크놀로지,102710,KOSDAQ,소재,소재,True,True,OK,데이터 사용 가능,LOW,LOW,0.7061538461538462,ATTRACTIVE,가치 매력,ATTRACTIVE,0.9371627732042065,HIGH,HIGH,0.0,LOW_RISK,저위험,LOW_RISK,0.8730332003988217,HIGH,HIGH,0.01762692878431683,False,False,valuation_credit_ml_overlay_candidate.csv,208개 반도체 reference universe. Valuation Agent가 자체 intake 폴더로 복제해 Peer/ML/대시보드 비교에 사용.
138,wonik_materials,원익머트리얼즈,104830,KOSDAQ,소재,소재,True,True,OK,데이터 사용 가능,LOW,LOW,0.6682051282051282,FAIR,FAIR,FAIR,0.9160049727267536,HIGH,HIGH,0.0714285714285714,LOW_RISK,저위험,LOW_RISK,0.9269592012859288,HIGH,HIGH,0.08809933839296093,False,False,valuation_credit_ml_overlay_candidate.csv,208개 반도체 reference universe. Valuation Agent가 자체 intake 폴더로 복제해 Peer/ML/대시보드 비교에 사용.
130,,솔브레인홀딩스,036830,KOSDAQ GLOBAL,소재,소재,False,True,OK,데이터 사용 가능,LOW,LOW,0.6666666666666667,ATTRACTIVE,가치 매력,ATTRACTIVE,0.5229115612060397,MEDIUM,MEDIUM,0.0,LOW_RISK,저위험,LOW_RISK,0.8942479649490351,HIGH,HIGH,0.13058276838656327,False,False,valuation_credit_ml_overlay_candidate.csv,208개 반도체 reference universe. Valuation Agent가 자체 intake 폴더로 복제해 Peer/ML/대시보드 비교에 사용.
148,hansol,한솔케미칼,014680,KOSPI,소재,소재,True,True,OK,데이터 사용 가능,LOW,LOW,0.6330769230769231,ATTRACTIVE,가치 매력,ATTRACTIVE,0.8364696976606926,HIGH,HIGH,0.0,LOW_RISK,저위험,LOW_RISK,0.9711543901439185,HIGH,HIGH,0.058190310497948615,False,False,valuation_credit_ml_overlay_candidate.csv,208개 반도체 reference universe. Valuation Agent가 자체 intake 폴더로 복제해 Peer/ML/대시보드 비교에 사용.
140,,이녹스첨단소재,272290,KOSDAQ GLOBAL,소재,소재,False,True,OK,데이터 사용 가능,LOW,LOW,0.6312820512820514,FAIR,FAIR,FAIR,0.900184891106931,HIGH,HIGH,0.0714285714285714,LOW_RISK,저위험,LOW_RISK,0.7417939360948919,HIGH,HIGH,0.06763542968359648,False,False,valuation_credit_ml_overlay_candidate.csv,208개 반도체 reference universe. Valuation Agent가 자체 intake 폴더로 복제해 Peer/ML/대시보드 비교에 사용.
133,ltc,엘티씨,170920,KOSDAQ,소재,소재,True,True,OK,데이터 사용 가능,LOW,LOW,0.5838461538461538,FAIR,FAIR,ATTRACTIVE,0.6353016273848794,MEDIUM,MEDIUM,0.0,LOW_RISK,저위험,LOW_RISK,0.9205018564538214,HIGH,HIGH,0.0038993876391341673,False,False,valuation_credit_ml_overlay_candidate.csv,208개 반도체 reference universe. Valuation Agent가 자체 intake 폴더로 복제해 Peer/ML/대시보드 비교에 사용.
146,,티이엠씨,425040,KOSDAQ,소재,소재,False,True,OK,데이터 사용 가능,LOW,LOW,0.5666666666666668,FAIR,FAIR,FAIR,0.8720430887980049,HIGH,HIGH,0.0714285714285714,LOW_RISK,저위험,LOW_RISK,0.7252297088077002,HIGH,HIGH,0.006424650558916757,False,False,valuation_credit_ml_overlay_candidate.csv,208개 반도체 reference universe. Valuation Agent가 자체 intake 폴더로 복제해 Peer/ML/대시보드 비교에 사용.
131,,에스앤에스텍,101490,KOSDAQ,소재,소재,False,True,OK,데이터 사용 가능,LOW,LOW,0.5653846153846155,FAIR,FAIR,FAIR,0.7907123507381016,HIGH,HIGH,0.0714285714285714,LOW_RISK,저위험,LOW_RISK,0.877704032267338,HIGH,HIGH,0.05130595484789171,False,False,valuation_credit_ml_overlay_candidate.csv,208개 반도체 reference universe. Valuation Agent가 자체 intake 폴더로 복제해 Peer/ML/대시보드 비교에 사용.
142,,제이아이테크,417500,KOSDAQ,소재,소재,False,True,OK,데이터 사용 가능,LOW,LOW,0.5264102564102564,FAIR,FAIR,FAIR,0.8525733569966568,HIGH,HIGH,0.0714285714285714,LOW_RISK,저위험,LOW_RISK,0.7562204122456074,HIGH,HIGH,0.026961826720125225,False,False,valuation_credit_ml_overlay_candidate.csv,208개 반도체 reference universe. Valuation Agent가 자체 intake 폴더로 복제해 Peer/ML/대시보드 비교에 사용.
137,,원익QnC,074600,KOSDAQ GLOBAL,소재,소재,False,True,OK,데이터 사용 가능,LOW,LOW,0.5156410256410257,FAIR,FAIR,ATTRACTIVE,0.4211836082778998,LOW,LOW,0.2857142857142857,MEDIUM_RISK,중위험,MEDIUM_RISK,0.6182675579184692,MEDIUM,MEDIUM,0.07153695388648715,False,True,valuation_credit_ml_overlay_candidate.csv,208개 반도체 reference universe. Valuation Agent가 자체 intake 폴더로 복제해 Peer/ML/대시보드 비교에 사용.
134,,엠케이전자,033160,KOSDAQ,소재,소재,False,True,OK,데이터 사용 가능,LOW,LOW,0.5105128205128205,FAIR,FAIR,FAIR,0.801168459079624,HIGH,HIGH,0.5714285714285714,HIGH_RISK,고위험,HIGH_RISK,0.6458821552404778,MEDIUM,MEDIUM,0.06935231891152775,False,False,valuation_credit_ml_overlay_candidate.csv,208개 반도체 reference universe. Valuation Agent가 자체 intake 폴더로 복제해 Peer/ML/대시보드 비교에 사용.
136,,와이엠티,251370,KOSDAQ,소재,소재,False,True,OK,데이터 사용 가능,LOW,LOW,0.4989743589743589,FAIR,FAIR,FAIR,0.730943868859095,HIGH,HIGH,0.2142857142857142,MEDIUM_RISK,중위험,MEDIUM_RISK,0.4510396871808976,LOW,LOW,0.021802364937517606,False,True,valuation_credit_ml_overlay_candidate.csv,208개 반도체 reference universe. Valuation Agent가 자체 intake 폴더로 복제해 Peer/ML/대시보드 비교에 사용.
145,tck,티씨케이,064760,KOSDAQ GLOBAL,소재,소재,True,True,OK,데이터 사용 가능,LOW,LOW,0.4956410256410256,FAIR,FAIR,FAIR,0.6535546916238612,MEDIUM,MEDIUM,0.0,LOW_RISK,저위험,LOW_RISK,0.7960429313317705,HIGH,HIGH,0.151556576218825,False,False,valuation_credit_ml_overlay_candidate.csv,208개 반도체 reference universe. Valuation Agent가 자체 intake 폴더로 복제해 Peer/ML/대시보드 비교에 사용.
126,dongjin_semichem,동진쎄미켐,005290,KOSDAQ,소재,소재,True,True,OK,데이터 사용 가능,LOW,LOW,0.4702564102564102,FAIR,FAIR,ATTRACTIVE,0.48929755601795294,LOW,LOW,0.0,LOW_RISK,저위험,LOW_RISK,0.9474461757717627,HIGH,HIGH,0.021813937556984325,False,True,valuation_credit_ml_overlay_candidate.csv,208개 반도체 reference universe. Valuation Agent가 자체 intake 폴더로 복제해 Peer/ML/대시보드 비교에 사용.
144,,켐트로닉스,089010,KOSDAQ,소재,소재,False,True,OK,데이터 사용 가능,LOW,LOW,0.4412820512820513,FAIR,FAIR,FAIR,0.7697961799623572,HIGH,HIGH,0.3571428571428571,MEDIUM_RISK,중위험,MEDIUM_RISK,0.46850853772952833,LOW,LOW,0.08001716573230905,False,True,valuation_credit_ml_overlay_candidate.csv,208개 반도체 reference universe. Valuation Agent가 자체 intake 폴더로 복제해 Peer/ML/대시보드 비교에 사용.
129,soulbrain,솔브레인,357780,KOSDAQ GLOBAL,소재,소재,True,True,OK,데이터 사용 가능,LOW,LOW,0.4330769230769231,FAIR,FAIR,FAIR,0.6367158518654258,MEDIUM,MEDIUM,0.0,LOW_RISK,저위험,LOW_RISK,0.9460528189989016,HIGH,HIGH,0.0320761550307272,False,False,valuation_credit_ml_overlay_candidate.csv,208개 반도체 reference universe. Valuation Agent가 자체 intake 폴더로 복제해 Peer/ML/대시보드 비교에 사용.
127,,디엔에프,092070,KOSDAQ,소재,소재,False,True,OK,데이터 사용 가능,LOW,LOW,0.4041025641025642,EXPENSIVE,EXPENSIVE,EXPENSIVE,0.6833535693717029,MEDIUM,MEDIUM,0.1428571428571428,LOW_RISK,저위험,LOW_RISK,0.5929893794662974,MEDIUM,MEDIUM,0.12453521172683771,False,False,valuation_credit_ml_overlay_candidate.csv,208개 반도체 reference universe. Valuation Agent가 자체 intake 폴더로 복제해 Peer/ML/대시보드 비교에 사용.
135,,와이씨켐,112290,KOSDAQ,소재,소재,False,True,OK,데이터 사용 가능,LOW,LOW,0.3835897435897436,EXPENSIVE,EXPENSIVE,EXPENSIVE,0.7576999610053956,HIGH,HIGH,0.5,HIGH_RISK,고위험,HIGH_RISK,0.5943318096005836,MEDIUM,MEDIUM,0.09923299749910795,False,False,valuation_credit_ml_overlay_candidate.csv,208개 반도체 reference universe. Valuation Agent가 자체 intake 폴더로 복제해 Peer/ML/대시보드 비교에 사용.
143,,천보,278280,KOSDAQ,소재,소재,False,True,OK,데이터 사용 가능,LOW,LOW,0.3387179487179487,EXPENSIVE,EXPENSIVE,EXPENSIVE,0.5721835844163214,MEDIUM,MEDIUM,0.3571428571428571,MEDIUM_RISK,중위험,MEDIUM_RISK,0.6610625585827647,MEDIUM,MEDIUM,0.09911108426869078,False,False,valuation_credit_ml_overlay_candidate.csv,208개 반도체 reference universe. Valuation Agent가 자체 intake 폴더로 복제해 Peer/ML/대시보드 비교에 사용.
149,,후성,093370,KOSPI,소재,소재,False,True,OK,데이터 사용 가능,LOW,LOW,0.3387179487179487,EXPENSIVE,EXPENSIVE,EXPENSIVE,0.7388215177779633,HIGH,HIGH,0.1428571428571428,LOW_RISK,저위험,LOW_RISK,0.6020102100460379,MEDIUM,MEDIUM,0.03702349009826696,False,False,valuation_credit_ml_overlay_candidate.csv,208개 반도체 reference universe. Valuation Agent가 자체 intake 폴더로 복제해 Peer/ML/대시보드 비교에 사용.
132,,엘케이켐,489500,KOSDAQ,소재,소재,False,True,OK_LIMITED_HISTORY_OR_GROWTH_NA,데이터 사용 가능,LOW,LOW,0.3238461538461538,EXPENSIVE,EXPENSIVE,EXPENSIVE,0.702794478496214,HIGH,HIGH,0.2857142857142857,MEDIUM_RISK,중위험,MEDIUM_RISK,0.5536965458646373,MEDIUM,MEDIUM,0.25181847400004714,True,True,valuation_credit_ml_overlay_candidate.csv,208개 반도체 reference universe. Valuation Agent가 자체 intake 폴더로 복제해 Peer/ML/대시보드 비교에 사용.
124,,SKC,011790,KOSPI,소재,소재,False,True,OK,데이터 사용 가능,LOW,LOW,0.3217948717948718,EXPENSIVE,EXPENSIVE,EXPENSIVE,0.865330691240198,HIGH,HIGH,0.7142857142857143,HIGH_RISK,고위험,HIGH_RISK,0.9272418560336225,HIGH,HIGH,0.23200310396853355,False,False,valuation_credit_ml_overlay_candidate.csv,208개 반도체 reference universe. Valuation Agent가 자체 intake 폴더로 복제해 Peer/ML/대시보드 비교에 사용.
128,,레이크머티리얼즈,281740,KOSDAQ,소재,소재,False,True,OK,데이터 사용 가능,LOW,LOW,0.2676923076923077,EXPENSIVE,EXPENSIVE,EXPENSIVE,0.7822727417954645,HIGH,HIGH,0.2857142857142857,MEDIUM_RISK,중위험,LOW_RISK,0.44190315892256776,LOW,LOW,0.0525163305941587,False,True,valuation_credit_ml_overlay_candidate.csv,208개 반도체 reference universe. Valuation Agent가 자체 intake 폴더로 복제해 Peer/ML/대시보드 비교에 사용.
125,duksan,덕산테코피아,317330,KOSDAQ,소재,소재,True,True,OK,데이터 사용 가능,LOW,LOW,0.251025641025641,EXPENSIVE,EXPENSIVE,EXPENSIVE,0.9683283970250778,HIGH,HIGH,0.7142857142857143,HIGH_RISK,고위험,HIGH_RISK,0.9663044353705786,HIGH,HIGH,0.3843555232614074,True,True,valuation_credit_ml_overlay_candidate.csv,208개 반도체 reference universe. Valuation Agent가 자체 intake 폴더로 복제해 Peer/ML/대시보드 비교에 사용.
99,,엔투텍,227950,KOSDAQ,장비,장비,False,True,OK,데이터 사용 가능,LOW,LOW,0.8128666666666667,ATTRACTIVE,가치 매력,ATTRACTIVE,0.8347222629406851,HIGH,HIGH,0.2142857142857142,MEDIUM_RISK,중위험,MEDIUM_RISK,0.5142933547274794,MEDIUM,MEDIUM,0.21193857896314997,False,False,valuation_credit_ml_overlay_candidate.csv,208개 반도체 reference universe. Valuation Agent가 자체 intake 폴더로 복제해 Peer/ML/대시보드 비교에 사용.
88,,비아트론,141000,KOSDAQ,장비,장비,False,True,OK,데이터 사용 가능,LOW,LOW,0.7105333333333335,ATTRACTIVE,가치 매력,ATTRACTIVE,0.934708213344448,HIGH,HIGH,0.0,LOW_RISK,저위험,LOW_RISK,0.9411184099481913,HIGH,HIGH,0.11715633071246634,False,False,valuation_credit_ml_overlay_candidate.csv,208개 반도체 reference universe. Valuation Agent가 자체 intake 폴더로 복제해 Peer/ML/대시보드 비교에 사용.
112,,케이씨,029460,KOSPI,장비,장비,False,True,OK,데이터 사용 가능,LOW,LOW,0.7065333333333332,ATTRACTIVE,가치 매력,ATTRACTIVE,0.9151708177015135,HIGH,HIGH,0.0,LOW_RISK,저위험,LOW_RISK,0.883115363364621,HIGH,HIGH,0.07036651203602409,False,False,valuation_credit_ml_overlay_candidate.csv,208개 반도체 reference universe. Valuation Agent가 자체 intake 폴더로 복제해 Peer/ML/대시보드 비교에 사용.
81,,더코디,224060,KOSDAQ,장비,장비,False,True,OK,데이터 사용 가능,LOW,LOW,0.6908666666666667,FAIR,FAIR,FAIR,0.6613330626239345,MEDIUM,MEDIUM,0.8571428571428571,HIGH_RISK,고위험,HIGH_RISK,0.5690179270143122,MEDIUM,MEDIUM,0.3728446721783581,True,True,valuation_credit_ml_overlay_candidate.csv,208개 반도체 reference universe. Valuation Agent가 자체 intake 폴더로 복제해 Peer/ML/대시보드 비교에 사용.
76,,KPX케미칼,025000,KOSPI,장비,장비,False,True,OK,데이터 사용 가능,LOW,LOW,0.6876,ATTRACTIVE,가치 매력,ATTRACTIVE,0.9091955435785402,HIGH,HIGH,0.0,LOW_RISK,저위험,LOW_RISK,0.9222174142026104,HIGH,HIGH,0.13901835477996793,False,False,valuation_credit_ml_overlay_candidate.csv,208개 반도체 reference universe. Valuation Agent가 자체 intake 폴더로 복제해 Peer/ML/대시보드 비교에 사용.
91,,성도이엔지,037350,KOSDAQ,장비,장비,False,True,OK,데이터 사용 가능,LOW,LOW,0.6874666666666667,ATTRACTIVE,가치 매력,ATTRACTIVE,0.9250659167833418,HIGH,HIGH,0.0,LOW_RISK,저위험,LOW_RISK,0.7848826000183735,HIGH,HIGH,0.02320770424808947,False,False,valuation_credit_ml_overlay_candidate.csv,208개 반도체 reference universe. Valuation Agent가 자체 intake 폴더로 복제해 Peer/ML/대시보드 비교에 사용.
105,,유니퀘스트,077500,KOSPI,장비,장비,False,True,OK,데이터 사용 가능,LOW,LOW,0.6784,ATTRACTIVE,가치 매력,ATTRACTIVE,0.8881603628406226,HIGH,HIGH,0.0,LOW_RISK,저위험,LOW_RISK,0.8138676885332061,HIGH,HIGH,0.042139285734196785,False,False,valuation_credit_ml_overlay_candidate.csv,208개 반도체 reference universe. Valuation Agent가 자체 intake 폴더로 복제해 Peer/ML/대시보드 비교에 사용.
123,,한솔아이원스,114810,KOSDAQ,장비,장비,False,True,OK,데이터 사용 가능,LOW,LOW,0.6648,ATTRACTIVE,가치 매력,ATTRACTIVE,0.9031428820161691,HIGH,HIGH,0.1428571428571428,LOW_RISK,저위험,LOW_RISK,0.8626763542915618,HIGH,HIGH,0.040357003305963514,False,False,valuation_credit_ml_overlay_candidate.csv,208개 반도체 reference universe. Valuation Agent가 자체 intake 폴더로 복제해 Peer/ML/대시보드 비교에 사용.
74,gst,GST,083450,KOSDAQ,장비,장비,True,True,OK,데이터 사용 가능,LOW,LOW,0.6474666666666666,ATTRACTIVE,가치 매력,ATTRACTIVE,0.900491542853433,HIGH,HIGH,0.0,LOW_RISK,저위험,LOW_RISK,0.9914514013000448,HIGH,HIGH,0.030956097033645616,False,False,valuation_credit_ml_overlay_candidate.csv,208개 반도체 reference universe. Valuation Agent가 자체 intake 폴더로 복제해 Peer/ML/대시보드 비교에 사용.
117,,티이엠씨씨엔에스,241790,KOSDAQ,장비,장비,False,True,OK,데이터 사용 가능,LOW,LOW,0.6393333333333333,ATTRACTIVE,가치 매력,ATTRACTIVE,0.8915695356337118,HIGH,HIGH,0.0714285714285714,LOW_RISK,저위험,LOW_RISK,0.8390932561788113,HIGH,HIGH,0.02833353868990863,False,False,valuation_credit_ml_overlay_candidate.csv,208개 반도체 reference universe. Valuation Agent가 자체 intake 폴더로 복제해 Peer/ML/대시보드 비교에 사용.
82,,디아이티,110990,KOSDAQ,장비,장비,False,True,OK,데이터 사용 가능,LOW,LOW,0.6341333333333333,ATTRACTIVE,가치 매력,ATTRACTIVE,0.8847780199048246,HIGH,HIGH,0.0,LOW_RISK,저위험,LOW_RISK,0.9680387620928,HIGH,HIGH,0.10339551954594055,False,False,valuation_credit_ml_overlay_candidate.csv,208개 반도체 reference universe. Valuation Agent가 자체 intake 폴더로 복제해 Peer/ML/대시보드 비교에 사용.
113,,케이씨텍,281820,KOSPI,장비,장비,False,True,OK,데이터 사용 가능,LOW,LOW,0.6314666666666666,ATTRACTIVE,가치 매력,ATTRACTIVE,0.8895261430914092,HIGH,HIGH,0.0,LOW_RISK,저위험,LOW_RISK,0.9840164809601727,HIGH,HIGH,0.08604596455969397,False,False,valuation_credit_ml_overlay_candidate.csv,208개 반도체 reference universe. Valuation Agent가 자체 intake 폴더로 복제해 Peer/ML/대시보드 비교에 사용.
85,,로체시스템즈,071280,KOSDAQ,장비,장비,False,True,OK,데이터 사용 가능,LOW,LOW,0.6258666666666667,ATTRACTIVE,가치 매력,ATTRACTIVE,0.9642438845844894,HIGH,HIGH,0.0714285714285714,LOW_RISK,저위험,LOW_RISK,0.865361141095959,HIGH,HIGH,0.12835380231692475,False,False,valuation_credit_ml_overlay_candidate.csv,208개 반도체 reference universe. Valuation Agent가 자체 intake 폴더로 복제해 Peer/ML/대시보드 비교에 사용.
95,,아이씨디,040910,KOSDAQ,장비,장비,False,True,OK,데이터 사용 가능,LOW,LOW,0.6158666666666667,FAIR,FAIR,FAIR,0.692546582663732,MEDIUM,MEDIUM,0.0714285714285714,LOW_RISK,저위험,LOW_RISK,0.44849044524296083,LOW,LOW,0.036739402266510075,False,True,valuation_credit_ml_overlay_candidate.csv,208개 반도체 reference universe. Valuation Agent가 자체 intake 폴더로 복제해 Peer/ML/대시보드 비교에 사용.
96,,에스에프에이,056190,KOSDAQ GLOBAL,장비,장비,False,True,OK,데이터 사용 가능,LOW,LOW,0.6098666666666667,ATTRACTIVE,가치 매력,ATTRACTIVE,0.8690882589557657,HIGH,HIGH,0.0,LOW_RISK,저위험,LOW_RISK,0.9436125736629892,HIGH,HIGH,0.014784178233183152,False,False,valuation_credit_ml_overlay_candidate.csv,208개 반도체 reference universe. Valuation Agent가 자체 intake 폴더로 복제해 Peer/ML/대시보드 비교에 사용.
89,,삼양엔씨켐,482630,KOSDAQ,장비,장비,False,True,OK_LIMITED_HISTORY_OR_GROWTH_NA,데이터 사용 가능,LOW,LOW,0.5993333333333333,ATTRACTIVE,가치 매력,ATTRACTIVE,0.6408467710997098,MEDIUM,MEDIUM,0.0714285714285714,LOW_RISK,저위험,LOW_RISK,0.9401160844253347,HIGH,HIGH,0.028901776832829695,False,True,valuation_credit_ml_overlay_candidate.csv,208개 반도체 reference universe. Valuation Agent가 자체 intake 폴더로 복제해 Peer/ML/대시보드 비교에 사용.
92,,싸이맥스,160980,KOSDAQ,장비,장비,False,True,OK,데이터 사용 가능,LOW,LOW,0.5961333333333334,ATTRACTIVE,가치 매력,ATTRACTIVE,0.8128181122496774,HIGH,HIGH,0.0,LOW_RISK,저위험,LOW_RISK,0.9687749577011366,HIGH,HIGH,0.14360930410301745,False,False,valuation_credit_ml_overlay_candidate.csv,208개 반도체 reference universe. Valuation Agent가 자체 intake 폴더로 복제해 Peer/ML/대시보드 비교에 사용.
80,,뉴파워프라즈마,144960,KOSDAQ,장비,장비,False,True,OK,데이터 사용 가능,LOW,LOW,0.5749333333333334,FAIR,FAIR,FAIR,0.868464354966477,HIGH,HIGH,0.2142857142857142,MEDIUM_RISK,중위험,MEDIUM_RISK,0.7046290499893975,HIGH,HIGH,0.04196333332906741,False,False,valuation_credit_ml_overlay_candidate.csv,208개 반도체 reference universe. Valuation Agent가 자체 intake 폴더로 복제해 Peer/ML/대시보드 비교에 사용.
107,,이엘씨,041520,KOSDAQ,장비,장비,False,True,OK,데이터 사용 가능,LOW,LOW,0.5722,FAIR,FAIR,FAIR,0.7059172837936919,HIGH,HIGH,0.3571428571428571,MEDIUM_RISK,중위험,MEDIUM_RISK,0.6140431256310129,MEDIUM,MEDIUM,0.48123065048868763,True,True,valuation_credit_ml_overlay_candidate.csv,208개 반도체 reference universe. Valuation Agent가 자체 intake 폴더로 복제해 Peer/ML/대시보드 비교에 사용.
119,,포인트엔지니어링,256630,KOSDAQ,장비,장비,False,True,OK,데이터 사용 가능,LOW,LOW,0.5648666666666666,FAIR,FAIR,FAIR,0.735270480034121,HIGH,HIGH,0.1428571428571428,LOW_RISK,저위험,LOW_RISK,0.46973098100913,LOW,LOW,0.13639895278143657,False,True,valuation_credit_ml_overlay_candidate.csv,208개 반도체 reference universe. Valuation Agent가 자체 intake 폴더로 복제해 Peer/ML/대시보드 비교에 사용.
116,tes,테스,095610,KOSDAQ,장비,장비,True,True,OK,데이터 사용 가능,LOW,LOW,0.5640000000000001,FAIR,FAIR,FAIR,0.5083695341145091,MEDIUM,MEDIUM,0.1428571428571428,LOW_RISK,저위험,LOW_RISK,0.8915902677510841,HIGH,HIGH,0.04910195891941634,False,False,valuation_credit_ml_overlay_candidate.csv,208개 반도체 reference universe. Valuation Agent가 자체 intake 폴더로 복제해 Peer/ML/대시보드 비교에 사용.
104,,유니셈,036200,KOSDAQ,장비,장비,False,True,OK,데이터 사용 가능,LOW,LOW,0.5409333333333334,FAIR,FAIR,FAIR,0.751305499027411,HIGH,HIGH,0.2142857142857142,MEDIUM_RISK,중위험,MEDIUM_RISK,0.7587275691055257,HIGH,HIGH,0.05351211711100475,False,False,valuation_credit_ml_overlay_candidate.csv,208개 반도체 reference universe. Valuation Agent가 자체 intake 폴더로 복제해 Peer/ML/대시보드 비교에 사용.
121,,피에스케이홀딩스,031980,KOSDAQ,장비,장비,False,True,OK,데이터 사용 가능,LOW,LOW,0.5385333333333334,FAIR,FAIR,FAIR,0.7521125976897308,HIGH,HIGH,0.0,LOW_RISK,저위험,LOW_RISK,0.936112522374784,HIGH,HIGH,0.21000654030466528,False,False,valuation_credit_ml_overlay_candidate.csv,208개 반도체 reference universe. Valuation Agent가 자체 intake 폴더로 복제해 Peer/ML/대시보드 비교에 사용.
102,,워트,396470,KOSDAQ,장비,장비,False,True,OK_LIMITED_HISTORY_OR_GROWTH_NA,데이터 사용 가능,LOW,LOW,0.5384000000000001,FAIR,FAIR,FAIR,0.6073344328439819,MEDIUM,MEDIUM,0.0714285714285714,LOW_RISK,저위험,LOW_RISK,0.8767524187887936,HIGH,HIGH,0.4537372664198796,True,True,valuation_credit_ml_overlay_candidate.csv,208개 반도체 reference universe. Valuation Agent가 자체 intake 폴더로 복제해 Peer/ML/대시보드 비교에 사용.
120,psk,피에스케이,319660,KOSDAQ GLOBAL,장비,장비,True,True,OK,데이터 사용 가능,LOW,LOW,0.5357333333333333,FAIR,FAIR,FAIR,0.7072072873445469,HIGH,HIGH,0.0,LOW_RISK,저위험,LOW_RISK,0.9811059783961981,HIGH,HIGH,0.06486271422414225,False,False,valuation_credit_ml_overlay_candidate.csv,208개 반도체 reference universe. Valuation Agent가 자체 intake 폴더로 복제해 Peer/ML/대시보드 비교에 사용.
87,,브이엠,089970,KOSDAQ,장비,장비,False,True,OK,데이터 사용 가능,LOW,LOW,0.5204000000000001,FAIR,FAIR,FAIR,0.737579554357605,HIGH,HIGH,0.0,LOW_RISK,저위험,LOW_RISK,0.9262131686985617,HIGH,HIGH,0.095895233286532,False,False,valuation_credit_ml_overlay_candidate.csv,208개 반도체 reference universe. Valuation Agent가 자체 intake 폴더로 복제해 Peer/ML/대시보드 비교에 사용.
114,,코세스,089890,KOSDAQ,장비,장비,False,True,OK,데이터 사용 가능,LOW,LOW,0.4978666666666667,FAIR,FAIR,FAIR,0.7228094449358575,HIGH,HIGH,0.0714285714285714,LOW_RISK,저위험,LOW_RISK,0.7776657060311913,HIGH,HIGH,0.08712413247882898,False,False,valuation_credit_ml_overlay_candidate.csv,208개 반도체 reference universe. Valuation Agent가 자체 intake 폴더로 복제해 Peer/ML/대시보드 비교에 사용.
115,,코스텍시스템,169670,KONEX,장비,장비,False,True,NO_DART_FINANCIAL_DATA,데이터 사용 가능,HIGH,HIGH,0.4959999999999999,FAIR,FAIR,FAIR,0.9640840061970892,HIGH,HIGH,0.2142857142857142,MEDIUM_RISK,중위험,MEDIUM_RISK,0.7627943410657042,HIGH,HIGH,0.1642174593956627,False,True,valuation_credit_ml_overlay_candidate.csv,208개 반도체 reference universe. Valuation Agent가 자체 intake 폴더로 복제해 Peer/ML/대시보드 비교에 사용.
75,,HPSP,403870,KOSDAQ GLOBAL,장비,장비,False,True,OK,데이터 사용 가능,LOW,LOW,0.4751999999999999,FAIR,FAIR,FAIR,0.7108284021978194,HIGH,HIGH,0.0,LOW_RISK,저위험,LOW_RISK,0.9192147630692069,HIGH,HIGH,0.3306557234104388,True,True,valuation_credit_ml_overlay_candidate.csv,208개 반도체 reference universe. Valuation Agent가 자체 intake 폴더로 복제해 Peer/ML/대시보드 비교에 사용.
103,wonik_ips,원익IPS,240810,KOSDAQ GLOBAL,장비,장비,True,True,OK,데이터 사용 가능,LOW,LOW,0.4634666666666667,FAIR,FAIR,FAIR,0.5727476694226805,MEDIUM,MEDIUM,0.0714285714285714,LOW_RISK,저위험,LOW_RISK,0.9598478437041975,HIGH,HIGH,0.08568837626660758,False,False,valuation_credit_ml_overlay_candidate.csv,208개 반도체 reference universe. Valuation Agent가 자체 intake 폴더로 복제해 Peer/ML/대시보드 비교에 사용.
118,,파크시스템스,140860,KOSDAQ GLOBAL,장비,장비,False,True,OK,데이터 사용 가능,LOW,LOW,0.4611999999999999,FAIR,FAIR,FAIR,0.7158734205313764,HIGH,HIGH,0.0714285714285714,LOW_RISK,저위험,LOW_RISK,0.8562648725642331,HIGH,HIGH,0.038412769981702295,False,False,valuation_credit_ml_overlay_candidate.csv,208개 반도체 reference universe. Valuation Agent가 자체 intake 폴더로 복제해 Peer/ML/대시보드 비교에 사용.
90,,서플러스글로벌,140070,KOSDAQ,장비,장비,False,True,OK,데이터 사용 가능,LOW,LOW,0.4594666666666667,FAIR,FAIR,FAIR,0.6515364241286621,MEDIUM,MEDIUM,0.7142857142857143,HIGH_RISK,고위험,HIGH_RISK,0.9338637410254204,HIGH,HIGH,0.11246105889395507,False,False,valuation_credit_ml_overlay_candidate.csv,208개 반도체 reference universe. Valuation Agent가 자체 intake 폴더로 복제해 Peer/ML/대시보드 비교에 사용.
97,sti,에스티아이,039440,KOSDAQ,장비,장비,True,True,OK,데이터 사용 가능,LOW,LOW,0.4549999999999999,FAIR,FAIR,FAIR,0.53270990340385,MEDIUM,MEDIUM,0.0,LOW_RISK,저위험,LOW_RISK,0.911990788525375,HIGH,HIGH,0.012946139293246964,False,False,valuation_credit_ml_overlay_candidate.csv,208개 반도체 reference universe. Valuation Agent가 자체 intake 폴더로 복제해 Peer/ML/대시보드 비교에 사용.
106,eugene_tech,유진테크,084370,KOSDAQ,장비,장비,True,True,OK,데이터 사용 가능,LOW,LOW,0.4335999999999999,FAIR,FAIR,FAIR,0.7415227894291446,HIGH,HIGH,0.0,LOW_RISK,저위험,LOW_RISK,0.972105078189685,HIGH,HIGH,0.06698695126425369,False,False,valuation_credit_ml_overlay_candidate.csv,208개 반도체 reference universe. Valuation Agent가 자체 intake 폴더로 복제해 Peer/ML/대시보드 비교에 사용.
109,,제우스,079370,KOSDAQ,장비,장비,False,True,OK,데이터 사용 가능,LOW,LOW,0.4258666666666666,FAIR,FAIR,FAIR,0.7744454918412472,HIGH,HIGH,0.2142857142857142,MEDIUM_RISK,중위험,MEDIUM_RISK,0.7526716293270965,HIGH,HIGH,0.011543006177035572,False,False,valuation_credit_ml_overlay_candidate.csv,208개 반도체 reference universe. Valuation Agent가 자체 intake 폴더로 복제해 Peer/ML/대시보드 비교에 사용.
83,,램테크놀러지,171010,KOSDAQ,장비,장비,False,True,OK,데이터 사용 가능,LOW,LOW,0.4097333333333334,EXPENSIVE,EXPENSIVE,FAIR,0.500591784236833,MEDIUM,MEDIUM,0.6428571428571429,HIGH_RISK,고위험,HIGH_RISK,0.7085071659992903,HIGH,HIGH,0.08748635209855961,False,False,valuation_credit_ml_overlay_candidate.csv,208개 반도체 reference universe. Valuation Agent가 자체 intake 폴더로 복제해 Peer/ML/대시보드 비교에 사용.
108,,저스템,417840,KOSDAQ,장비,장비,False,True,OK,데이터 사용 가능,LOW,LOW,0.4036,EXPENSIVE,EXPENSIVE,EXPENSIVE,0.7213257522774291,HIGH,HIGH,0.2857142857142857,MEDIUM_RISK,중위험,MEDIUM_RISK,0.6200895030304687,MEDIUM,MEDIUM,0.06530461326030516,False,False,valuation_credit_ml_overlay_candidate.csv,208개 반도체 reference universe. Valuation Agent가 자체 intake 폴더로 복제해 Peer/ML/대시보드 비교에 사용.
111,,지아이에스,306620,KOSDAQ,장비,장비,False,True,OK,데이터 사용 가능,LOW,LOW,0.4014666666666666,EXPENSIVE,EXPENSIVE,EXPENSIVE,0.745903271306321,HIGH,HIGH,0.5714285714285714,HIGH_RISK,고위험,HIGH_RISK,0.7985810664806972,HIGH,HIGH,0.10027107402555603,False,False,valuation_credit_ml_overlay_candidate.csv,208개 반도체 reference universe. Valuation Agent가 자체 intake 폴더로 복제해 Peer/ML/대시보드 비교에 사용.
98,,에프에스티,036810,KOSDAQ,장비,장비,False,True,OK,데이터 사용 가능,LOW,LOW,0.3826666666666666,EXPENSIVE,EXPENSIVE,EXPENSIVE,0.8925631629286743,HIGH,HIGH,0.5,HIGH_RISK,고위험,HIGH_RISK,0.6842794288306946,MEDIUM,MEDIUM,0.03870825972114044,False,False,valuation_credit_ml_overlay_candidate.csv,208개 반도체 reference universe. Valuation Agent가 자체 intake 폴더로 복제해 Peer/ML/대시보드 비교에 사용.
78,,나노신소재,121600,KOSDAQ,장비,장비,False,True,OK,데이터 사용 가능,LOW,LOW,0.3822666666666666,EXPENSIVE,EXPENSIVE,EXPENSIVE,0.7555342246021253,HIGH,HIGH,0.0,LOW_RISK,저위험,LOW_RISK,0.6225133085657061,MEDIUM,MEDIUM,0.006422827813209868,False,False,valuation_credit_ml_overlay_candidate.csv,208개 반도체 reference universe. Valuation Agent가 자체 intake 폴더로 복제해 Peer/ML/대시보드 비교에 사용.
93,,씨엠티엑스,388210,KOSDAQ,장비,장비,False,True,OK_LIMITED_HISTORY_OR_GROWTH_NA,데이터 사용 가능,LOW,LOW,0.3652666666666667,EXPENSIVE,EXPENSIVE,EXPENSIVE,0.7157707609420977,HIGH,HIGH,0.2142857142857142,MEDIUM_RISK,중위험,MEDIUM_RISK,0.6836967884951827,MEDIUM,MEDIUM,0.10495929656754996,False,True,valuation_credit_ml_overlay_candidate.csv,208개 반도체 reference universe. Valuation Agent가 자체 intake 폴더로 복제해 Peer/ML/대시보드 비교에 사용.
94,,아스플로,159010,KOSDAQ,장비,장비,False,True,OK,데이터 사용 가능,LOW,LOW,0.3025333333333333,EXPENSIVE,EXPENSIVE,EXPENSIVE,0.8970141905473263,HIGH,HIGH,0.5714285714285714,HIGH_RISK,고위험,HIGH_RISK,0.9808254047374049,HIGH,HIGH,0.04621877213272216,False,False,valuation_credit_ml_overlay_candidate.csv,208개 반도체 reference universe. Valuation Agent가 자체 intake 폴더로 복제해 Peer/ML/대시보드 비교에 사용.
101,,오로스테크놀로지,322310,KOSDAQ,장비,장비,False,True,OK,데이터 사용 가능,LOW,LOW,0.2969333333333333,EXPENSIVE,EXPENSIVE,EXPENSIVE,0.9263479879516093,HIGH,HIGH,0.2857142857142857,MEDIUM_RISK,중위험,HIGH_RISK,0.5823799649469713,MEDIUM,MEDIUM,0.025687830037607388,False,False,valuation_credit_ml_overlay_candidate.csv,208개 반도체 reference universe. Valuation Agent가 자체 intake 폴더로 복제해 Peer/ML/대시보드 비교에 사용.
84,,러셀,217500,KOSDAQ,장비,장비,False,True,OK,데이터 사용 가능,LOW,LOW,0.2889333333333334,EXPENSIVE,EXPENSIVE,EXPENSIVE,0.873177337125051,HIGH,HIGH,0.5714285714285714,HIGH_RISK,고위험,HIGH_RISK,0.9431199578760465,HIGH,HIGH,0.17682420550247213,False,False,valuation_credit_ml_overlay_candidate.csv,208개 반도체 reference universe. Valuation Agent가 자체 intake 폴더로 복제해 Peer/ML/대시보드 비교에 사용.
86,,미래컴퍼니,049950,KOSDAQ,장비,장비,False,True,OK,데이터 사용 가능,LOW,LOW,0.2874666666666666,EXPENSIVE,EXPENSIVE,EXPENSIVE,0.8354805452058427,HIGH,HIGH,0.4285714285714285,HIGH_RISK,고위험,HIGH_RISK,0.8989374267322742,HIGH,HIGH,0.23454395430777328,True,True,valuation_credit_ml_overlay_candidate.csv,208개 반도체 reference universe. Valuation Agent가 자체 intake 폴더로 복제해 Peer/ML/대시보드 비교에 사용.
100,,예스티,122640,KOSDAQ,장비,장비,False,True,OK,데이터 사용 가능,LOW,LOW,0.2778666666666666,EXPENSIVE,EXPENSIVE,EXPENSIVE,0.8070752756860592,HIGH,HIGH,0.2142857142857142,MEDIUM_RISK,중위험,MEDIUM_RISK,0.6435379731563315,MEDIUM,MEDIUM,0.013991683799831916,False,False,valuation_credit_ml_overlay_candidate.csv,208개 반도체 reference universe. Valuation Agent가 자체 intake 폴더로 복제해 Peer/ML/대시보드 비교에 사용.
77,,기가레인,049080,KOSDAQ,장비,장비,False,True,OK,데이터 사용 가능,LOW,LOW,0.2353333333333333,EXPENSIVE,EXPENSIVE,EXPENSIVE,0.9628494209555842,HIGH,HIGH,0.5,HIGH_RISK,고위험,HIGH_RISK,0.9675100472985046,HIGH,HIGH,0.24264303605410006,True,True,valuation_credit_ml_overlay_candidate.csv,208개 반도체 reference universe. Valuation Agent가 자체 intake 폴더로 복제해 Peer/ML/대시보드 비교에 사용.
79,nextin,넥스틴,348210,KOSDAQ GLOBAL,장비,장비,True,True,OK,데이터 사용 가능,LOW,LOW,0.2353333333333333,EXPENSIVE,EXPENSIVE,EXPENSIVE,0.7906546201121369,HIGH,HIGH,0.4285714285714285,HIGH_RISK,고위험,HIGH_RISK,0.8216799677089676,HIGH,HIGH,0.0826003513380603,False,False,valuation_credit_ml_overlay_candidate.csv,208개 반도체 reference universe. Valuation Agent가 자체 intake 폴더로 복제해 Peer/ML/대시보드 비교에 사용.
110,,주성엔지니어링,036930,KOSDAQ GLOBAL,장비,장비,False,True,OK,데이터 사용 가능,LOW,LOW,0.2335999999999999,EXPENSIVE,EXPENSIVE,EXPENSIVE,0.7918979957613304,HIGH,HIGH,0.2857142857142857,MEDIUM_RISK,중위험,MEDIUM_RISK,0.4347911224964779,LOW,LOW,0.0617535897003664,False,True,valuation_credit_ml_overlay_candidate.csv,208개 반도체 reference universe. Valuation Agent가 자체 intake 폴더로 복제해 Peer/ML/대시보드 비교에 사용.
122,,필옵틱스,161580,KOSDAQ,장비,장비,False,True,OK,데이터 사용 가능,LOW,LOW,0.1741333333333333,EXPENSIVE,EXPENSIVE,EXPENSIVE,0.9632435860929522,HIGH,HIGH,0.2857142857142857,MEDIUM_RISK,중위험,MEDIUM_RISK,0.6167987381468966,MEDIUM,MEDIUM,0.06203854489426491,False,False,valuation_credit_ml_overlay_candidate.csv,208개 반도체 reference universe. Valuation Agent가 자체 intake 폴더로 복제해 Peer/ML/대시보드 비교에 사용.
62,,에스에이엠티,031330,KOSDAQ,팹리스/설계,팹리스/설계,False,True,OK,데이터 사용 가능,LOW,LOW,0.7838383838383839,FAIR,FAIR,FAIR,0.8575928985222669,HIGH,HIGH,0.5,HIGH_RISK,고위험,HIGH_RISK,0.5021487096911619,MEDIUM,MEDIUM,0.11372149345925425,False,False,valuation_credit_ml_overlay_candidate.csv,208개 반도체 reference universe. Valuation Agent가 자체 intake 폴더로 복제해 Peer/ML/대시보드 비교에 사용.
65,,유니트론텍,142210,KOSDAQ,팹리스/설계,팹리스/설계,False,True,OK,데이터 사용 가능,LOW,LOW,0.7478787878787879,FAIR,FAIR,FAIR,0.8593164302034415,HIGH,HIGH,0.3571428571428571,MEDIUM_RISK,중위험,MEDIUM_RISK,0.6687746551665015,MEDIUM,MEDIUM,0.05354194050015521,False,False,valuation_credit_ml_overlay_candidate.csv,208개 반도체 reference universe. Valuation Agent가 자체 intake 폴더로 복제해 Peer/ML/대시보드 비교에 사용.
60,,앤씨앤,092600,KOSDAQ,팹리스/설계,팹리스/설계,False,True,OK,데이터 사용 가능,LOW,LOW,0.7450505050505051,FAIR,FAIR,FAIR,0.8450252323777523,HIGH,HIGH,0.5,HIGH_RISK,고위험,HIGH_RISK,0.6852720703017778,MEDIUM,MEDIUM,0.05126917274476802,False,False,valuation_credit_ml_overlay_candidate.csv,208개 반도체 reference universe. Valuation Agent가 자체 intake 폴더로 복제해 Peer/ML/대시보드 비교에 사용.
47,,마이크로컨텍솔,098120,KOSDAQ,팹리스/설계,팹리스/설계,False,True,OK,데이터 사용 가능,LOW,LOW,0.7383838383838384,ATTRACTIVE,가치 매력,ATTRACTIVE,0.8262966149459129,HIGH,HIGH,0.1428571428571428,LOW_RISK,저위험,LOW_RISK,0.7491981695245683,HIGH,HIGH,0.08427857084894262,False,False,valuation_credit_ml_overlay_candidate.csv,208개 반도체 reference universe. Valuation Agent가 자체 intake 폴더로 복제해 Peer/ML/대시보드 비교에 사용.
55,,아이앤씨,052860,KOSDAQ,팹리스/설계,팹리스/설계,False,True,OK,데이터 사용 가능,LOW,LOW,0.7325252525252526,ATTRACTIVE,가치 매력,ATTRACTIVE,0.9267130449922303,HIGH,HIGH,0.0,LOW_RISK,저위험,LOW_RISK,0.8920304728976969,HIGH,HIGH,0.022475117759514655,False,False,valuation_credit_ml_overlay_candidate.csv,208개 반도체 reference universe. Valuation Agent가 자체 intake 폴더로 복제해 Peer/ML/대시보드 비교에 사용.
48,,매커스,093520,KOSDAQ,팹리스/설계,팹리스/설계,False,True,OK,데이터 사용 가능,LOW,LOW,0.7056565656565656,ATTRACTIVE,가치 매력,ATTRACTIVE,0.9375173489226767,HIGH,HIGH,0.0,LOW_RISK,저위험,LOW_RISK,0.8297390345025338,HIGH,HIGH,0.08420442573717486,False,False,valuation_credit_ml_overlay_candidate.csv,208개 반도체 reference universe. Valuation Agent가 자체 intake 폴더로 복제해 Peer/ML/대시보드 비교에 사용.
41,lxsemicon,LX세미콘,108320,KOSPI,팹리스/설계,팹리스/설계,True,True,OK,데이터 사용 가능,LOW,LOW,0.6953535353535354,ATTRACTIVE,가치 매력,ATTRACTIVE,0.951012131492064,HIGH,HIGH,0.0,LOW_RISK,저위험,LOW_RISK,0.9675260077633142,HIGH,HIGH,0.0526549169074082,False,False,valuation_credit_ml_overlay_candidate.csv,208개 반도체 reference universe. Valuation Agent가 자체 intake 폴더로 복제해 Peer/ML/대시보드 비교에 사용.
61,abov,어보브반도체,102120,KOSDAQ,팹리스/설계,팹리스/설계,True,True,OK,데이터 사용 가능,LOW,LOW,0.6933333333333332,FAIR,FAIR,FAIR,0.9028406871788379,HIGH,HIGH,0.0714285714285714,LOW_RISK,저위험,LOW_RISK,0.7134163381020407,HIGH,HIGH,0.020764615542161708,False,False,valuation_credit_ml_overlay_candidate.csv,208개 반도체 reference universe. Valuation Agent가 자체 intake 폴더로 복제해 Peer/ML/대시보드 비교에 사용.
58,,알에프세미,096610,KOSDAQ,팹리스/설계,팹리스/설계,False,True,OK,데이터 사용 가능,LOW,LOW,0.603030303030303,ATTRACTIVE,가치 매력,ATTRACTIVE,0.8083150256499313,HIGH,HIGH,0.0714285714285714,LOW_RISK,저위험,LOW_RISK,0.8655657172147194,HIGH,HIGH,0.30686355706948754,True,True,valuation_credit_ml_overlay_candidate.csv,208개 반도체 reference universe. Valuation Agent가 자체 intake 폴더로 복제해 Peer/ML/대시보드 비교에 사용.
66,jeju_semicon,제주반도체,080220,KOSDAQ,팹리스/설계,팹리스/설계,True,True,OK,데이터 사용 가능,LOW,LOW,0.5917171717171718,ATTRACTIVE,가치 매력,ATTRACTIVE,0.6955424557105586,MEDIUM,MEDIUM,0.0,LOW_RISK,저위험,LOW_RISK,0.9206625395821784,HIGH,HIGH,0.022944474321634056,False,False,valuation_credit_ml_overlay_candidate.csv,208개 반도체 reference universe. Valuation Agent가 자체 intake 폴더로 복제해 Peer/ML/대시보드 비교에 사용.
71,,티에스이,131290,KOSDAQ,팹리스/설계,팹리스/설계,False,True,OK,데이터 사용 가능,LOW,LOW,0.5880808080808082,ATTRACTIVE,가치 매력,ATTRACTIVE,0.7390287615028212,HIGH,HIGH,0.0,LOW_RISK,저위험,LOW_RISK,0.9709748314872512,HIGH,HIGH,0.018067787318761474,False,False,valuation_credit_ml_overlay_candidate.csv,208개 반도체 reference universe. Valuation Agent가 자체 intake 폴더로 복제해 Peer/ML/대시보드 비교에 사용.
53,,아나패스,123860,KOSDAQ,팹리스/설계,팹리스/설계,False,True,OK,데이터 사용 가능,LOW,LOW,0.5761616161616162,FAIR,FAIR,ATTRACTIVE,0.510332377942325,MEDIUM,MEDIUM,0.0,LOW_RISK,저위험,LOW_RISK,0.9162612285765747,HIGH,HIGH,0.10416084144507474,False,False,valuation_credit_ml_overlay_candidate.csv,208개 반도체 reference universe. Valuation Agent가 자체 intake 폴더로 복제해 Peer/ML/대시보드 비교에 사용.
68,coasia,코아시아,045970,KOSDAQ,팹리스/설계,팹리스/설계,True,True,OK,데이터 사용 가능,LOW,LOW,0.5612121212121212,FAIR,FAIR,FAIR,0.811266524244761,HIGH,HIGH,0.5,HIGH_RISK,고위험,HIGH_RISK,0.7677840717507917,HIGH,HIGH,0.06747219473464933,False,False,valuation_credit_ml_overlay_candidate.csv,208개 반도체 reference universe. Valuation Agent가 자체 intake 폴더로 복제해 Peer/ML/대시보드 비교에 사용.
73,,픽셀플러스,087600,KOSDAQ,팹리스/설계,팹리스/설계,False,True,OK,데이터 사용 가능,LOW,LOW,0.543030303030303,FAIR,FAIR,FAIR,0.8353732583827468,HIGH,HIGH,0.2857142857142857,MEDIUM_RISK,중위험,MEDIUM_RISK,0.8277119254156154,HIGH,HIGH,0.08861749399056779,False,False,valuation_credit_ml_overlay_candidate.csv,208개 반도체 reference universe. Valuation Agent가 자체 intake 폴더로 복제해 Peer/ML/대시보드 비교에 사용.
67,,칩스앤미디어,094360,KOSDAQ,팹리스/설계,팹리스/설계,False,True,OK,데이터 사용 가능,LOW,LOW,0.5424242424242424,FAIR,FAIR,FAIR,0.44740744488593415,LOW,LOW,0.0,LOW_RISK,저위험,LOW_RISK,0.9394752479511282,HIGH,HIGH,0.1165162896524789,False,True,valuation_credit_ml_overlay_candidate.csv,208개 반도체 reference universe. Valuation Agent가 자체 intake 폴더로 복제해 Peer/ML/대시보드 비교에 사용.
57,,아이케이세미콘,149010,KONEX,팹리스/설계,팹리스/설계,False,True,NO_DART_FINANCIAL_DATA,데이터 사용 가능,HIGH,HIGH,0.497979797979798,FAIR,FAIR,FAIR,0.9626560040296214,HIGH,HIGH,0.6428571428571429,HIGH_RISK,고위험,HIGH_RISK,0.7070645883552188,HIGH,HIGH,0.07589516599498297,False,True,valuation_credit_ml_overlay_candidate.csv,208개 반도체 reference universe. Valuation Agent가 자체 intake 폴더로 복제해 Peer/ML/대시보드 비교에 사용.
70,telechips,텔레칩스,054450,KOSDAQ,팹리스/설계,팹리스/설계,True,True,OK,데이터 사용 가능,LOW,LOW,0.4943434343434343,FAIR,FAIR,EXPENSIVE,0.5716537225721987,MEDIUM,MEDIUM,0.7142857142857143,HIGH_RISK,고위험,HIGH_RISK,0.9759550340612091,HIGH,HIGH,0.07328745198510121,False,False,valuation_credit_ml_overlay_candidate.csv,208개 반도체 reference universe. Valuation Agent가 자체 intake 폴더로 복제해 Peer/ML/대시보드 비교에 사용.
59,,알파칩스,117670,KOSDAQ,팹리스/설계,팹리스/설계,False,True,OK,데이터 사용 가능,LOW,LOW,0.4826262626262627,FAIR,FAIR,FAIR,0.7398835550872951,HIGH,HIGH,0.2857142857142857,MEDIUM_RISK,중위험,MEDIUM_RISK,0.8321400367761521,HIGH,HIGH,0.06605777558134833,False,False,valuation_credit_ml_overlay_candidate.csv,208개 반도체 reference universe. Valuation Agent가 자체 intake 폴더로 복제해 Peer/ML/대시보드 비교에 사용.
46,,라온로보틱스,232680,KOSDAQ,팹리스/설계,팹리스/설계,False,True,OK,데이터 사용 가능,LOW,LOW,0.4745454545454545,FAIR,FAIR,FAIR,0.7863374675167921,HIGH,HIGH,0.1428571428571428,LOW_RISK,저위험,LOW_RISK,0.6877521386643212,MEDIUM,MEDIUM,0.026169607074936322,False,False,valuation_credit_ml_overlay_candidate.csv,208개 반도체 reference universe. Valuation Agent가 자체 intake 폴더로 복제해 Peer/ML/대시보드 비교에 사용.
51,,싸이닉솔루션,234030,KOSDAQ,팹리스/설계,팹리스/설계,False,True,OK_LIMITED_HISTORY_OR_GROWTH_NA,데이터 사용 가능,LOW,LOW,0.4670707070707071,FAIR,FAIR,FAIR,0.7962034217650586,HIGH,HIGH,0.3571428571428571,MEDIUM_RISK,중위험,MEDIUM_RISK,0.7381251250014311,HIGH,HIGH,0.06902922032160619,False,True,valuation_credit_ml_overlay_candidate.csv,208개 반도체 reference universe. Valuation Agent가 자체 intake 폴더로 복제해 Peer/ML/대시보드 비교에 사용.
56,,아이언디바이스,464500,KOSDAQ,팹리스/설계,팹리스/설계,False,True,OK_LIMITED_HISTORY_OR_GROWTH_NA,데이터 사용 가능,LOW,LOW,0.4278787878787879,FAIR,FAIR,EXPENSIVE,0.767854918982104,HIGH,HIGH,0.5714285714285714,HIGH_RISK,고위험,HIGH_RISK,0.9669454138137473,HIGH,HIGH,0.37904191381671964,True,True,valuation_credit_ml_overlay_candidate.csv,208개 반도체 reference universe. Valuation Agent가 자체 intake 폴더로 복제해 Peer/ML/대시보드 비교에 사용.
52,,쓰리에이로직스,177900,KOSDAQ,팹리스/설계,팹리스/설계,False,True,OK_LIMITED_HISTORY_OR_GROWTH_NA,데이터 사용 가능,LOW,LOW,0.4266666666666666,FAIR,FAIR,EXPENSIVE,0.5793703556022938,MEDIUM,MEDIUM,0.5714285714285714,HIGH_RISK,고위험,HIGH_RISK,0.947298040301951,HIGH,HIGH,0.09970421258194967,False,True,valuation_credit_ml_overlay_candidate.csv,208개 반도체 reference universe. Valuation Agent가 자체 intake 폴더로 복제해 Peer/ML/대시보드 비교에 사용.
43,,넥스트칩,396270,KOSDAQ,팹리스/설계,팹리스/설계,False,True,OK,데이터 사용 가능,LOW,LOW,0.3743434343434344,EXPENSIVE,EXPENSIVE,EXPENSIVE,0.9380466040149497,HIGH,HIGH,0.7142857142857143,HIGH_RISK,고위험,HIGH_RISK,0.9903921975513593,HIGH,HIGH,0.35370954409664757,True,True,valuation_credit_ml_overlay_candidate.csv,208개 반도체 reference universe. Valuation Agent가 자체 intake 폴더로 복제해 Peer/ML/대시보드 비교에 사용.
49,,사피엔반도체,452430,KOSDAQ,팹리스/설계,팹리스/설계,False,True,OK_LIMITED_HISTORY_OR_GROWTH_NA,데이터 사용 가능,LOW,LOW,0.3721212121212121,EXPENSIVE,EXPENSIVE,EXPENSIVE,0.8482781866315999,HIGH,HIGH,0.5714285714285714,HIGH_RISK,고위험,MEDIUM_RISK,0.5745685064585346,MEDIUM,MEDIUM,0.12187984427462309,False,True,valuation_credit_ml_overlay_candidate.csv,208개 반도체 reference universe. Valuation Agent가 자체 intake 폴더로 복제해 Peer/ML/대시보드 비교에 사용.
44,,동운아나텍,094170,KOSDAQ,팹리스/설계,팹리스/설계,False,True,OK,데이터 사용 가능,LOW,LOW,0.3670707070707071,EXPENSIVE,EXPENSIVE,EXPENSIVE,0.4894423516429773,LOW,LOW,0.2142857142857142,MEDIUM_RISK,중위험,MEDIUM_RISK,0.5063531969196903,MEDIUM,MEDIUM,0.09811976029987664,False,True,valuation_credit_ml_overlay_candidate.csv,208개 반도체 reference universe. Valuation Agent가 자체 intake 폴더로 복제해 Peer/ML/대시보드 비교에 사용.
50,,세미파이브,490470,KOSDAQ,팹리스/설계,팹리스/설계,False,True,OK_LIMITED_HISTORY_OR_GROWTH_NA,데이터 사용 가능,LOW,LOW,0.3646464646464646,EXPENSIVE,EXPENSIVE,EXPENSIVE,0.9277538303818181,HIGH,HIGH,0.5,HIGH_RISK,고위험,HIGH_RISK,0.8726925242668786,HIGH,HIGH,0.10138163372341347,False,True,valuation_credit_ml_overlay_candidate.csv,208개 반도체 reference universe. Valuation Agent가 자체 intake 폴더로 복제해 Peer/ML/대시보드 비교에 사용.
63,,에이직랜드,445090,KOSDAQ,팹리스/설계,팹리스/설계,False,True,OK_LIMITED_HISTORY_OR_GROWTH_NA,데이터 사용 가능,LOW,LOW,0.3294949494949495,EXPENSIVE,EXPENSIVE,EXPENSIVE,0.9058303131641584,HIGH,HIGH,0.7857142857142857,HIGH_RISK,고위험,HIGH_RISK,0.9947590219356869,HIGH,HIGH,0.22322767104490657,False,True,valuation_credit_ml_overlay_candidate.csv,208개 반도체 reference universe. Valuation Agent가 자체 intake 폴더로 복제해 Peer/ML/대시보드 비교에 사용.
45,,라닉스,317120,KOSDAQ,팹리스/설계,팹리스/설계,False,True,OK,데이터 사용 가능,LOW,LOW,0.3208080808080809,EXPENSIVE,EXPENSIVE,EXPENSIVE,0.9281808400807596,HIGH,HIGH,0.7142857142857143,HIGH_RISK,고위험,HIGH_RISK,0.9891542031597422,HIGH,HIGH,0.2722138190712409,True,True,valuation_credit_ml_overlay_candidate.csv,208개 반도체 reference universe. Valuation Agent가 자체 intake 폴더로 복제해 Peer/ML/대시보드 비교에 사용.
42,gaochips,가온칩스,399720,KOSDAQ,팹리스/설계,팹리스/설계,True,True,OK,데이터 사용 가능,LOW,LOW,0.3119191919191919,EXPENSIVE,EXPENSIVE,EXPENSIVE,0.9202856043409283,HIGH,HIGH,0.5714285714285714,HIGH_RISK,고위험,HIGH_RISK,0.9252273149693407,HIGH,HIGH,0.08996216176961074,False,False,valuation_credit_ml_overlay_candidate.csv,208개 반도체 reference universe. Valuation Agent가 자체 intake 폴더로 복제해 Peer/ML/대시보드 비교에 사용.
72,,파두,440110,KOSDAQ,팹리스/설계,팹리스/설계,False,True,OK_LIMITED_HISTORY_OR_GROWTH_NA,데이터 사용 가능,LOW,LOW,0.2817171717171717,EXPENSIVE,EXPENSIVE,EXPENSIVE,0.9722302520284296,HIGH,HIGH,0.7142857142857143,HIGH_RISK,고위험,HIGH_RISK,0.9166704410023929,HIGH,HIGH,0.4892266150598854,True,True,valuation_credit_ml_overlay_candidate.csv,208개 반도체 reference universe. Valuation Agent가 자체 intake 폴더로 복제해 Peer/ML/대시보드 비교에 사용.
54,,아이씨티케이,456010,KOSDAQ,팹리스/설계,팹리스/설계,False,True,OK_LIMITED_HISTORY_OR_GROWTH_NA,데이터 사용 가능,LOW,LOW,0.2421212121212121,EXPENSIVE,EXPENSIVE,EXPENSIVE,0.9318776222941163,HIGH,HIGH,0.5714285714285714,HIGH_RISK,고위험,HIGH_RISK,0.9704486787687135,HIGH,HIGH,0.44110450319077704,True,True,valuation_credit_ml_overlay_candidate.csv,208개 반도체 reference universe. Valuation Agent가 자체 intake 폴더로 복제해 Peer/ML/대시보드 비교에 사용.
64,,오픈엣지테크놀로지,394280,KOSDAQ,팹리스/설계,팹리스/설계,False,True,OK,데이터 사용 가능,LOW,LOW,0.2383838383838384,EXPENSIVE,EXPENSIVE,EXPENSIVE,0.9776205348568181,HIGH,HIGH,0.5714285714285714,HIGH_RISK,고위험,HIGH_RISK,0.979409987987143,HIGH,HIGH,0.49673253879125484,True,True,valuation_credit_ml_overlay_candidate.csv,208개 반도체 reference universe. Valuation Agent가 자체 intake 폴더로 복제해 Peer/ML/대시보드 비교에 사용.
69,,퀄리타스반도체,432720,KOSDAQ,팹리스/설계,팹리스/설계,False,True,OK_LIMITED_HISTORY_OR_GROWTH_NA,데이터 사용 가능,LOW,LOW,0.2119191919191919,EXPENSIVE,EXPENSIVE,EXPENSIVE,0.9844433173148716,HIGH,HIGH,0.5714285714285714,HIGH_RISK,고위험,HIGH_RISK,0.9775928777225235,HIGH,HIGH,0.7960673007059423,True,True,valuation_credit_ml_overlay_candidate.csv,208개 반도체 reference universe. Valuation Agent가 자체 intake 폴더로 복제해 Peer/ML/대시보드 비교에 사용.
168,,성우테크론,045300,KOSDAQ,후공정/패키징/테스트,후공정/패키징/테스트,False,True,OK,데이터 사용 가능,LOW,LOW,0.7764444444444445,ATTRACTIVE,가치 매력,ATTRACTIVE,0.9526864248076319,HIGH,HIGH,0.0714285714285714,LOW_RISK,저위험,LOW_RISK,0.869939352370702,HIGH,HIGH,0.10286671144812394,False,False,valuation_credit_ml_overlay_candidate.csv,208개 반도체 reference universe. Valuation Agent가 자체 intake 폴더로 복제해 Peer/ML/대시보드 비교에 사용.
165,,미래산업,025560,KOSPI,후공정/패키징/테스트,후공정/패키징/테스트,False,True,OK,데이터 사용 가능,LOW,LOW,0.7748148148148148,FAIR,FAIR,FAIR,0.883291104654336,HIGH,HIGH,0.2857142857142857,MEDIUM_RISK,중위험,MEDIUM_RISK,0.695536763680257,MEDIUM,MEDIUM,0.08100242357773374,False,False,valuation_credit_ml_overlay_candidate.csv,208개 반도체 reference universe. Valuation Agent가 자체 intake 폴더로 복제해 Peer/ML/대시보드 비교에 사용.
163,,링크제니시스,219420,KOSDAQ,후공정/패키징/테스트,후공정/패키징/테스트,False,True,OK,데이터 사용 가능,LOW,LOW,0.7522962962962964,ATTRACTIVE,가치 매력,ATTRACTIVE,0.8724992666433111,HIGH,HIGH,0.0714285714285714,LOW_RISK,저위험,LOW_RISK,0.8663667518810074,HIGH,HIGH,0.1247344063934745,False,False,valuation_credit_ml_overlay_candidate.csv,208개 반도체 reference universe. Valuation Agent가 자체 intake 폴더로 복제해 Peer/ML/대시보드 비교에 사용.
189,,프로텍,053610,KOSDAQ,후공정/패키징/테스트,후공정/패키징/테스트,False,True,OK,데이터 사용 가능,LOW,LOW,0.7342222222222222,FAIR,FAIR,FAIR,0.8971257561900263,HIGH,HIGH,0.0714285714285714,LOW_RISK,저위험,LOW_RISK,0.9163768919768406,HIGH,HIGH,0.04594870251712977,False,False,valuation_credit_ml_overlay_candidate.csv,208개 반도체 reference universe. Valuation Agent가 자체 intake 폴더로 복제해 Peer/ML/대시보드 비교에 사용.
188,,프로이천,321260,KOSDAQ,후공정/패키징/테스트,후공정/패키징/테스트,False,True,OK,데이터 사용 가능,LOW,LOW,0.6905185185185185,ATTRACTIVE,가치 매력,ATTRACTIVE,0.9481469936627798,HIGH,HIGH,0.1428571428571428,LOW_RISK,저위험,LOW_RISK,0.7571217577270841,HIGH,HIGH,0.1980202748075635,False,False,valuation_credit_ml_overlay_candidate.csv,208개 반도체 reference universe. Valuation Agent가 자체 intake 폴더로 복제해 Peer/ML/대시보드 비교에 사용.
167,,샘씨엔에스,252990,KOSDAQ,후공정/패키징/테스트,후공정/패키징/테스트,False,True,OK,데이터 사용 가능,LOW,LOW,0.6491851851851852,ATTRACTIVE,가치 매력,ATTRACTIVE,0.5521991152548656,MEDIUM,MEDIUM,0.1428571428571428,LOW_RISK,저위험,LOW_RISK,0.8184283672559926,HIGH,HIGH,0.02862485694144737,False,False,valuation_credit_ml_overlay_candidate.csv,208개 반도체 reference universe. Valuation Agent가 자체 intake 폴더로 복제해 Peer/ML/대시보드 비교에 사용.
191,,하나마이크론,067310,KOSDAQ,후공정/패키징/테스트,후공정/패키징/테스트,False,True,OK,데이터 사용 가능,LOW,LOW,0.6405925925925926,ATTRACTIVE,가치 매력,ATTRACTIVE,0.8727001075083287,HIGH,HIGH,0.2857142857142857,MEDIUM_RISK,중위험,MEDIUM_RISK,0.4659076101576026,LOW,LOW,0.1167493316831868,False,True,valuation_credit_ml_overlay_candidate.csv,208개 반도체 reference universe. Valuation Agent가 자체 intake 폴더로 복제해 Peer/ML/대시보드 비교에 사용.
157,nepes,네패스,033640,KOSDAQ,후공정/패키징/테스트,후공정/패키징/테스트,True,True,OK,데이터 사용 가능,LOW,LOW,0.6385185185185186,ATTRACTIVE,가치 매력,ATTRACTIVE,0.8763685947958789,HIGH,HIGH,0.2857142857142857,MEDIUM_RISK,중위험,MEDIUM_RISK,0.5963458259503356,MEDIUM,MEDIUM,0.07896643996759804,False,False,valuation_credit_ml_overlay_candidate.csv,208개 반도체 reference universe. Valuation Agent가 자체 intake 폴더로 복제해 Peer/ML/대시보드 비교에 사용.
151,,KX하이텍,052900,KOSDAQ,후공정/패키징/테스트,후공정/패키징/테스트,False,True,OK,데이터 사용 가능,LOW,LOW,0.6361481481481482,ATTRACTIVE,가치 매력,ATTRACTIVE,0.7896879678479897,HIGH,HIGH,0.0714285714285714,LOW_RISK,저위험,LOW_RISK,0.87015899446037,HIGH,HIGH,0.012348610212675635,False,False,valuation_credit_ml_overlay_candidate.csv,208개 반도체 reference universe. Valuation Agent가 자체 intake 폴더로 복제해 Peer/ML/대시보드 비교에 사용.
172,,에이치엠넥스,036170,KOSDAQ,후공정/패키징/테스트,후공정/패키징/테스트,False,True,OK,데이터 사용 가능,LOW,LOW,0.621037037037037,FAIR,FAIR,FAIR,0.7433115072206052,HIGH,HIGH,0.3571428571428571,MEDIUM_RISK,중위험,MEDIUM_RISK,0.7084051764737881,HIGH,HIGH,0.3531105059628509,True,True,valuation_credit_ml_overlay_candidate.csv,208개 반도체 reference universe. Valuation Agent가 자체 intake 폴더로 복제해 Peer/ML/대시보드 비교에 사용.
162,leeno,리노공업,058470,KOSDAQ GLOBAL,후공정/패키징/테스트,후공정/패키징/테스트,True,True,OK,데이터 사용 가능,LOW,LOW,0.6191111111111112,ATTRACTIVE,가치 매력,ATTRACTIVE,0.6825301704423244,MEDIUM,MEDIUM,0.0,LOW_RISK,저위험,LOW_RISK,0.941163557572434,HIGH,HIGH,0.3137137380028342,True,True,valuation_credit_ml_overlay_candidate.csv,208개 반도체 reference universe. Valuation Agent가 자체 intake 폴더로 복제해 Peer/ML/대시보드 비교에 사용.
175,,오킨스전자,080580,KOSDAQ,후공정/패키징/테스트,후공정/패키징/테스트,False,True,OK,데이터 사용 가능,LOW,LOW,0.6062222222222222,ATTRACTIVE,가치 매력,ATTRACTIVE,0.8105235691914331,HIGH,HIGH,0.2142857142857142,MEDIUM_RISK,중위험,MEDIUM_RISK,0.5565647223385506,MEDIUM,MEDIUM,0.05131400931985753,False,False,valuation_credit_ml_overlay_candidate.csv,208개 반도체 reference universe. Valuation Agent가 자체 intake 폴더로 복제해 Peer/ML/대시보드 비교에 사용.
160,,디아이,003160,KOSPI,후공정/패키징/테스트,후공정/패키징/테스트,False,True,OK,데이터 사용 가능,LOW,LOW,0.5875555555555555,ATTRACTIVE,가치 매력,ATTRACTIVE,0.6560906263736197,MEDIUM,MEDIUM,0.0714285714285714,LOW_RISK,저위험,LOW_RISK,0.7571818581431954,HIGH,HIGH,0.027510707117244317,False,False,valuation_credit_ml_overlay_candidate.csv,208개 반도체 reference universe. Valuation Agent가 자체 intake 폴더로 복제해 Peer/ML/대시보드 비교에 사용.
174,,엑시콘,092870,KOSDAQ,후공정/패키징/테스트,후공정/패키징/테스트,False,True,OK,데이터 사용 가능,LOW,LOW,0.5711111111111111,FAIR,FAIR,FAIR,0.7870958268046786,HIGH,HIGH,0.2142857142857142,MEDIUM_RISK,중위험,MEDIUM_RISK,0.6956414267155251,MEDIUM,MEDIUM,0.09079387845598708,False,False,valuation_credit_ml_overlay_candidate.csv,208개 반도체 reference universe. Valuation Agent가 자체 intake 폴더로 복제해 Peer/ML/대시보드 비교에 사용.
177,,우리이앤엘하루틴,153490,KOSDAQ,후공정/패키징/테스트,후공정/패키징/테스트,False,True,OK,데이터 사용 가능,LOW,LOW,0.5598518518518519,FAIR,FAIR,FAIR,0.803860880134826,HIGH,HIGH,0.1428571428571428,LOW_RISK,저위험,LOW_RISK,0.5263237628250668,MEDIUM,MEDIUM,0.12425981563248314,False,False,valuation_credit_ml_overlay_candidate.csv,208개 반도체 reference universe. Valuation Agent가 자체 intake 폴더로 복제해 Peer/ML/대시보드 비교에 사용.
176,,와이씨,232140,KOSDAQ,후공정/패키징/테스트,후공정/패키징/테스트,False,True,OK,데이터 사용 가능,LOW,LOW,0.5573333333333333,FAIR,FAIR,FAIR,0.5813875575219858,MEDIUM,MEDIUM,0.0,LOW_RISK,저위험,LOW_RISK,0.9779169949984006,HIGH,HIGH,0.027903490153269303,False,False,valuation_credit_ml_overlay_candidate.csv,208개 반도체 reference universe. Valuation Agent가 자체 intake 폴더로 복제해 Peer/ML/대시보드 비교에 사용.
155,,기가비스,420770,KOSDAQ,후공정/패키징/테스트,후공정/패키징/테스트,False,True,OK_LIMITED_HISTORY_OR_GROWTH_NA,데이터 사용 가능,LOW,LOW,0.5544444444444445,FAIR,FAIR,FAIR,0.604283449323821,MEDIUM,MEDIUM,0.0714285714285714,LOW_RISK,저위험,LOW_RISK,0.9462252670112353,HIGH,HIGH,0.34444594339538714,True,True,valuation_credit_ml_overlay_candidate.csv,208개 반도체 reference universe. Valuation Agent가 자체 intake 폴더로 복제해 Peer/ML/대시보드 비교에 사용.
194,,해성디에스,195870,KOSPI,후공정/패키징/테스트,후공정/패키징/테스트,False,True,OK,데이터 사용 가능,LOW,LOW,0.5333333333333333,FAIR,FAIR,FAIR,0.8942165906576592,HIGH,HIGH,0.0714285714285714,LOW_RISK,저위험,LOW_RISK,0.7552918248784374,HIGH,HIGH,0.0,False,False,valuation_credit_ml_overlay_candidate.csv,208개 반도체 reference universe. Valuation Agent가 자체 intake 폴더로 복제해 Peer/ML/대시보드 비교에 사용.
150,isc,ISC,095340,KOSDAQ GLOBAL,후공정/패키징/테스트,후공정/패키징/테스트,True,True,OK,데이터 사용 가능,LOW,LOW,0.5176296296296296,FAIR,FAIR,FAIR,0.5753148434947495,MEDIUM,MEDIUM,0.0,LOW_RISK,저위험,LOW_RISK,0.9755870924998499,HIGH,HIGH,0.14006921921799445,False,False,valuation_credit_ml_overlay_candidate.csv,208개 반도체 reference universe. Valuation Agent가 자체 intake 폴더로 복제해 Peer/ML/대시보드 비교에 사용.
173,,에이팩트,200470,KOSDAQ,후공정/패키징/테스트,후공정/패키징/테스트,False,True,OK,데이터 사용 가능,LOW,LOW,0.5026666666666667,FAIR,FAIR,FAIR,0.8010795762920226,HIGH,HIGH,0.4285714285714285,HIGH_RISK,고위험,MEDIUM_RISK,0.40666664980482187,LOW,LOW,0.060282917359955154,False,True,valuation_credit_ml_overlay_candidate.csv,208개 반도체 reference universe. Valuation Agent가 자체 intake 폴더로 복제해 Peer/ML/대시보드 비교에 사용.
166,,삼성전기,009150,KOSPI,후공정/패키징/테스트,후공정/패키징/테스트,False,True,OK,데이터 사용 가능,LOW,LOW,0.4957037037037037,FAIR,FAIR,FAIR,0.5297655139045552,MEDIUM,MEDIUM,0.0,LOW_RISK,저위험,LOW_RISK,0.9613637696053304,HIGH,HIGH,0.09523408011479967,False,False,valuation_credit_ml_overlay_candidate.csv,208개 반도체 reference universe. Valuation Agent가 자체 intake 폴더로 복제해 Peer/ML/대시보드 비교에 사용.
171,,에이엘티,172670,KOSDAQ,후공정/패키징/테스트,후공정/패키징/테스트,False,True,OK,데이터 사용 가능,LOW,LOW,0.4877037037037036,FAIR,FAIR,FAIR,0.5308622758067901,MEDIUM,MEDIUM,0.3571428571428571,MEDIUM_RISK,중위험,MEDIUM_RISK,0.6934148613969219,MEDIUM,MEDIUM,0.07946889412350498,False,False,valuation_credit_ml_overlay_candidate.csv,208개 반도체 reference universe. Valuation Agent가 자체 intake 폴더로 복제해 Peer/ML/대시보드 비교에 사용.
184,,큐알티,405100,KOSDAQ,후공정/패키징/테스트,후공정/패키징/테스트,False,True,OK,데이터 사용 가능,LOW,LOW,0.4782222222222222,FAIR,FAIR,ATTRACTIVE,0.4463498311096922,LOW,LOW,0.0,LOW_RISK,저위험,LOW_RISK,0.8693080817598533,HIGH,HIGH,0.014158930737617927,False,True,valuation_credit_ml_overlay_candidate.csv,208개 반도체 reference universe. Valuation Agent가 자체 intake 폴더로 복제해 Peer/ML/대시보드 비교에 사용.
192,hanmi,한미반도체,042700,KOSPI,후공정/패키징/테스트,후공정/패키징/테스트,True,True,OK,데이터 사용 가능,LOW,LOW,0.4712592592592592,FAIR,FAIR,FAIR,0.618072727307107,MEDIUM,MEDIUM,0.0,LOW_RISK,저위험,LOW_RISK,0.9350232170644448,HIGH,HIGH,0.2707179947680644,True,True,valuation_credit_ml_overlay_candidate.csv,208개 반도체 reference universe. Valuation Agent가 자체 intake 폴더로 복제해 Peer/ML/대시보드 비교에 사용.
185,,큐엠씨,136660,KONEX,후공정/패키징/테스트,후공정/패키징/테스트,False,True,NO_DART_FINANCIAL_DATA,데이터 사용 가능,HIGH,HIGH,0.4711111111111111,FAIR,FAIR,FAIR,0.9731046168075388,HIGH,HIGH,0.2857142857142857,MEDIUM_RISK,중위험,MEDIUM_RISK,0.7892126449586269,HIGH,HIGH,0.07859474908410963,False,True,valuation_credit_ml_overlay_candidate.csv,208개 반도체 reference universe. Valuation Agent가 자체 intake 폴더로 복제해 Peer/ML/대시보드 비교에 사용.
161,,럭스피아,092590,KONEX,후공정/패키징/테스트,후공정/패키징/테스트,False,True,NO_DART_FINANCIAL_DATA,데이터 사용 가능,HIGH,HIGH,0.4681481481481481,FAIR,FAIR,FAIR,0.969533908094729,HIGH,HIGH,0.2857142857142857,MEDIUM_RISK,중위험,MEDIUM_RISK,0.7911598348888624,HIGH,HIGH,0.2507708118458056,True,True,valuation_credit_ml_overlay_candidate.csv,208개 반도체 reference universe. Valuation Agent가 자체 intake 폴더로 복제해 Peer/ML/대시보드 비교에 사용.
170,,아이텍,119830,KOSDAQ,후공정/패키징/테스트,후공정/패키징/테스트,False,True,OK,데이터 사용 가능,LOW,LOW,0.4573333333333333,FAIR,FAIR,FAIR,0.6018206034002739,MEDIUM,MEDIUM,0.2142857142857142,MEDIUM_RISK,중위험,MEDIUM_RISK,0.793957358322354,HIGH,HIGH,0.17465361432297097,False,False,valuation_credit_ml_overlay_candidate.csv,208개 반도체 reference universe. Valuation Agent가 자체 intake 폴더로 복제해 Peer/ML/대시보드 비교에 사용.
179,,윈팩,097800,KOSDAQ,후공정/패키징/테스트,후공정/패키징/테스트,False,True,OK,데이터 사용 가능,LOW,LOW,0.4417777777777778,FAIR,FAIR,FAIR,0.5735742758518154,MEDIUM,MEDIUM,0.7142857142857143,HIGH_RISK,고위험,HIGH_RISK,0.9273765785577542,HIGH,HIGH,0.09157899320413745,False,False,valuation_credit_ml_overlay_candidate.csv,208개 반도체 reference universe. Valuation Agent가 자체 intake 폴더로 복제해 Peer/ML/대시보드 비교에 사용.
187,,팸텍,271830,KOSDAQ,후공정/패키징/테스트,후공정/패키징/테스트,False,True,OK,데이터 사용 가능,LOW,LOW,0.4402962962962963,FAIR,FAIR,FAIR,0.6809009837226325,MEDIUM,MEDIUM,0.5714285714285714,HIGH_RISK,고위험,HIGH_RISK,0.9054415631219938,HIGH,HIGH,0.08867309587377735,False,False,valuation_credit_ml_overlay_candidate.csv,208개 반도체 reference universe. Valuation Agent가 자체 intake 폴더로 복제해 Peer/ML/대시보드 비교에 사용.
152,,LB세미콘,061970,KOSDAQ,후공정/패키징/테스트,후공정/패키징/테스트,False,True,OK,데이터 사용 가능,LOW,LOW,0.4394074074074074,FAIR,FAIR,FAIR,0.519835518569549,MEDIUM,MEDIUM,0.5714285714285714,HIGH_RISK,고위험,HIGH_RISK,0.8577554718342005,HIGH,HIGH,0.04865368060535977,False,False,valuation_credit_ml_overlay_candidate.csv,208개 반도체 reference universe. Valuation Agent가 자체 intake 폴더로 복제해 Peer/ML/대시보드 비교에 사용.
183,,제이티,089790,KOSDAQ,후공정/패키징/테스트,후공정/패키징/테스트,False,True,OK,데이터 사용 가능,LOW,LOW,0.4293333333333333,FAIR,FAIR,FAIR,0.7953438622461361,HIGH,HIGH,0.2857142857142857,MEDIUM_RISK,중위험,MEDIUM_RISK,0.634985809262478,MEDIUM,MEDIUM,0.0037958156542815414,False,False,valuation_credit_ml_overlay_candidate.csv,208개 반도체 reference universe. Valuation Agent가 자체 intake 폴더로 복제해 Peer/ML/대시보드 비교에 사용.
182,,제너셈,217190,KOSDAQ,후공정/패키징/테스트,후공정/패키징/테스트,False,True,HIGH_PRIORITY_MANUAL_REVIEW,데이터 사용 가능,HIGH,HIGH,0.4278518518518518,FAIR,FAIR,FAIR,0.7410125545144256,HIGH,HIGH,0.2857142857142857,MEDIUM_RISK,중위험,MEDIUM_RISK,0.7596080290203916,HIGH,HIGH,0.005601152238630833,False,True,valuation_credit_ml_overlay_candidate.csv,208개 반도체 reference universe. Valuation Agent가 자체 intake 폴더로 복제해 Peer/ML/대시보드 비교에 사용.
158,,네패스아크,330860,KOSDAQ,후공정/패키징/테스트,후공정/패키징/테스트,False,True,OK,데이터 사용 가능,LOW,LOW,0.4207407407407407,EXPENSIVE,EXPENSIVE,EXPENSIVE,0.5804758808286147,MEDIUM,MEDIUM,0.0,LOW_RISK,저위험,LOW_RISK,0.7522882908851339,HIGH,HIGH,0.07850484580290398,False,False,valuation_credit_ml_overlay_candidate.csv,208개 반도체 reference universe. Valuation Agent가 자체 intake 폴더로 복제해 Peer/ML/대시보드 비교에 사용.
164,,마이크로투나노,424980,KOSDAQ,후공정/패키징/테스트,후공정/패키징/테스트,False,True,OK_LIMITED_HISTORY_OR_GROWTH_NA,데이터 사용 가능,LOW,LOW,0.4188148148148148,EXPENSIVE,EXPENSIVE,EXPENSIVE,0.8919952418828875,HIGH,HIGH,0.5714285714285714,HIGH_RISK,고위험,HIGH_RISK,0.8679140027753699,HIGH,HIGH,0.06592211461176288,False,True,valuation_credit_ml_overlay_candidate.csv,208개 반도체 reference universe. Valuation Agent가 자체 intake 폴더로 복제해 Peer/ML/대시보드 비교에 사용.
169,,시그네틱스,033170,KOSDAQ,후공정/패키징/테스트,후공정/패키징/테스트,False,True,OK,데이터 사용 가능,LOW,LOW,0.4068148148148148,EXPENSIVE,EXPENSIVE,EXPENSIVE,0.6660306558324866,MEDIUM,MEDIUM,0.6428571428571429,HIGH_RISK,고위험,HIGH_RISK,0.9103717836414464,HIGH,HIGH,0.09415815096164672,False,False,valuation_credit_ml_overlay_candidate.csv,208개 반도체 reference universe. Valuation Agent가 자체 intake 폴더로 복제해 Peer/ML/대시보드 비교에 사용.
154,,고영,098460,KOSDAQ,후공정/패키징/테스트,후공정/패키징/테스트,False,True,OK,데이터 사용 가능,LOW,LOW,0.3933333333333333,EXPENSIVE,EXPENSIVE,EXPENSIVE,0.4306692416005982,LOW,LOW,0.0714285714285714,LOW_RISK,저위험,LOW_RISK,0.9147267479763326,HIGH,HIGH,0.05497222824798623,False,True,valuation_credit_ml_overlay_candidate.csv,208개 반도체 reference universe. Valuation Agent가 자체 intake 폴더로 복제해 Peer/ML/대시보드 비교에 사용.
178,,웨이비스,289930,KOSDAQ,후공정/패키징/테스트,후공정/패키징/테스트,False,True,OK_LIMITED_HISTORY_OR_GROWTH_NA,데이터 사용 가능,LOW,LOW,0.3765925925925926,EXPENSIVE,EXPENSIVE,EXPENSIVE,0.5209890944205295,MEDIUM,MEDIUM,0.1428571428571428,LOW_RISK,저위험,LOW_RISK,0.5760026387111382,MEDIUM,MEDIUM,0.04339911179550382,False,True,valuation_credit_ml_overlay_candidate.csv,208개 반도체 reference universe. Valuation Agent가 자체 intake 폴더로 복제해 Peer/ML/대시보드 비교에 사용.
153,sfa_semicon,SFA반도체,036540,KOSDAQ,후공정/패키징/테스트,후공정/패키징/테스트,True,True,OK,데이터 사용 가능,LOW,LOW,0.3725925925925926,EXPENSIVE,EXPENSIVE,EXPENSIVE,0.7912156659089058,HIGH,HIGH,0.2857142857142857,MEDIUM_RISK,중위험,MEDIUM_RISK,0.6035260416354965,MEDIUM,MEDIUM,0.060421941503641885,False,False,valuation_credit_ml_overlay_candidate.csv,208개 반도체 reference universe. Valuation Agent가 자체 intake 폴더로 복제해 Peer/ML/대시보드 비교에 사용.
181,,인텍플러스,064290,KOSDAQ,후공정/패키징/테스트,후공정/패키징/테스트,False,True,OK,데이터 사용 가능,LOW,LOW,0.3431111111111111,EXPENSIVE,EXPENSIVE,EXPENSIVE,0.7612288958400996,HIGH,HIGH,0.4285714285714285,HIGH_RISK,고위험,MEDIUM_RISK,0.5782298550270377,MEDIUM,MEDIUM,0.054796756066406084,False,False,valuation_credit_ml_overlay_candidate.csv,208개 반도체 reference universe. Valuation Agent가 자체 intake 폴더로 복제해 Peer/ML/대시보드 비교에 사용.
193,,한울반도체,320000,KOSDAQ,후공정/패키징/테스트,후공정/패키징/테스트,False,True,OK,데이터 사용 가능,LOW,LOW,0.3376296296296296,EXPENSIVE,EXPENSIVE,EXPENSIVE,0.7769228627558715,HIGH,HIGH,0.7142857142857143,HIGH_RISK,고위험,HIGH_RISK,0.9268996528836525,HIGH,HIGH,0.3732718821533064,True,True,valuation_credit_ml_overlay_candidate.csv,208개 반도체 reference universe. Valuation Agent가 자체 intake 폴더로 복제해 Peer/ML/대시보드 비교에 사용.
180,,유니테스트,086390,KOSDAQ,후공정/패키징/테스트,후공정/패키징/테스트,False,True,OK,데이터 사용 가능,LOW,LOW,0.3371851851851852,EXPENSIVE,EXPENSIVE,EXPENSIVE,0.9109345080202441,HIGH,HIGH,0.5714285714285714,HIGH_RISK,고위험,HIGH_RISK,0.9310666121801914,HIGH,HIGH,0.07777762014388422,False,False,valuation_credit_ml_overlay_candidate.csv,208개 반도체 reference universe. Valuation Agent가 자체 intake 폴더로 복제해 Peer/ML/대시보드 비교에 사용.
159,doosan_tesna,두산테스나,131970,KOSDAQ GLOBAL,후공정/패키징/테스트,후공정/패키징/테스트,True,True,OK,데이터 사용 가능,LOW,LOW,0.3217037037037037,EXPENSIVE,EXPENSIVE,EXPENSIVE,0.5774876642912814,MEDIUM,MEDIUM,0.1428571428571428,LOW_RISK,저위험,LOW_RISK,0.5730698742411416,MEDIUM,MEDIUM,0.11339298523731103,False,False,valuation_credit_ml_overlay_candidate.csv,208개 반도체 reference universe. Valuation Agent가 자체 intake 폴더로 복제해 Peer/ML/대시보드 비교에 사용.
156,,네오셈,253590,KOSDAQ,후공정/패키징/테스트,후공정/패키징/테스트,False,True,OK,데이터 사용 가능,LOW,LOW,0.3059259259259259,EXPENSIVE,EXPENSIVE,EXPENSIVE,0.7695353673338539,HIGH,HIGH,0.0714285714285714,LOW_RISK,저위험,LOW_RISK,0.7735591671201707,HIGH,HIGH,0.06887713556186657,False,False,valuation_credit_ml_overlay_candidate.csv,208개 반도체 reference universe. Valuation Agent가 자체 intake 폴더로 복제해 Peer/ML/대시보드 비교에 사용.
190,,피엠티,147760,KOSDAQ,후공정/패키징/테스트,후공정/패키징/테스트,False,True,OK,데이터 사용 가능,LOW,LOW,0.2471111111111111,EXPENSIVE,EXPENSIVE,EXPENSIVE,0.952821790032095,HIGH,HIGH,0.7857142857142857,HIGH_RISK,고위험,HIGH_RISK,0.9374258948385606,HIGH,HIGH,0.45054632167168013,True,True,valuation_credit_ml_overlay_candidate.csv,208개 반도체 reference universe. Valuation Agent가 자체 intake 폴더로 복제해 Peer/ML/대시보드 비교에 사용.
186,,테크윙,089030,KOSDAQ,후공정/패키징/테스트,후공정/패키징/테스트,False,True,OK,데이터 사용 가능,LOW,LOW,0.2205925925925926,EXPENSIVE,EXPENSIVE,EXPENSIVE,0.7946423848576873,HIGH,HIGH,0.5714285714285714,HIGH_RISK,고위험,MEDIUM_RISK,0.4396420822644243,LOW,LOW,0.13035438491081522,False,True,valuation_credit_ml_overlay_candidate.csv,208개 반도체 reference universe. Valuation Agent가 자체 intake 폴더로 복제해 Peer/ML/대시보드 비교에 사용.
