application_number,application_no,open_number,publication_no,register_number,registration_no,register_status,final_disposal,legal_status,invention_title,title,right_holder,applicant,inventor,application_date,application_year,open_date,publication_date,register_date,registration_date,ipc_number,ipc,cpc_number,cpc,abstract,claim_text,claims,url,drawing,is_registered,is_alive_estimated,has_negative_disposal_estimated,tech_keyword_match_count,source_file,source_sheet,source_row,ipc_subclass_refined,ipc_main_refined,has_h01l_refined,has_semiconductor_related_ipc_refined,tech_keyword_match_count_refined,is_registered_bool,is_alive_estimated_bool,application_year_num
1020170160280,1020170160280,1020190061664.0,1020190061664.0,1024178340000.0,1024178340000.0,등록,등록,등록 등록,"네거티브 감광성 수지 조성물, 이를 사용한 유기절연막을 갖는 전자장치","네거티브 감광성 수지 조성물, 이를 사용한 유기절연막을 갖는 전자장치",(주)덕산테코피아,(주)덕산테코피아,,20171128,2017,20190605,20190605,20220701.0,20220701.0,G03F 7/038|C08L 79/08|C08G 73/10|G02F 1/1333|H10K 50/00|H10K 59/00|H10K 30/80|H10K 10/80,G03F 7/038|C08L 79/08|C08G 73/10|G02F 1/1333|H10K 50/00|H10K 59/00|H10K 30/80|H10K 10/80,,,"본 발명은 패턴 밀착성이 우수할 뿐만 아니라, 공정 특성 및 패턴 형성이 우수한 네거티브형 감광성 수지 조성물과 이를 사용한 유기절연막을 갖는 전자장치를 제공한다.",,,,,True,True,False,0,C:\Agent_6.9\data\반도체\덕산테코피아\tech\source\duksan_kipris_plus_bibliographic_raw.csv,,2,G03F,G03F 7,False,True,0,True,True,2017.0
1020240071136,1020240071136,1020250171853.0,1020250171853.0,,,공개,공개,공개 공개,테트라메틸실란의 합성 방법,테트라메틸실란의 합성 방법,(주)덕산테코피아,(주)덕산테코피아,,20240530,2024,20251209,20251209,,,C07F 7/08|C07F 7/20|C07F 5/06,C07F 7/08|C07F 7/20|C07F 5/06,,,"테트라메틸실란(tetramethylsilane; 4MS)의 합성 방법으로서, Si(CH 3 ) x Cl 4-x (이때 x는 0 내지 3의 정수이다)와 트리메틸알루미늄(trimethylaluminum; TMA)을 반응시키는 단계를 포함하는, 합성 방법을 개시한다.",,,,http://plus.kipris.or.kr/openapi/fileToss.jsp?arg=6c650beb4cee9ce4122b704b88878c933c9a35f17d2d8d16852776866d9f2a202664ebeecc284d6488b3f8e61c7bed668a8f5f8da2d8e7a9ad0d2ee46bfcf4021e3df2df386b7f39,False,False,False,0,C:\Agent_6.9\data\반도체\덕산테코피아\tech\source\duksan_kipris_plus_bibliographic_raw.csv,,3,C07F,C07F 7,False,False,0,False,False,2024.0
1020080010811,1020080010811,1020090084559.0,1020090084559.0,1009591020000.0,1009591020000.0,등록,등록,등록 등록,무연솔더 페이스트용 미세 무연 솔더 분말의 제조방법과 제조장치,무연솔더 페이스트용 미세 무연 솔더 분말의 제조방법과 제조장치,(주)덕산테코피아,(주)덕산테코피아,,20080201,2008,20090805,20090805,20100513.0,20100513.0,B22F 9/24|B23K 35/24,B22F 9/24|B23K 35/24,,,"본 발명은, 전자부품의 고밀도 실장과 고신뢰성 접합기술에 사용되는 솔더페이스트용 무연솔더분말을 제공하는 것을 목적으로 하며, 특히, 미세한 피치를 지니는 패턴(Fine Pitch Pattern)으로의 인쇄가 가능하고, 배선부에 있어서도 접합을 할 수 있는, 납(Pb)이 함유 안 된 무연솔더 페이스트용 미세 무연 솔더 분말의 제조방법과 제조장치를 제공한다. 그 미세 무연 솔더 분말의 제조방법은, 분산매 100중량부에, 분산매의 중량부로서 무연솔더합금 인고트 5∼15중량부, 계면활성제 1.5~2.5중량부 및 산화방지제 0.1~0.2중량부를 혼합하는 단계; 그 분산매중에 불활성가스(질소가스)를 흘려주면서 분산매의 온도가 무연솔더합금의 용융점+(10~50℃) 범위의 온도로 가열하는 단계; 그 가열단계중에 계면활성제와 산화방지제가 용해될 수 있고 무연솔더합금 인고트의 표면이 산화되지 아니하는 분산매의 온도범위에서 계면활성제와 산화방지제가 용해되도록 프로펠러형 교반기로 1차 교반시키는 단계; 상기 가열단계를 거친후 분산매의 온도가 무연솔더합금의 용융점+(10~50℃) 범위의 온도로 유지하면서 상기 1차 교반시키는 단계에서 사용한 프로펠러형 교반기를 이용하여 상기 분산매를 추가로 900-2000rpm으로 2차 교반시키는 단계; 상기 2차 교반단계 후, 상온의 분산매가 담긴 포집탱크에 출탕하고 그후 냉각시키는 ...(이하생략)",,,,http://plus.kipris.or.kr/openapi/fileToss.jsp?arg=452306798ef1fd03bf8e5ba4e1dbf726afed5844fd08eb6894f2f21b66acb5ee7af171181198b6f28890cf1c778992f5b0d9bb6da89c0d5eb940b8935e001b558a7f5d71b429a831,True,True,False,0,C:\Agent_6.9\data\반도체\덕산테코피아\tech\source\duksan_kipris_plus_bibliographic_raw.csv,,4,B22F,B22F 9,False,False,0,True,True,2008.0
1020150170832,1020150170832,1020170065072.0,1020170065072.0,1018655630000.0,1018655630000.0,등록,등록,등록 등록,질소 건조식 글러브 박스,질소 건조식 글러브 박스,(주)덕산테코피아,(주)덕산테코피아,,20151202,2015,20170613,20170613,20180601.0,20180601.0,F26B 25/06|F26B 25/18|F26B 25/20|F26B 23/04,F26B 25/06|F26B 25/18|F26B 25/20|F26B 23/04,,,"질소 건조식 글러브 박스가 개시된다. 본 발명의 일 실시예에 따른 질소 건조식 글러브 박스는, 반응물질이 마련되는 바스켓을 구비하는 화학 반응기에 접근 또는 이격 가능하게 배치되며, 상기 화학 반응기와 연결되는 전면을 제외한 나머지 면이 차폐되는 글러브 박스 캐비닛; 상기 글러브 박스 캐비닛 내에 마련되며, 상기 화학 반응기에서 인출되는 바스켓이 배치되어 건조되는 장소를 형성하는 바스켓 건조부; 및 상기 글러브 박스 캐비닛의 측부에 마련되며, 상기 글러브 박스 캐비닛의 내부와는 차폐된 상태를 유지하되 상기 글러브 박스 캐비닛 내로 작업자의 손이 삽입 가능한 외부 조작용 글러브를 포함한다.",,,,http://plus.kipris.or.kr/openapi/fileToss.jsp?arg=2ba38663aa11ff0f6ca91af6061a2e00c539e3af993238babc263eabb29d035b7166f50989895a5c720a29645256076969935af89c6d645b0fd7305bdf13e614f47c3218a0f77523,True,True,False,0,C:\Agent_6.9\data\반도체\덕산테코피아\tech\source\duksan_kipris_plus_bibliographic_raw.csv,,5,F26B,F26B 25,False,False,0,True,True,2015.0
1020170138477,1020170138477,1020190045649.0,1020190045649.0,1022510400000.0,1022510400000.0,등록,등록,등록 등록,아미노실란 전구체 화합물 및 이를 사용하는 박막 형성 방법,아미노실란 전구체 화합물 및 이를 사용하는 박막 형성 방법,(주)덕산테코피아,(주)덕산테코피아,,20171024,2017,20190503,20190503,20210506.0,20210506.0,C07F 7/02|C23C 16/34|C23C 16/455,C07F 7/02|C23C 16/34|C23C 16/455,,,"본 발명은 실리콘 질화막 증착을 수행하기 위한 아미노실란 전구체 및 이를 사용하는 실리콘 질화막 형성 방법에 관한 것으로, 본 발명에 따른 실리콘-함유 박막의 형성 방법은 별도의 촉매를 요하지 않는 저온 공정 상에서 수행되며, 우수한 박막 증착 속도 및 공정의 효율을 가진다.",,,,http://plus.kipris.or.kr/openapi/fileToss.jsp?arg=6c650beb4cee9ce4122b704b88878c93c23d7d32ee4b79378b2d1c7a9b2b7687a21e618d370970a67c95c8084168196e093a10ac061ffa35f9616bab729923c8a996b40e996212cc,True,True,False,1,C:\Agent_6.9\data\반도체\덕산테코피아\tech\source\duksan_kipris_plus_bibliographic_raw.csv,,6,C07F,C07F 7,False,False,0,True,True,2017.0
1020130060632,1020130060632,1020140139919.0,1020140139919.0,1015182150000.0,1015182150000.0,등록,등록,등록 등록,사용 후 잔류 TMIn 회수 및 정제 시스템,사용 후 잔류 TMIn 회수 및 정제 시스템,한국기초과학지원연구원|(주)덕산테코피아,한국기초과학지원연구원|(주)덕산테코피아,,20130528,2013,20141208,20141208,20150430.0,20150430.0,C23C 16/44|H10H 20/816|H10P 14/24|H10P 10/00,C23C 16/44|H10H 20/816|H10P 14/24|H10P 10/00,,,"본 발명은 TMIn(trimethyl indium)이 충진된 캐니스터를 사용 후 각각의 캐니스터 내에 잔존하는 TMIn을 회수 및 정제하여 다시 새로운 캐니스터로서 재활용할 수 있도록 하기 위한 사용 후 잔류 TMIn 회수 및 정제 시스템에 관한 것으로, 본 발명에 따르면, LED와 같은 반도체 제조공정시 많이 이용되는 기상증착법에서 원료로서 사용되는 TMIn이 모두 사용되지 못하고 사용 후 캐니스터(canister) 내에 일부가 잔류함으로 인해 원료의 낭비로 인한 제조비용 증가에 더하여, 미처 사용되지 못하고 버려지는 원료물질로 인해 환경오염의 문제도 있었던 종래의 LED 제조공정의 문제점을 해결하기 위해, 사용 후 각각의 캐니스터 내에 잔류하는 TMIn 원료를 회수하여 다시 하나의 새로운 캐니스터에 모아서 재활용할 수 있도록 하는 사용 후 잔류 TMIn 회수 및 정제 시스템이 제공된다.",,,,http://plus.kipris.or.kr/openapi/fileToss.jsp?arg=2ba38663aa11ff0f6ca91af6061a2e00e523148fb7ac78f0c3c8683b10aa8ebe0211bf547d64c143dd281cf656de78fde555210cad3bac879027baadf3daad0c5c519db78453a9d4,True,True,False,1,C:\Agent_6.9\data\반도체\덕산테코피아\tech\source\duksan_kipris_plus_bibliographic_raw.csv,,7,C23C,C23C 16,False,True,1,True,True,2013.0
1020120067609,1020120067609,1020140000501.0,1020140000501.0,1013792570000.0,1013792570000.0,등록,등록,등록 등록,트리메틸갈륨(TMGa) 정제 장치,트리메틸갈륨(TMGa) 정제 장치,한국기초과학지원연구원|(주)덕산테코피아,한국기초과학지원연구원|(주)덕산테코피아,,20120622,2012,20140103,20140103,20140324.0,20140324.0,H10P 14/24|H10P 10/00,H10P 14/24|H10P 10/00,,,본 발명에 따른 TMGa 정제 장치는 액체 TMGa(trimethylgallium)를 가열시킨 상태에서 불활성 가스를 유입시켜 상기 액체 TMGa를 기화시키는 기화부; 상기 기화부로부터 배출된 TMGa 가스를 액화시켜 정제된 액체 TMGa를 1차적으로 회수하는 정제부; 및 상기 정제부에서 액화되지 않은 TMGa 가스를 액화시켜 정제된 액체 TMGa를 2차적으로 회수하는 트랩부;를 포함하는 것을 특징으로 한다.,,,,http://plus.kipris.or.kr/openapi/fileToss.jsp?arg=2ba38663aa11ff0f6ca91af6061a2e00a758b10f588f77a53c0af9566a6052624ab1325b654e98cc61bb14e054f2f77ff64386b5c629a389c44a318c2f355cb9fbb6c2d606210ef4,True,True,False,0,C:\Agent_6.9\data\반도체\덕산테코피아\tech\source\duksan_kipris_plus_bibliographic_raw.csv,,8,H10P,H10P 14,False,False,0,True,True,2012.0
1020070043366,1020070043366,1020080098108.0,1020080098108.0,1009544480000.0,1009544480000.0,등록,등록,등록 등록,하이드리도 알루미늄 보로하이드라이드 트리알킬아민착물의 제조방법,하이드리도 알루미늄 보로하이드라이드 트리알킬아민착물의 제조방법,(주)덕산테코피아,(주)덕산테코피아,,20070504,2007,20081107,20081107,20100415.0,20100415.0,C07F 5/00|C07F 5/02|C07F 5/06|C23C 16/20,C07F 5/00|C07F 5/02|C07F 5/06|C23C 16/20,,,"본 발명은 반도체 소자 등의 배선재료로 쓰이는 알루미늄 금속 박막을 화학증착법에 의해 실리콘 기판상에 증착시키는데 사용되는 유기금속 착물(이하 “전구체”와 혼용함) 인 하이드리도 알루미늄 보로하이드라이드 트리알킬아민 착물(Hydrido aluminum borohydride trialkylamine complexes)의 제조방법에 관한 것이다. 알루미늄 증착, 증착, 알루미늄, 전구체, 박막, 보란,",,,,http://plus.kipris.or.kr/openapi/fileToss.jsp?arg=452306798ef1fd03bf8e5ba4e1dbf7265cc3779d7cbe055b3379f94cf73094e64b92b34cce31deef68d349371f2dcf4c40f1884cc2ca2bfb76f9d7dedba5c82dc41f30366e999565,True,True,False,4,C:\Agent_6.9\data\반도체\덕산테코피아\tech\source\duksan_kipris_plus_bibliographic_raw.csv,,9,C07F,C07F 5,False,False,3,True,True,2007.0
1020160160831,1020160160831,1020180061572.0,1020180061572.0,1026801260000.0,1026801260000.0,등록,등록,등록 등록,"네거티브 감광성 수지 조성물, 필름 및 전자장치","네거티브 감광성 수지 조성물, 필름 및 전자장치",(주)덕산테코피아,(주)덕산테코피아,,20161129,2016,20180608,20180608,20240626.0,20240626.0,G03F 7/038|G03F 7/027|G03F 7/00|H10K 59/80|H10K 59/10|H10K 30/80|H10K 10/80,G03F 7/038|G03F 7/027|G03F 7/00|H10K 59/80|H10K 59/10|H10K 30/80|H10K 10/80,,,"본 발명은 패턴 밀착성이 우수할 뿐만 아니라, 공정 특성 및 패턴 형성이 우수한 네거티브형 감광성 수지 조성물, 필름 및 전자장치를 제공한다.",,,,,True,True,False,0,C:\Agent_6.9\data\반도체\덕산테코피아\tech\source\duksan_kipris_plus_bibliographic_raw.csv,,10,G03F,G03F 7,False,True,0,True,True,2016.0
1020240036070,1020240036070,1020250139134.0,1020250139134.0,1029101140000.0,1029101140000.0,등록,등록,등록 등록,고순도 다이아이오도실란의 제조방법,고순도 다이아이오도실란의 제조방법,(주)덕산테코피아,(주)덕산테코피아,,20240314,2024,20250923,20250923,20260106.0,20260106.0,C01B 33/107,C01B 33/107,,,"다이아이오도실란의 제조방법은, 유기용매 중의 다이페닐실란에 트리플루오로메탄설폰산을 첨가하여 하기 반응식 1에 따라 반응시킴으로써 제1 혼합물을 얻는 단계: [반응식 1] (C 6 H 5 ) 2 SiH 2 + 2CF 3 SO 3 H → (CF 3 SO 3 ) 2 SiH 2 + 2(C 6 H 6 ); 및 상기 제1 혼합물에 리튬아이오다이드를 첨가하여 하기 반응식 2에 따라 반응시킴으로써 다이아이오도실란을 포함하는 제2 혼합물을 얻는 단계: [반응식 2] (CF 3 SO 3 ) 2 SiH 2 + 2LiI → SiI 2 H 2 + 2Li(CF 3 SO 3 ); 를 포함한다.",,,,http://plus.kipris.or.kr/openapi/fileToss.jsp?arg=6c650beb4cee9ce4122b704b88878c93b62b5abeec29fcad5223f72a7dacf7dc9ceb07b568b15e8f2197630ebb243ae8863eef2ee429d8b1215287342262036802f555f4cdc579a3,True,True,False,0,C:\Agent_6.9\data\반도체\덕산테코피아\tech\source\duksan_kipris_plus_bibliographic_raw.csv,,11,C01B,C01B 33,False,False,0,True,True,2024.0
1020160052203,1020160052203,1020170123050.0,1020170123050.0,1025088220000.0,1025088220000.0,등록,등록,등록 등록,포토레지스트 박리액 조성물,포토레지스트 박리액 조성물,(주)덕산테코피아|정병현,(주)덕산테코피아|정병현,,20160428,2016,20171107,20171107,20230307.0,20230307.0,G03F 7/42|C11D 11/00|C11D 1/62|C11D 3/43|H10P 50/28,G03F 7/42|C11D 11/00|C11D 1/62|C11D 3/43|H10P 50/28,,,"본 발명은 시클로덱스트린 또는 그 유도체를 포함하는 포토레지스트 박리액 조성물을 제공한다. 이러한 본 발명에 따르면, 포토레지스트에 대한 박리성능 및 금속배선에 대한 내부식성이 우수한 박리액 조성물을 제공할 수 있을 뿐만 아니라, 인체 및 환경에 대한 유해성이 적은 친환경적인 박리액을 제공할 수 있다.",,,,,True,True,False,0,C:\Agent_6.9\data\반도체\덕산테코피아\tech\source\duksan_kipris_plus_bibliographic_raw.csv,,12,G03F,G03F 7,False,False,0,True,True,2016.0
1020080060837,1020080060837,1020100001077.0,1020100001077.0,1009844660000.0,1009844660000.0,등록,등록,등록 등록,"구리2가 착화합물, 그 제조 방법, 그를 이용한 구리 박막제조 방법 및 그를 이용하여 제조된 반도체 기판","구리2가 착화합물, 그 제조 방법, 그를 이용한 구리 박막제조 방법 및 그를 이용하여 제조된 반도체 기판",(주)덕산테코피아,(주)덕산테코피아,,20080626,2008,20100106,20100106,20100920.0,20100920.0,C07F 1/08|H10W 20/20,C07F 1/08|H10W 20/20,,,"구리2가 착화합물, 그 제조 방법, 그를 이용한 구리 박막 제조 방법 및 그를 이용하여 제조된 반도체 기판이 개시된다. 구리2가 착화합물은 β-디케토네이트 화합물을 아민계 화합물 및 염화구리(II)와 반응시켜 제조할 수 있다. 이러한 구리2가 착화합물은 상온에서 액체 또는 고체인 화합물로서, 열적으로 안정하며 취급이 용이할 수 있다. 또한, 상기 구리2가 착화합물은 충분한 증기압을 갖고 우수한 증착 특성을 나타내므로, 화학기상증착법 또는 원자층증착법을 통해 기판 상에 스텝 커버리지가 우수한 구리 박막을 용이하게 형성할 수 있다. 구리2가, 착화합물, 구리 박막, 화학기상증착법, 원자층증착법",,,,http://plus.kipris.or.kr/openapi/fileToss.jsp?arg=452306798ef1fd03bf8e5ba4e1dbf726ce5e541337a5ac215bee443f674d2ff7bf8449184932591bbee0dc8dced7d4ba74a9a75136d2da95641cbb5b7d2df65cebbf228a5a12c409,True,True,False,2,C:\Agent_6.9\data\반도체\덕산테코피아\tech\source\duksan_kipris_plus_bibliographic_raw.csv,,13,C07F,C07F 1,False,True,2,True,True,2008.0
1020120067610,1020120067610,,,1013265540000.0,1013265540000.0,등록,등록,등록 등록,트리메틸갈륨(TMGa)의 재활용 방법,트리메틸갈륨(TMGa)의 재활용 방법,(주)덕산테코피아|한국기초과학지원연구원,(주)덕산테코피아|한국기초과학지원연구원,,20120622,2012,20131107,20131107,20131101.0,20131101.0,H10P 14/24|H10P 10/00|C23C 16/448,H10P 14/24|H10P 10/00|C23C 16/448,,,"본 발명에 따른 사용후 TMGa의 재활용 방법은 복수개의 사용후 캐니스터(canister)에 잔존하는 액체 TMGa(trimethylgallium)에 불활성 가스를 유입시켜 상기 액체 TMGa를 각각의 캐니스터로부터 회수하는 TMGa 회수 단계; 상기 액체 TMGa를 가열시킨 상태에서 상기 불활성 가스를 유입시켜 상기 액체 TMGa를 기화시킨 다음, 상기 액체 TMGa의 기화로 발생된 TMGa 가스를 냉각에 의해 액화시켜 정제된 액체 TMGa를 획득하는 TMGa 정제 단계: 정제된 상기 액체 TMGa의 순도 및 화학적 구조를 분석하여 상기 액체 TMGa의의 재활용 여부를 결정하는 TMGa 분석 단계: 및 정제된 상기 액체 TMGa의 분석 결과 기설정값을 만족하여 상기 액체 TMGa의 재활용이 결정된 경우, 상기 액체 TMGa에 불활성 가스를 유입시켜 상기 액체 TMGa를 전처리된 복수개의 캐니스터에 각각 충진하는 TMGa 충진 단계;를 포함하는 것을 특징으로 한다.",,,,http://plus.kipris.or.kr/openapi/fileToss.jsp?arg=2ba38663aa11ff0f6ca91af6061a2e00fc000f4f74418d1cbfc215ad21c6d7d879c6e61fceaa2225f6a85f26264e04400e01ed69760feca80c3afd3149b3b3ebef5a8b9916059f8f,True,True,False,0,C:\Agent_6.9\data\반도체\덕산테코피아\tech\source\duksan_kipris_plus_bibliographic_raw.csv,,14,H10P,H10P 14,False,False,0,True,True,2012.0
1020080009115,1020080009115,1020090083129.0,1020090083129.0,1009238870000.0,1009238870000.0,등록,등록,등록 등록,반도체 패키지용 솔더볼,반도체 패키지용 솔더볼,(주)덕산테코피아,(주)덕산테코피아,,20080129,2008,20090803,20090803,20091021.0,20091021.0,H10W 70/62|H10W 72/00,H10W 70/62|H10W 72/00,,,"본 발명은 반도체 패키지용 솔더에 관한 것으로서, 더욱 상세하게 설명하면, 솔더볼 표면에 대전 방지제, 커플링제 및 로진(Rosin)을 코팅하여 장시간 고온, 고습에서도 안정적인 반도체 패키지용 솔더볼에 관한 것이다. 본 발명의 반도체 패키지용 솔더볼은 솔더볼; 및 상기 솔더볼 표면에 대전 방지제, 로진 또는 커플링제를 용매에 용해시켜 형성한 코팅층을 포함함에 기술적 특징이 있다.",,,,,True,True,False,2,C:\Agent_6.9\data\반도체\덕산테코피아\tech\source\duksan_kipris_plus_bibliographic_raw.csv,,15,H10W,H10W 70,False,True,2,True,True,2008.0
1020080126205,1020080126205,1020100067702.0,1020100067702.0,1015459620000.0,1015459620000.0,등록,등록,등록 등록,접착층이 형성된 솔더볼,접착층이 형성된 솔더볼,(주)덕산테코피아,(주)덕산테코피아,,20081212,2008,20100622,20100622,20150813.0,20150813.0,H10W 72/00|H05K 3/34,H10W 72/00|H05K 3/34,,,"본 발명은 접착층이 형성된 솔더볼에 관한 것으로, 보다 자세하게는 플럭스가 코팅된 솔더볼 표면에 에폭시 레진층을 추가로 형성하거나 플럭스와 에폭시 레진층이 혼합된 혼합층을 코팅함으로써, 회로기판과 솔더볼 사이에 접합력을 향상시킬 수 있는 접착층이 형성된 솔더볼에 관한 것이다. 본 발명의 접착층이 형성된 솔더볼은 솔더볼; 상기 솔더볼 표면에 코팅된 플럭스; 및 상기 플럭스 표면에 형성된 접착층을 포함함에 기술적 특징이 있다. 솔더볼, 플럭스, 접착층, 에폭시, 레진",,,,http://plus.kipris.or.kr/openapi/fileToss.jsp?arg=2ba38663aa11ff0f6ca91af6061a2e00d811f1e442060ed7cff3bb4092429d1c73c9e1ae65957281ba0c2118174e4e90e5b0b421b90c93ae6e803fbc6f6c4a132bc1a7d27fac171b,True,True,False,1,C:\Agent_6.9\data\반도체\덕산테코피아\tech\source\duksan_kipris_plus_bibliographic_raw.csv,,16,H10W,H10W 72,False,True,1,True,True,2008.0
1020100128523,1020100128523,1020120067093.0,1020120067093.0,1011631720000.0,1011631720000.0,등록,등록,등록 등록,방열성 에폭시 솔더링 플럭스 및 이를 이용한 반도체 소자 실장 방법,방열성 에폭시 솔더링 플럭스 및 이를 이용한 반도체 소자 실장 방법,(주)덕산테코피아,(주)덕산테코피아,,20101215,2010,20120625,20120625,20120629.0,20120629.0,H10W 72/00|B23K 1/19|B23K 1/20,H10W 72/00|B23K 1/19|B23K 1/20,,,"방열성을 가지는 에폭시 솔더링 플럭스 및 이를 이용한 반도체 소자 실장 방법이 개시된다. 본 발명의 실시예에 따른 에폭시 솔더링 플럭스는 에폭시 수지, 방열제, 에폭시 경화제, 및 활성제를 포함하는 것을 특징으로 할 수 있다.",,,,http://plus.kipris.or.kr/openapi/fileToss.jsp?arg=452306798ef1fd03bf8e5ba4e1dbf72625164ec60f0ce97afd5a1d1643b258f36f921a873ce94c5d3633c5958aa6574b4990e4bd74dca7100d6157441ac36eef2fdda5a41bbde522,True,True,False,2,C:\Agent_6.9\data\반도체\덕산테코피아\tech\source\duksan_kipris_plus_bibliographic_raw.csv,,17,H10W,H10W 72,False,True,2,True,True,2010.0
1020100014281,1020100014281,1020110094714.0,1020110094714.0,1010610480000.0,1010610480000.0,등록,등록,등록 등록,솔더 잉크 및 이를 이용한 전자소자 패키지,솔더 잉크 및 이를 이용한 전자소자 패키지,(주)덕산테코피아,(주)덕산테코피아,,20100217,2010,20110824,20110824,20110825.0,20110825.0,H10W 70/60|H10W 72/00,H10W 70/60|H10W 72/00,,,"본 발명은 솔더 잉크 및 이를 이용한 전자소자 패키지에 관한 것으로, 솔더 잉크는 주석(Sn)을 가지는 합금을 포함하는 솔더 파우더; 로진수지 또는 로진변성 수지로 구성되는 제1수지를 포함하는 바인더; 활성화제; 및 용매를 포함하는 것을 특징으로 한다.",,,,http://plus.kipris.or.kr/openapi/fileToss.jsp?arg=452306798ef1fd03bf8e5ba4e1dbf726ece562a0e923d647293b821b2ad524396acf2fe4ece61ea961dc3edd7b9ea165fd1611e20a29d4003a154de25f54574f4056297647d65183,True,True,False,2,C:\Agent_6.9\data\반도체\덕산테코피아\tech\source\duksan_kipris_plus_bibliographic_raw.csv,,18,H10W,H10W 70,False,True,2,True,True,2010.0
1020130060649,1020130060649,,,1014365900000.0,1014365900000.0,등록,등록,등록 등록,회수 TMIn 재이용방법,회수 TMIn 재이용방법,한국기초과학지원연구원|(주)덕산테코피아,한국기초과학지원연구원|(주)덕산테코피아,,20130528,2013,20140902,20140902,20140826.0,20140826.0,H10P 14/24|H10P 10/00|H10H 20/00,H10P 14/24|H10P 10/00|H10H 20/00,,,"본 발명은 TMIn(trimethyl indium)이 충진된 캐니스터를 사용 후 각각의 캐니스터 내에 잔존하는 TMIn을 회수 및 정제하여 다시 새로운 캐니스터로서 재이용할 수 있도록 하기 위한 회수 TMIn 재이용방법에 관한 것으로, 본 발명에 따르면, LED와 같은 반도체 제조공정시 많이 이용되는 기상증착법에서 원료로서 사용되는 TMIn이 모두 사용되지 못하고 사용 후 캐니스터(canister) 내에 일부가 잔류함으로 인해 원료의 낭비로 인한 제조비용 증가에 더하여, 미처 사용되지 못하고 버려지는 원료물질로 인해 환경오염의 문제도 있었던 종래의 LED 제조공정의 문제점을 해결하기 위해, 사용 후 각각의 캐니스터 내에 잔류하는 TMIn 원료를 회수하여 다시 하나의 새로운 캐니스터에 모아서 재이용할 수 있도록 하는 회수 TMIn 재이용방법이 제공된다.",,,,http://plus.kipris.or.kr/openapi/fileToss.jsp?arg=2ba38663aa11ff0f6ca91af6061a2e00f922d5e68ed10e5772fcfa9cf841ca734b6cc67f98bcb2c02b7977634ae54c07850094854161c14fd25c05a450ca826dbef2ce026e9b4d66,True,True,False,1,C:\Agent_6.9\data\반도체\덕산테코피아\tech\source\duksan_kipris_plus_bibliographic_raw.csv,,19,H10P,H10P 14,False,True,1,True,True,2013.0
1020110106423,1020110106423,1020130042241.0,1020130042241.0,,,취하,취하,취하 취하,방열성 에폭시 솔더링 플럭스 및 이를 이용한 반도체 소자 실장 방법,방열성 에폭시 솔더링 플럭스 및 이를 이용한 반도체 소자 실장 방법,(주)덕산테코피아,(주)덕산테코피아,,20111018,2011,20130426,20130426,,,H10W 72/00|H10W 70/40,H10W 72/00|H10W 70/40,,,"방열성을 가지는 에폭시 솔더링 플럭스 및 이를 이용한 반도체 소자 실장 방법이 개시된다. 본 발명의 실시예에 따른 에폭시 솔더링 플럭스는 에폭시 수지, 방열제, 에폭시 경화제, 및 활성제를 포함하는 것을 특징으로 할 수 있다.",,,,http://plus.kipris.or.kr/openapi/fileToss.jsp?arg=452306798ef1fd03bf8e5ba4e1dbf726fdaaccf21592da541d1dca7832762a57aef18fef869a4fe1e316532c228f8788981699e0c69abe2a18e60f1a3d4b5edd349faafdcda0c3a5,False,False,True,2,C:\Agent_6.9\data\반도체\덕산테코피아\tech\source\duksan_kipris_plus_bibliographic_raw.csv,,20,H10W,H10W 72,False,True,2,False,False,2011.0
1020110032552,1020110032552,1020120115444.0,1020120115444.0,1013683140000.0,1013683140000.0,등록,등록,등록 등록,비히클 조성물 및 이를 이용한 전도성 조성물,비히클 조성물 및 이를 이용한 전도성 조성물,(주)덕산테코피아,(주)덕산테코피아,,20110408,2011,20121018,20121018,20140219.0,20140219.0,C08L 1/02|C08K 5/17|C08L 101/12|H01B 1/20|C08K 3/00|C09D 5/24,C08L 1/02|C08K 5/17|C08L 101/12|H01B 1/20|C08K 3/00|C09D 5/24,,,"본 발명의 일측면은 셀룰로스계 수지, 아크릴레이트계 수지, 폴리비닐부티랄(Polyvinyl butyral), 및 폴리에스테르(Poly Ester)로 구성되는 군에서 선택되는 1종이상의 바인더; 상기 바인더를 개질하는 2차아민; 희석제; 및 첨가제를 포함하는 비히클 조성물을 개시한다.",,,,http://plus.kipris.or.kr/openapi/fileToss.jsp?arg=2ba38663aa11ff0f6ca91af6061a2e008ae4688f433ee4a402378cb9fd2826bdb00005d66b55042c519ecfa80332fb194b807d4d28df927be1b37595d1a2dcebd3ab3230f744ebf5,True,True,False,0,C:\Agent_6.9\data\반도체\덕산테코피아\tech\source\duksan_kipris_plus_bibliographic_raw.csv,,21,C08L,C08L 1,False,False,0,True,True,2011.0
1020050048492,1020050048492,1020060127481.0,1020060127481.0,1007194520000.0,1007194520000.0,소멸,소멸,소멸 소멸,무연솔더크림용 금속분말 제조방법과 장치 및 그 금속분말,무연솔더크림용 금속분말 제조방법과 장치 및 그 금속분말,(주)덕산테코피아,(주)덕산테코피아,,20050607,2005,20061213,20061213,20070511.0,20070511.0,B22F 9/08,B22F 9/08,,,"본 발명은 반도체 표면실장 등을 위한 대체재료로서의 무연솔더크림(無鉛 solder cream)용 금속분말 및 그 제조방법과 장치를 제공할 뿐만 아니라,생산성 내지 수율을 증대시킬 뿐만 아니라, 솔더링성(Solderability)을 향상시킬 수 있는 무연솔더크림용 금속분말의 제조방법과 장치 및 그 무연솔더크림용 금속분말을 제공한다. 그 제조방법은, 무연 솔더 금속을 스테인레스 용기인 주용해로(1)에서 용해시킨 후 진동시키고 오리피스(orifice)를 통과시켜 액적을 형성시키며, 그 액적을 불활성 가스분위기의 냉각 챔버(chamber)에서 냉각시켜 응고시킴으로써 무연솔더크림용 금속분말을 제조하는 방법에 있어서, 상기 오리피스로부터 낙하하는 액적을, 10KHz∼2MHz 범위의 주파수로 상하로 진동하는 원추형, 타원추형 또는 다각추형 레조네이터(Resonator)의 표면에 적하시켜 작은 액적들로 방사상으로 분무시키며, 그 후에 그 분무된 액적들을 불활성 가스분위기의 냉각 챔버에서 냉각시켜 응고시키는 것을 특징으로 하며, 무연솔더크림용 금속분말은, Sn-Ag-Cu계 무연 솔더 금속분말에 리프로우 공정에서 무후락스(fluxless) 솔더 내지 솔더링성의 향상을 위해 주로 표면에 주석 산화 플루오라이드(SnOxFy)를 포함하여 구성되는 것을 특징으로 한다. 무연솔더크림, 금속분말, 레조네이터, 주석 산화 플루...(이하생략)",,,,http://plus.kipris.or.kr/openapi/fileToss.jsp?arg=452306798ef1fd035bfb5ff666db4c9c592fb536ea920a4d2260bbd77a1b8af1e9d862ca33e4c6300dcb0585e74c2b57,True,False,True,1,C:\Agent_6.9\data\반도체\덕산테코피아\tech\source\duksan_kipris_plus_bibliographic_raw.csv,,22,B22F,B22F 9,False,False,1,True,False,2005.0
1020110037336,1020110037336,1020120119426.0,1020120119426.0,1012095170000.0,1012095170000.0,등록,등록,등록 등록,"솔더 페이스트용 플럭스, 솔더 페이스트 및 솔더 범프, 그리고 이들의 제조 방법","솔더 페이스트용 플럭스, 솔더 페이스트 및 솔더 범프, 그리고 이들의 제조 방법",(주)덕산테코피아,(주)덕산테코피아,,20110421,2011,20121031,20121031,20121203.0,20121203.0,B23K 35/363|B23K 35/22|H05K 3/34,B23K 35/363|B23K 35/22|H05K 3/34,,,"본 발명에 따른 솔더 페이스트용 플럭스는, 수지, 가소제, 용제 및 활성제를 포함한다. 상기 가소제가 디부틸프탈레이트(dibutylphthalate, DBP), 벤질부틸프탈레이트(benzylbutylphthalate, BBP), 디옥틸프탈레이트(dioctylphthalate, DOP), 디옥틸세바케이트(dioctyl sebacate, DOS) 및 디옥틸아제레이트(dioctyl azelate, DOZ)로 이루어진 군에서 선택된 물질을 적어도 하나 포함한다.",,,,http://plus.kipris.or.kr/openapi/fileToss.jsp?arg=452306798ef1fd03bf8e5ba4e1dbf726e4554dfc0ea91be6bd3d618fd346591704e771823d58a77f3946129fe733414da0fb01be8ac60604eacf00c49c40753da80c8e54fc879e11,True,True,False,1,C:\Agent_6.9\data\반도체\덕산테코피아\tech\source\duksan_kipris_plus_bibliographic_raw.csv,,23,B23K,B23K 35,False,True,1,True,True,2011.0
1020150170834,1020150170834,1020170065073.0,1020170065073.0,1018194550000.0,1018194550000.0,등록,등록,등록 등록,화학 반응기 및 이를 포함하는 화학 반응 시스템,화학 반응기 및 이를 포함하는 화학 반응 시스템,(주)덕산테코피아,(주)덕산테코피아,,20151202,2015,20170613,20170613,20180111.0,20180111.0,B01J 19/24|B01J 8/00,B01J 19/24|B01J 8/00,,,"화학 반응이 진행되는 장소를 제공하는 반응 하우징과, 상기 반응 하우징 내에 슬라이딩 이동 가능하게 출입되며, 반응물질이 안치되는 기공 구조체가 내부 또는 하부에 구비된 바스켓을 포함하며, 상기 반응물질과 반응하는 반응기체가 상기 하우징을 통해 상기 기공 구조체의 하부에서 투입되어 상기 기공 구조체를 상향 통과하도록 상기 반응기체의 투입 위치가 유도되는 화학 반응기 및 이를 포함하는 화학 반응 시스템이 개시된다.",,,,http://plus.kipris.or.kr/openapi/fileToss.jsp?arg=2ba38663aa11ff0f6ca91af6061a2e0032fd60b924a31f7888feea176cf28935f1cf44ab874e3924aa6abd64a272ce76a83c1da26a0e94db92557b5927111c102bf910b88d5e6529,True,True,False,0,C:\Agent_6.9\data\반도체\덕산테코피아\tech\source\duksan_kipris_plus_bibliographic_raw.csv,,24,B01J,B01J 19,False,False,0,True,True,2015.0
1020090106483,1020090106483,1020110049466.0,1020110049466.0,1012254970000.0,1012254970000.0,등록,등록,등록 등록,도전성 접착제와 그 제조 방법 및 이를 포함하는 전자 장치,도전성 접착제와 그 제조 방법 및 이를 포함하는 전자 장치,(주)덕산테코피아,(주)덕산테코피아,,20091105,2009,20110512,20110512,20130117.0,20130117.0,C09J 9/02,C09J 9/02,,,"본 발명은 도전성 접착제와 그 제조 방법에 관한 것으로, 코어와 상기 코어의 표면에 형성되는 코팅층을 포함하는 도전성입자; Sn과 Ag, Cu, Bi, Zn, In 및 Pb로 이루어진 그룹 중에서 선택된 하나 이상의 금속이 이루는 합금을 포함하는 저융점 합금 분말; 열경화성 수지를 포함하는 제1 바인더를 포함하는 것을 특징으로 한다. 금속, 도전, 나노, 코어, 쉘",,,,http://plus.kipris.or.kr/openapi/fileToss.jsp?arg=452306798ef1fd03bf8e5ba4e1dbf726121a45a5bdb6b669ba5ffbb42a8d49d1ae038d9df4b1a46b1450a8b491ac862ef6812e598e3407dbcb37e23a04faa3d0de9710bc13054733,True,True,False,0,C:\Agent_6.9\data\반도체\덕산테코피아\tech\source\duksan_kipris_plus_bibliographic_raw.csv,,25,C09J,C09J 9,False,False,0,True,True,2009.0
1020180082116,1020180082116,1020200008678.0,1020200008678.0,1024535990000.0,1024535990000.0,등록,등록,등록 등록,4차 암모늄-시클로덱스트린 또는 그 유도체를 포함하는 포토레지스트 박리액 조성물,4차 암모늄-시클로덱스트린 또는 그 유도체를 포함하는 포토레지스트 박리액 조성물,(주)덕산테코피아|정병현,(주)덕산테코피아|정병현,,20180716,2018,20200129,20200129,20221006.0,20221006.0,G03F 7/42|C11D 7/26|C11D 7/50,G03F 7/42|C11D 7/26|C11D 7/50,,,"본 발명은 4차 암모늄-시클로덱스트린 또는 그 유도체를 포함하는 포토레지스트 박리액 조성물을 제공한다. 이러한 본 발명에 따르면, 포토레지스트에 대한 박리성능 및 금속배선에 대한 내부식성이 우수한 박리액 조성물을 제공할 수 있을 뿐만 아니라, 인체 및 환경에 대한 유해성이 적은 친환경적인 박리액을 제공할 수 있다.",,,,http://plus.kipris.or.kr/openapi/fileToss.jsp?arg=6c650beb4cee9ce4122b704b88878c93b86a9d07f9dab68d188e61966d4adfd7d517d90ea8bef6dc94ffcf575b8d189cfc3a4386338cfd07c891479ebe02f1c5befa94a8a676612f,True,True,False,0,C:\Agent_6.9\data\반도체\덕산테코피아\tech\source\duksan_kipris_plus_bibliographic_raw.csv,,26,G03F,G03F 7,False,False,0,True,True,2018.0
1020090012302,1020090012302,,,1009291360000.0,1009291360000.0,등록,등록,등록 등록,도전성 접착제와 그 제조 방법 및 이를 포함하는 전자 장치,도전성 접착제와 그 제조 방법 및 이를 포함하는 전자 장치,(주)덕산테코피아,(주)덕산테코피아,,20090216,2009,20091201,20091201,20091123.0,20091123.0,C09J 11/04|C09J 9/02|C09J 1/00|C09J 163/00|B82B 3/00|C09J 11/08|C08L 93/04|C09J 161/06,C09J 11/04|C09J 9/02|C09J 1/00|C09J 163/00|B82B 3/00|C09J 11/08|C08L 93/04|C09J 161/06,,,"본 발명은 도전성 접착제와 그 제조 방법 및 이를 포함하는 전자 장치에 관한 것으로, 보다 상세하게는 금속 분말, Sn/Bi, Sn/In 및 Sn/Pb로 이루어진 그룹 중에서 선택된 하나 이상의 물질을 포함하는 저융점 합금 분말, 열경화성 수지를 포함하는 제1 바인더, 및 로진(rosin) 화합물을 포함하는 제2 바인더를 포함하는 도전성 접착제와 그 제조 방법 및 이를 포함하는 전자 장치에 관한 것이다. 도전성 접착제, 금속 분말, 저융점 합금, 나노 분말, 로진 화합물",,,,http://plus.kipris.or.kr/openapi/fileToss.jsp?arg=452306798ef1fd035bfb5ff666db4c9c6c0206a1c8a003f17959b312cce43e76f4b6778979426bba4f3baef214f8a107,True,True,False,0,C:\Agent_6.9\data\반도체\덕산테코피아\tech\source\duksan_kipris_plus_bibliographic_raw.csv,,27,C09J,C09J 11,False,False,0,True,True,2009.0
1020100014807,1020100014807,1020110095021.0,1020110095021.0,1012939140000.0,1012939140000.0,등록,등록,등록 등록,도전성 잉크 및 이를 이용한 전자소자,도전성 잉크 및 이를 이용한 전자소자,(주)덕산테코피아,(주)덕산테코피아,,20100218,2010,20110824,20110824,20130801.0,20130801.0,C09D 11/52|H01B 5/16|H01R 11/00,C09D 11/52|H01B 5/16|H01R 11/00,,,"본 발명은 도전성 잉크 및 이를 이용한 전자소자에 관한 것으로, 도전성 파우더; Sn과 Ag, Cu, Bi, Zn, In 및 Pb로 이루어진 그룹 중에서 선택된 하나 이상의 금속이 이루는 합금을 포함하는 저융점 합금 파우더; 로진수지 또는 로진변성 수지로 구성되는 제1수지, 및 열경화성 수지로 구성되는 제2수지를 포함하는 바인더; 활성화제; 및 용매를 포함하는 것을 특징으로 한다.",,,,http://plus.kipris.or.kr/openapi/fileToss.jsp?arg=452306798ef1fd03bf8e5ba4e1dbf726f578add44116e317dd0ba4ddbfc1d7a00d16a97b9924c5f13a9dbc7cec88c62b993debd02e32d1be6cdab90e319b29fd2993187e262f0e8b,True,True,False,1,C:\Agent_6.9\data\반도체\덕산테코피아\tech\source\duksan_kipris_plus_bibliographic_raw.csv,,28,C09D,C09D 11,False,False,1,True,True,2010.0
1020170054245,1020170054245,1020180120397.0,1020180120397.0,,,거절,거절,거절 거절,포토레지스트 박리액 조성물,포토레지스트 박리액 조성물,(주)덕산테코피아|정병현,(주)덕산테코피아|정병현,,20170427,2017,20181106,20181106,,,G03F 7/42|C11D 11/00|C11D 3/20|C11D 3/42|C11D 3/00|C11D 3/04,G03F 7/42|C11D 11/00|C11D 3/20|C11D 3/42|C11D 3/00|C11D 3/04,,,"본 발명은 시클로덱스트린 또는 그 유도체를 포함하는 포토레지스트 박리액 조성물을 제공한다. 이러한 본 발명에 따르면, 포토레지스트에 대한 박리성능 및 금속배선에 대한 내부식성이 우수한 박리액 조성물을 제공할 수 있을 뿐만 아니라, 인체 및 환경에 대한 유해성이 적은 친환경적인 박리액을 제공할 수 있다.",,,,http://plus.kipris.or.kr/openapi/fileToss.jsp?arg=2ba38663aa11ff0f6ca91af6061a2e008da2c36ddc6d02cca6dafee86d95973e6651ffc064c10235b3c2f24eacc48626d0f4d0420b0f52237c3e2065670c14201a0f2ec152dc5bee,False,False,True,0,C:\Agent_6.9\data\반도체\덕산테코피아\tech\source\duksan_kipris_plus_bibliographic_raw.csv,,29,G03F,G03F 7,False,False,0,False,False,2017.0
1020220106037,1020220106037,1020240028029.0,1020240028029.0,1027231680000.0,1027231680000.0,등록,등록,등록 등록,고순도의 몰리브덴옥시할라이드를 연속적으로 제조하는 방법 및 그 시스템,고순도의 몰리브덴옥시할라이드를 연속적으로 제조하는 방법 및 그 시스템,(주)덕산테코피아,(주)덕산테코피아,,20220824,2022,20240305,20240305,20241024.0,20241024.0,C01G 39/04|B01J 19/00,C01G 39/04|B01J 19/00,,,"고순도의 몰리브덴옥시할라이드를 연속적으로 제조하는 방법 및 그 시스템이 개시된다. 본 발명에 따르면, 원료와 할로겐가스를 연속적으로 공급하여 몰리브덴옥시할라이드를 연속적으로 제조할 수 있고, 생성된 몰리브덴옥시할라이드를 연속적으로 컬럼에 통과시켜 불순물을 제거한 후 회수하거나 회수 후 승화정제함으로써 합성과 정제를 한번에 수행할 수 있어 대량생산에 적합한 고순도의 몰리브덴옥시할라이드의 제조할 수 있다.",,,,http://plus.kipris.or.kr/openapi/fileToss.jsp?arg=6c650beb4cee9ce4122b704b88878c935ebedc9bd714f058ec779cae6c66019743629428e592e6114a4bad38986536ac5edfdecc5c9cdc128120e162029c0200074da63a05ff92b1,True,True,False,0,C:\Agent_6.9\data\반도체\덕산테코피아\tech\source\duksan_kipris_plus_bibliographic_raw.csv,,30,C01G,C01G 39,False,False,0,True,True,2022.0
1020200163557,1020200163557,1020220075465.0,1020220075465.0,1027218670000.0,1027218670000.0,등록,등록,등록 등록,수지 조성물 및 이를 이용한 표시장치,수지 조성물 및 이를 이용한 표시장치,(주)덕산테코피아,(주)덕산테코피아,,20201130,2020,20220608,20220608,20241022.0,20241022.0,G03F 7/004|G03F 7/028|G03F 7/105|C08L 79/08,G03F 7/004|G03F 7/028|G03F 7/105|C08L 79/08,,,"본 발명의 일 실시예에 따르면, 화학식 (1) 및 화학식 (10)으로 표시되는 반복 단위를 포함하는 수지, 상기 수지를 포함하는 수지 조성물 및 상기 수지 조성물로 형성된 화소분리부를 포함하는 표시장치를 제공한다. 상기 표시장치는 기판 상에 형성된 제 1 전극과, 제 1 전극을 부분적으로 노출시키도록 제 1 전극 상에 형성된 화소 분리부와, 제 1 전극에 대향하여 설치된 제2 전극을 포함하는 표시 장치로서, 화소분리부가 550nm 파장에서 0.5/㎛ 이상의 흡광도를 갖는다.",,,,http://plus.kipris.or.kr/openapi/fileToss.jsp?arg=6c650beb4cee9ce4122b704b88878c9338c015289c613e2679c988d3444656c57aad0a2023f3a9cbc8e96d270444b3e87ec2a0c00dd1da4a78fb1861bb81c7d2ad8e01cb079ada85,True,True,False,1,C:\Agent_6.9\data\반도체\덕산테코피아\tech\source\duksan_kipris_plus_bibliographic_raw.csv,,31,G03F,G03F 7,False,False,1,True,True,2020.0
1020180150063,1020180150063,1020200064274.0,1020200064274.0,1026891830000.0,1026891830000.0,등록,등록,등록,"감광성 수지 조성물, 필름 및 전자장치","감광성 수지 조성물, 필름 및 전자장치",(주)덕산테코피아,(주)덕산테코피아,,20181128,2018,20200608,20200608,20240724.0,20240724.0,G03F 7/037|G03F 7/033|G03F 7/038,G03F 7/037|G03F 7/033|G03F 7/038,,,"본 발명은 저광량에서 고해상도 패터닝이 가능하고, 패턴 밀착성이 우수하며, 미세한 패터닝이 가능하며, 경화막 특성이 우수한 감광성 수지 조성물, 필름 및 전자장치를 제공할 수 있다.",,,,,True,True,False,0,C:\Agent_6.9\data\반도체\덕산테코피아\tech\source\kipris_duksan_patents.csv,,8,G03F,G03F 7,False,False,0,True,True,2018.0
1020210142539,1020210142539,1020230058843.0,1020230058843.0,1027169210000.0,1027169210000.0,등록,등록,등록,반도체 제조장비용 캐니스터,반도체 제조장비용 캐니스터,(주)덕산테코피아,(주)덕산테코피아,,20211025,2021,20230503,20230503,20241008.0,20241008.0,C23C 16/448,C23C 16/448,,,"본 발명은 캐리어 가스가 주입되는 딥튜브)의 말단에 소결필터를 구비하고, 캐니스터 용기의 내부에 열전달률이 우수한 다공성 용기를 더 구비함으로써 캐니스터 내부에 충전된 전구물질을 원활하게 후단의 박막증착 설비로 공급할 수 있는 반도체 제조장비용 캐니스터를 개시한다.",,,,http://plus.kipris.or.kr/openapi/fileToss.jsp?arg=ed43a0609e94d6e22d01c5c32ba711cf1f2070973015046377aaebffcd8b1e7769c26fe6bf1b66760e216ff617196792dbc06c975c58e47fabb303a7b2eb18c6544ade7f4949190c,True,True,False,1,C:\Agent_6.9\data\반도체\덕산테코피아\tech\source\kipris_duksan_patents.csv,,33,C23C,C23C 16,False,False,1,True,True,2021.0
1020210093453,1020210093453,1020230012771.0,1020230012771.0,1025812370000.0,1025812370000.0,등록,등록,등록,산화 반응을 이용한 고리형 설페이트 화합물을 제조하는 방법,산화 반응을 이용한 고리형 설페이트 화합물을 제조하는 방법,(주)덕산테코피아,(주)덕산테코피아,,20210716,2021,20230126,20230126,20230918.0,20230918.0,C07D 327/10|H01M 10/0567,C07D 327/10|H01M 10/0567,,,"본 발명은 고리형 설파이트 화합물을 설페이트 화합물로 산화시키는 제조 방법에 관한 것으로, 상기 방법은 고리형 설파이트 화합물을 촉매의 존재 하에 특정 pH 범위 내에서 반응시킴으로써 상업적 규모에서도 안정적으로 고리형 설페이트를 생산할 수 있는 것이다.",,,,,True,True,False,0,C:\Agent_6.9\data\반도체\덕산테코피아\tech\source\kipris_duksan_patents.csv,,34,C07D,C07D 327,False,False,0,True,True,2021.0
1020190119979,1020190119979,1020210037393.0,1020210037393.0,,,거절,거절,거절,아미노실란 화합물 및 이를 포함하는 실리콘 함유 박막 증착용 조성물,아미노실란 화합물 및 이를 포함하는 실리콘 함유 박막 증착용 조성물,(주)덕산테코피아,(주)덕산테코피아,,20190927,2019,20210406,20210406,,,C07F 7/10|C23C 16/24|C23C 16/40|C23C 16/34|C23C 16/36|C23C 16/30|C23C 16/455,C07F 7/10|C23C 16/24|C23C 16/40|C23C 16/34|C23C 16/36|C23C 16/30|C23C 16/455,,,"본 발명은 아미노실란 화합물및 이를 포함하는 실리콘 함유 박막용 조성물에 관한 것으로서, 더욱 상세하게는 실리콘 함유 박막을 형성하기 위한 전구체로 사용될 수 있는 적합한 특성을 갖고 클로로실란류를 대체할 수 있는 아미노실란 화합물및 이를 포함하는 실리콘 함유 박막용 조성물에 관한 것이다.",,,,http://plus.kipris.or.kr/openapi/fileToss.jsp?arg=ed43a0609e94d6e22d01c5c32ba711cf4a96bf84dd78afa5a1910042d1fed94b7cfcd0d3374e35d1c3be318387dbbc660c3abe67e4f4334f159299647ccd9aaa51977b862a1fc485,False,False,True,1,C:\Agent_6.9\data\반도체\덕산테코피아\tech\source\kipris_duksan_patents.csv,,35,C07F,C07F 7,False,False,0,False,False,2019.0
1020190002578,1020190002578,1020200086434.0,1020200086434.0,,,거절,거절,거절,트리플루오로메탄을 재사용하여 트리플루오로요오드를 제조하는 방법 및 그 시스템,트리플루오로메탄을 재사용하여 트리플루오로요오드를 제조하는 방법 및 그 시스템,(주)덕산테코피아,(주)덕산테코피아,,20190109,2019,20200717,20200717,,,C07C 17/10|C07C 19/16,C07C 17/10|C07C 19/16,,,"본 발명은 트리플루오로메탄을 재사용하여 트리플루오로요오드를 제조하는 방법 및 그 시스템를 제공하며, 반응 후 과량 남게 되는 트리플루오로메탄을 반응 공정에서 재사용함으로써 원재료를 절약할 수 있을 뿐만 아니라 전체적인 반응 수율을 향상시킬 수 있다.",,,,http://plus.kipris.or.kr/openapi/fileToss.jsp?arg=ed43a0609e94d6e22d01c5c32ba711cff625ceee4046033545e6bc01d29e9014fcc9c90fe8a0036aab627f1d535f3ef6880844fe1fd5ba4d825d30b316395b21bc3e077d4872fc96,False,False,True,0,C:\Agent_6.9\data\반도체\덕산테코피아\tech\source\kipris_duksan_patents.csv,,36,C07C,C07C 17,False,False,0,False,False,2019.0
1020090058444,1020090058444,1020100093452.0,1020100093452.0,,,취하,취하,취하,도전성 접착제와 그 제조 방법 및 이를 포함하는 전자 장치,도전성 접착제와 그 제조 방법 및 이를 포함하는 전자 장치,(주)덕산테코피아,(주)덕산테코피아,,20090629,2009,20100825,20100825,,,C09J 9/02|C09J 1/00|C09J 11/04|C09J 163/00|C09J 161/06|B82B 3/00,C09J 9/02|C09J 1/00|C09J 11/04|C09J 163/00|C09J 161/06|B82B 3/00,,,"본 발명은 도전성 접착제와 그 제조 방법 및 이를 포함하는 전자 장치에 관한 것으로, 보다 상세하게는 금속 분말; Ag, Cu, Al, Ni, 팽창 흑연, 탄소 나노 튜브(CNT), 탄소, 및 그라핀으로 이루어진 그룹 중에서 선택된 하나 이상의 물질을 포함하는 나노 분말; 및 열경화성 수지를 포함하는 제1 바인더;를 포함하는 도전성 접착제와 그 제조 방법 및 이를 포함하는 전자 장치에 관한 것이다. 도전성 접착제, 금속 분말, 저융점 합금, 나노 분말, 로진 화합물",,,,http://plus.kipris.or.kr/openapi/fileToss.jsp?arg=ed43a0609e94d6e22d01c5c32ba711cff81682eb4be59832bc8cb2108dac84d90bc9d50ac9f092354dbb54c23e5653147e23643612b92e468f8ae4ad7199b2d72af536f820ac5c92,False,False,True,0,C:\Agent_6.9\data\반도체\덕산테코피아\tech\source\kipris_duksan_patents.csv,,37,C09J,C09J 9,False,False,0,False,False,2009.0
1020170138476,1020170138476,1020190045648.0,1020190045648.0,,,거절,거절,거절,"지르코늄 금속을 함유하는 유기금속화합물, 그 제조방법 및 이를 사용하는 박막 형성 방법","지르코늄 금속을 함유하는 유기금속화합물, 그 제조방법 및 이를 사용하는 박막 형성 방법",(주)덕산테코피아,(주)덕산테코피아,,20171024,2017,20190503,20190503,,,C07F 7/00|C23C 16/40|C23C 16/455,C07F 7/00|C23C 16/40|C23C 16/455,,,"본 발명은 지르코늄 유기금속화합물 및 그 제조방법에 관한 것으로 더욱 상세하게는 화학 기상 증착법 또는 원자층 증착법에 적용 가능하고 열적 및 화학적으로 안정한 지르코늄 유기금속화합물 및 그의 제조방법에 관한 것이다. 본 발명에 따르는 지르코늄 유기금속화합물은 열안정성이 우수하고 높은 휘발성을 가지기 때문에 차세대 반도체와 같은 장치 제조에 요구되는 우수한 박막 제조에 사용될 수 있으며, 제조공정의 신뢰도 및 효율성을 높일 수 있다.",,,,http://plus.kipris.or.kr/openapi/fileToss.jsp?arg=ed43a0609e94d6e22d01c5c32ba711cf7ea4551102369d7f4191cf6ba8a46db8eb62d35f007cef1f2908362620d25601ce3945b59f27849f38e3535b8eba72c4cf84a8a5cbf41810,False,False,True,1,C:\Agent_6.9\data\반도체\덕산테코피아\tech\source\kipris_duksan_patents.csv,,38,C07F,C07F 7,False,False,1,False,False,2017.0
1020180026800,1020180026800,1020190105970.0,1020190105970.0,,,거절,거절,거절,SiC 전구체 화합물 및 이를 사용하는 박막 형성 방법,SiC 전구체 화합물 및 이를 사용하는 박막 형성 방법,(주)덕산테코피아,(주)덕산테코피아,,20180307,2018,20190918,20190918,,,C07F 7/10|C23C 16/36|C23C 16/455|C23C 16/40|C23C 16/44,C07F 7/10|C23C 16/36|C23C 16/455|C23C 16/40|C23C 16/44,,,"본 발명은 SiOCN 박막 증착을 수행하기 위한 SiC 전구체 및 이를 사용하는 SiOCN 박막 형성 방법에 관한 것으로, 본 발명에 따른 실리콘-함유 박막의 형성 방법은 별도의 촉매를 요하지 않는 저온 공정 상에서 수행되며, 우수한 박막 증착 속도 및 공정의 효율을 가진다.",,,,http://plus.kipris.or.kr/openapi/fileToss.jsp?arg=ed43a0609e94d6e22d01c5c32ba711cf2e81d4b6536665b588d1fbaa7ff9d73999abbe0d5df382409f7786d1e92e0ec117037d4e8e7ff5f68b4390d9642da9bd0335559b417521ec,False,False,True,1,C:\Agent_6.9\data\반도체\덕산테코피아\tech\source\kipris_duksan_patents.csv,,39,C07F,C07F 7,False,False,0,False,False,2018.0
