application_number,application_no,open_number,publication_no,register_number,registration_no,register_status,final_disposal,legal_status,invention_title,title,right_holder,applicant,inventor,application_date,application_year,open_date,publication_date,register_date,registration_date,ipc_number,ipc,cpc_number,cpc,abstract,claim_text,claims,url,drawing,is_registered,is_alive_estimated,has_negative_disposal_estimated,tech_keyword_match_count,source_file,source_sheet,source_row
1020210102720,1020210102720,1020230020836,1020230020836,1029670700000,1029670700000,등록,등록,등록 등록,감광성 수지 조성물 및 이를 포함하는 표시 장치,감광성 수지 조성물 및 이를 포함하는 표시 장치,주식회사 동진쎄미켐,주식회사 동진쎄미켐,,20210804,2021,20230213,20230213,20260515,20260515,G03F 7/039|G03F 7/022|G03F 7/023|H10K 50/00,G03F 7/039|G03F 7/022|G03F 7/023|H10K 50/00,,,"본 발명은 감광성 수지 조성물 및 이를 포함하는 표시 장치에 관한 것으로서, 보다 상세하게는 폴리아믹산, 폴리아믹에스터 및 폴리이미드를 포함하는 군으로부터 선택되는 1종 이상의 구조를 포함하는 알칼리 가용성 수지, 2종 이상의 열가교성 화합물, 감광제 및 용매를 포함하여, 감도, 잔막율, 접착성, 내화학성, 및 내열성이 우수한 감광성 수지 조성물 및 이를 포함하는 표시 장치에 관한 것이다.",,,,http://plus.kipris.or.kr/openapi/fileToss.jsp?arg=6c650beb4cee9ce4122b704b88878c939ef37838d7979f243d6aab986516bf23773eaf573a4397876d20882bbb9ce0a14f6b102e49f90b0b9318f4322e7eaecdf9adc8dc82b8f1e3,True,True,False,0,data\반도체\동진쎄미켐\tech\source\dongjin_semichem_kipris_plus_bibliographic_raw.csv,,2
1020210111834,1020210111834,1020230029396,1020230029396,1029662590000,1029662590000,등록,등록,등록 등록,신규한 캡핑층용 유기화합물 및 이를 포함하는 유기 발광 소자,신규한 캡핑층용 유기화합물 및 이를 포함하는 유기 발광 소자,주식회사 동진쎄미켐,주식회사 동진쎄미켐,,20210824,2021,20230303,20230303,20260513,20260513,H10K 85/60|H10K 50/805|H10K 50/844,H10K 85/60|H10K 50/805|H10K 50/844,,,"본 발명은 제1 전극 및 제2 전극; 상기 제1 전극 및 상기 제2 전극의 내측에 개재되는 유기물층; 및 상기 제1 전극 또는 상기 제2 전극 중 어느 하나 이상의 전극 외측에 배치되는 캡핑층을 구비하며,상기 캡핑층은 하기 조건(1) 내지 조건(3)을 만족하고 하기 화학식1로 표시되는 화합물을 포함하는, 유기 발광 소자를 제공한다. 조건(1) n(@450nm) ≥ 2.50 조건(2) k(@450nm) ≤ 0.30 조건(3) k(@380nm) ≥ 0.90 (이때, 상기 n은 각 파장에서의 굴절률을 나타내며, k는 각 파장에서의 소광계수를 나타낸다) 003c#화학식 1003e#",,,,http://plus.kipris.or.kr/openapi/fileToss.jsp?arg=6c650beb4cee9ce4122b704b88878c93a25175827ef58f8c2404729a91b4a83335152d951de1ca198e78345908018622900bbfe1c460bc574edee93189f6344da875ebf917b5ddf1,True,True,False,1,data\반도체\동진쎄미켐\tech\source\dongjin_semichem_kipris_plus_bibliographic_raw.csv,,3
1020230093118,1020230093118,1020230115273,1020230115273,,,공개,공개,공개 공개,신규한 캡핑층용 화합물 및 이를 포함하는 유기 발광 소자,신규한 캡핑층용 화합물 및 이를 포함하는 유기 발광 소자,주식회사 동진쎄미켐,주식회사 동진쎄미켐,,20230718,2023,20230802,20230802,,,C07D 307/77|C07D 407/14|C07D 409/14|C07D 405/14|C07D 413/14|C07D 417/14|C07D 333/50|C07D 345/00|H10K 85/60|H10K 50/844|H10K 50/858,C07D 307/77|C07D 407/14|C07D 409/14|C07D 405/14|C07D 413/14|C07D 417/14|C07D 333/50|C07D 345/00|H10K 85/60|H10K 50/844|H10K 50/858,,,본 발명은 하기 화학식 1로 표시되는 캡핑층용 화합물 및 이를 함유하는 유기 발광 소자를 제공한다. 003c#화학식1003e#,,,,http://plus.kipris.or.kr/openapi/fileToss.jsp?arg=6c650beb4cee9ce4122b704b88878c93835ea04139438bef7cd435b3cb40055d182444704b677c6d7fac086c945c3b1eb5d3d77482ede64287c4ec8a36e263f360b320c83d7a8943,False,False,False,1,data\반도체\동진쎄미켐\tech\source\dongjin_semichem_kipris_plus_bibliographic_raw.csv,,4
1020210181042,1020210181042,1020230092100,1020230092100,,,공개,공개,공개 공개,"염 화합물 및 이를 포함하는 산확산 억제제, 포토레지스트 조성물","염 화합물 및 이를 포함하는 산확산 억제제, 포토레지스트 조성물",주식회사 동진쎄미켐,주식회사 동진쎄미켐,,20211216,2021,20230626,20230626,,,C07C 311/06|C07C 311/14|C07C 311/17|C07C 321/28|C07C 323/22|C07C 323/66|C07C 25/18|C07D 319/20|G03F 7/004,C07C 311/06|C07C 311/14|C07C 311/17|C07C 321/28|C07C 323/22|C07C 323/66|C07C 25/18|C07D 319/20|G03F 7/004,,,"본 발명은 화학식 1로 표시되는 특정 구조를 갖는 음이온, 및 화학식 2로 표시되는 양이온을 포함하는 염 화합물, 및 이를 포함하는 산확산 억제제, 및 포토레지스트 조성물에 관한 것이다.",,,,,False,False,False,0,data\반도체\동진쎄미켐\tech\source\dongjin_semichem_kipris_plus_bibliographic_raw.csv,,5
1020210084673,1020210084673,1020220004560,1020220004560,,,공개,공개,공개 공개,휘발산을 포함하지 않는 식각액 조성물,휘발산을 포함하지 않는 식각액 조성물,주식회사 동진쎄미켐,주식회사 동진쎄미켐,,20210629,2021,20220111,20220111,,,C23F 1/30|C09K 13/06,C23F 1/30|C09K 13/06,,,"본 발명은 어레이 기판의 금속 배선 형성 시, 사용할 수 있는 초산을 포함하지 않는 식각액 조성물에 관한 것이다. 본 발명은 인산 40 내지 65 중량%, 질산 2 내지 10 중량% 및 1 내지 10 중량%의 비휘발성 유기산, 암모늄염 화합물 및 아미노산을 포함하고, 상기 암모늄염 화합물의 함량 및 상기 아미노산의 함량의 합이 2 내지 10 중량%인 식각액 조성물을 제공할 수 있다.",,,,http://plus.kipris.or.kr/openapi/fileToss.jsp?arg=6c650beb4cee9ce4122b704b88878c939f0fed7b14e7e104f547896188e47b6b2f2062acb819e7d59f12397be324fe8cb9d52c34c1ea02ed9805c625422dd366eeef896d0dca32b0,False,False,False,1,data\반도체\동진쎄미켐\tech\source\dongjin_semichem_kipris_plus_bibliographic_raw.csv,,6
1020210030932,1020210030932,1020210114353,1020210114353,,,공개,공개,공개 공개,"광경화 접착성 조성물, 적층체 및 기재 제조 방법","광경화 접착성 조성물, 적층체 및 기재 제조 방법",주식회사 동진쎄미켐|삼성디스플레이 주식회사,주식회사 동진쎄미켐|삼성디스플레이 주식회사,,20210309,2021,20210923,20210923,,,C09J 4/06|C09J 133/04|C08F 220/14|C08F 2/50|C08F 2/44|B32B 7/12|B32B 37/12,C09J 4/06|C09J 133/04|C08F 220/14|C08F 2/50|C08F 2/44|B32B 7/12|B32B 37/12,,,"본 발명은 단관능 모노머 또는 올리고머를 포함하는 단관능 성분; 다관능 모노머 또는 올리고머를 포함하는 다관능 성분; 광중합 개시제; 및 열분해성 화합물을 포함하는 광경화 접착성 조성물, 그 경화층이 포함된 적층체 및 기재 가공 방법을 제공한다.",,,,,False,False,False,0,data\반도체\동진쎄미켐\tech\source\dongjin_semichem_kipris_plus_bibliographic_raw.csv,,7
1020210193377,1020210193377,1020230102906,1020230102906,1029641180000,1029641180000,등록,등록,등록 등록,태양 전지 및 이를 형성하는 방법,태양 전지 및 이를 형성하는 방법,주식회사 동진쎄미켐,주식회사 동진쎄미켐,,20211230,2021,20230707,20230707,20260508,20260508,H10K 30/50|H10K 30/15|H10K 30/82,H10K 30/50|H10K 30/15|H10K 30/82,,,"태양 전지 및 이를 형성하는 방법이 제공된다. 태양 전지는 기판; 제1 전극, 액티브층 및 제2 전극을 포함하는 복수개의 단위셀;을 포함하고, 단위셀은 서로 이격되어 기판이 노출된다. 본 발명에 따른 태양 전지 및 이를 형성하는 방법은 단위셀이 서로 이격되어 기판이 노출되는 절연 구조 또는 비발전 영역을 가짐으로써 누설 전류를 최소화하고, 태양광 소자의 발전 효율을 높이는 효과가 있다.",,,,http://plus.kipris.or.kr/openapi/fileToss.jsp?arg=6c650beb4cee9ce4122b704b88878c93983a0f4c690714d80b95565b2964ffbb9b6f2eec81b53f943768ebad1aa626741d316ae10d2d0afc4d97c8de20184d6c824a56925f3353b1,True,True,False,2,data\반도체\동진쎄미켐\tech\source\dongjin_semichem_kipris_plus_bibliographic_raw.csv,,8
1020220093907,1020220093907,1020240015965,1020240015965,,,공개,공개,공개 공개,"경화막, 이를 형성하는 감광성 수지 조성물 및 표시장치","경화막, 이를 형성하는 감광성 수지 조성물 및 표시장치",주식회사 동진쎄미켐,주식회사 동진쎄미켐,,20220728,2022,20240206,20240206,,,G03F 7/004|G03F 7/023|G03F 7/039|C08L 75/04|H10K 50/00,G03F 7/004|G03F 7/023|G03F 7/039|C08L 75/04|H10K 50/00,,,"신규한 파라미터를 도출하여 소자의 신뢰성을 개선하는 경화막이 제공된다. 본 발명의 일 실시예는 감광성 수지 조성물로 제조된 경화막으로, 상기 감광성 수지 조성물은, 알칼리 가용성 수지 및 광활성 화합물(photoactive compound; PAC)을 포함하고, 퍼지앤트랩(Purge 0026# Trap) 분석법으로 측정된 상기 경화막에서, 전체 아웃가스(outgas) 중 페놀계 가스의 함량이 30%(v/v) 이하인, 경화막을 제공한다.",,,,http://plus.kipris.or.kr/openapi/fileToss.jsp?arg=6c650beb4cee9ce4122b704b88878c93620fc635aa7be36b52daec3fb6cda990b8101e5960698d3e1537173743f7661e9fd95b15a11604c30c8b7bd94004b8d59fe9dcebb246b931,False,False,False,1,data\반도체\동진쎄미켐\tech\source\dongjin_semichem_kipris_plus_bibliographic_raw.csv,,9
1020210188962,1020210188962,1020230099525,1020230099525,,,공개,공개,공개 공개,"산화 흑연, 산화 그래핀 및 환원된 산화 그래핀","산화 흑연, 산화 그래핀 및 환원된 산화 그래핀",주식회사 동진쎄미켐,주식회사 동진쎄미켐,,20211227,2021,20230704,20230704,,,C01B 32/182|C01B 32/198|C01B 32/23,C01B 32/182|C01B 32/198|C01B 32/23,,,"본 발명은 산화 흑연, 산화 그래핀 및 환원된 산화 그래핀에 관한 것으로서, 보다 상세하게는 산화 그래핀이 산소(O)를 25 내지 45 at%로 포함하면서도 효과적으로 산화 흑연으로부터 박리되며, 환원 후 우수한 분체전도도 구현이 가능한 산화 흑연, 산화 그래핀 및 환원된 산화 그래핀에 관한 것이다.",,,,,False,False,False,0,data\반도체\동진쎄미켐\tech\source\dongjin_semichem_kipris_plus_bibliographic_raw.csv,,10
1020210194071,1020210194071,1020230103290,1020230103290,,,공개,공개,공개 공개,입체 영상 가변 장치 및 이를 포함하는 디스플레이 장치,입체 영상 가변 장치 및 이를 포함하는 디스플레이 장치,주식회사 동진쎄미켐|가천대학교 산학협력단,주식회사 동진쎄미켐|가천대학교 산학협력단,,20211231,2021,20230707,20230707,,,G02B 30/27|G02F 1/1335|G06F 3/041|H04N 13/305,G02B 30/27|G02F 1/1335|G06F 3/041|H04N 13/305,,,"본 발명은 베이스 기재; 상기 베이스 기재 상의 제1액정전극, 2D 편광과 3D편광을 선택적으로 차단하는 상기 제1액정전극 상의 액정층을 포함하는 액정부; 상기 액정부의 상의 렌티큘러렌즈부; 및 상기 렌티큘러렌즈부 상의 커버 기재;를 포함하는 입체 영상 가변 장치 및 이를 포함하는 디스플레이 장치를 제공한다.",,,,http://plus.kipris.or.kr/openapi/fileToss.jsp?arg=6c650beb4cee9ce4122b704b88878c93a2debee5e8f2b965d040e5e2ff9daa8aa1832e517dc34205eec0752c4bd1235390c65ea768cd12ef03b3542dd3c51c317286409350997b5d,False,False,False,0,data\반도체\동진쎄미켐\tech\source\dongjin_semichem_kipris_plus_bibliographic_raw.csv,,11
1020210186382,1020210186382,1020230096667,1020230096667,,,거절,거절,거절 거절,"이차전지 전극용 도전재 슬러리, 이를 포함하는 이차전지 전극 및 이차전지","이차전지 전극용 도전재 슬러리, 이를 포함하는 이차전지 전극 및 이차전지",주식회사 동진쎄미켐,주식회사 동진쎄미켐,,20211223,2021,20230630,20230630,,,H01M 4/62|H01M 4/13|C01B 32/174,H01M 4/62|H01M 4/13|C01B 32/174,,,"저점도이면서 낮은 면저항을 갖는 이차전지 전극용 도전재 슬러리가 제공된다. 본 발명에 따른 이차전지 전극용 도전재 슬러리는, 도전재 및 상기 도전재를 분산시키는 분산제를 포함하고, 상기 분산제는, 셀룰로오스계 화합물 및 전도성 고분자를 포함하며, 상기 도전재의 함량은 이차전지 전극용 도전재 슬러리의 전체 중량을 기준으로 0 중량% 초과 2.5 중량% 이하이다.",,,,http://plus.kipris.or.kr/openapi/fileToss.jsp?arg=6c650beb4cee9ce4122b704b88878c93bbda06d9c3edff2f3d2c387be0dedb7132d3c29464e16f73f418e24f6ff605ca5e7ab536133e1ba5700cbd2cd7eb0ff233884ea87905d3e4,False,False,True,0,data\반도체\동진쎄미켐\tech\source\dongjin_semichem_kipris_plus_bibliographic_raw.csv,,12
1020200181127,1020200181127,1020220090179,1020220090179,,,공개,공개,공개 공개,이차전지 전극용 도전재 선분산 슬러리와 그 제조방법 및 도전재 선분산 슬러리를 적용하여 제조된 전극과 상기 전극을 구비한 이차전지,이차전지 전극용 도전재 선분산 슬러리와 그 제조방법 및 도전재 선분산 슬러리를 적용하여 제조된 전극과 상기 전극을 구비한 이차전지,주식회사 동진쎄미켐,주식회사 동진쎄미켐,,20201222,2020,20220629,20220629,,,H01M 4/62|C01B 32/174,H01M 4/62|C01B 32/174,,,"이차전지 전극용 도전재 선분산 슬러리와 그 제조방법 및 도전재 선분산 슬러리를 적용하여 제조된 전극과 상기 전극을 구비한 이차전지에 관해 개시되어 있다. 개시된 이차전지 전극용 도전재 선분산 슬러리는 도전재; 상기 도전재를 분산시키기 위한 분산제; 및 상기 도전재 및 분산제와 혼합되는 용매를 포함하고, 상기 분산제는 셀룰로오스계 화합물 및 비닐계 또는 아크릴계 화합물을 포함하며, 상기 분산제에서 상기 셀룰로오스계 화합물와 상기 비닐계 또는 아크릴계 화합물의 중량비는 25:1 내지 1:25 정도이다.",,,,http://plus.kipris.or.kr/openapi/fileToss.jsp?arg=6c650beb4cee9ce4122b704b88878c93d39ec945410dcfdb3c0771fa795b02fb94918c168d0d01e0e0ebd847ad0612bf36be5b1c0136067287a5acc7d08d7071c8cc673642545821,False,False,False,0,data\반도체\동진쎄미켐\tech\source\dongjin_semichem_kipris_plus_bibliographic_raw.csv,,13
1020230057963,1020230057963,1020240161875,1020240161875,,,공개,공개,공개 공개,포토레지스트 박리용 조성물,포토레지스트 박리용 조성물,주식회사 동진쎄미켐|삼성디스플레이 주식회사,주식회사 동진쎄미켐|삼성디스플레이 주식회사,,20230503,2023,20241113,20241113,,,G03F 7/42|C11D 3/28|C11D 3/30|C11D 3/43|C11D 7/32|C11D 7/50,G03F 7/42|C11D 3/28|C11D 3/30|C11D 3/43|C11D 7/32|C11D 7/50,,,"본 발명은 포토레지스트 박리용 조성물에 관한 것으로, 구체적으로는 극성 양자성 용매의 조합과 아민의 조합에 의해 금속 부식에 강하면서 포토레지스트의 박리력 및 용해력이 향상된 포토레지스트 박리용 조성물에 관한 것이다.",,,,,False,False,False,0,data\반도체\동진쎄미켐\tech\source\dongjin_semichem_kipris_plus_bibliographic_raw.csv,,14
1020190136335,1020190136335,1020200050407,1020200050407,,,공개,공개,공개 공개,신규한 캡핑층용 화합물 및 이를 포함하는 유기 발광 소자,신규한 캡핑층용 화합물 및 이를 포함하는 유기 발광 소자,주식회사 동진쎄미켐,주식회사 동진쎄미켐,,20191030,2019,20200511,20200511,,,C07C 211/57|H10K 99/00|H10K 50/00,C07C 211/57|H10K 99/00|H10K 50/00,,,"본원은 캡핑층용 화합물, 및 이를 포함하는 유기 발광 소자에 관한 것으로, 본 발명의 일 구현예에 따른 캡핑층용 화합물은 유기 발광 소자에 적용되어 유기 발광 소자의 외부발광효율, 색좌표 및 수명을 향상시킬 수 있다.",,,,http://plus.kipris.or.kr/openapi/fileToss.jsp?arg=2ba38663aa11ff0f6ca91af6061a2e006c8605181a67c421e0662edc0a926a7dee86634f5e30ce5026dacca96c43cc6ec78de55efbedb67b7809fa269e974865ca9a7c96de8ce029,False,False,False,1,data\반도체\동진쎄미켐\tech\source\dongjin_semichem_kipris_plus_bibliographic_raw.csv,,15
1020050102805,1020050102805,1020070046290,1020070046290,1012074460000,1012074460000,소멸,소멸,소멸 소멸,포토레지스트용 폴리머 및 이를 포함하는 포토레지스트조성물,포토레지스트용 폴리머 및 이를 포함하는 포토레지스트조성물,주식회사 동진쎄미켐,주식회사 동진쎄미켐,,20051031,2005,20070503,20070503,20121127,20121127,G03F 7/039|G03F 7/004|G03F 7/42|G03F 7/09|G03F 7/038|C08F 220/18|C08F 220/28|C08F 220/34,G03F 7/039|G03F 7/004|G03F 7/42|G03F 7/09|G03F 7/038|C08F 220/18|C08F 220/28|C08F 220/34,,,"하기 화학식으로 표시되는 반복단위를 포함하는 아크릴계 포토레지스트용 폴리머 및 이를 포함하는 포토레지스트 조성물이 개시된다. 아민기 및 포화탄화수소기를 갖는 (메타)아크릴레이트 가교 모노머 및 사슬형 또는 고리형 알킬기를 갖는 (메타)아크릴레이트 가교 모노머를 포함하는 상기 폴리머 및 포토레지스트 조성물은 248nm 또는 193nm 이하의 단파장 노광원을 이용하는 포토리소그라피 공정에 있어서, 라인에지러프니스를 줄이고, 노광 후, 온도 증가에 따른 패턴의 선폭 변화를 감소시킬 수 있다. 상기 화학식 1에서, R * 은 각각 독립적으로 수소 또는 메틸기이고, R은 탄소수 5 내지 30의 단일환형(mono-cyclic) 또는 다환형(multi-cyclic)의 벌키 포화탄화수소이며, R 1 , R 2 , R 3 는 수소 또는 탄소수 1 내지 6의 선형 또는 환형의 탄화수소이고 R 4 는 탄소수 1 내지 20의 사슬형 또는 고리형 알킬기이다. 라인에지러프니스, 포토레지스트, 노광후 가열(PEB)온도에 따른 선폭변화",,,,http://plus.kipris.or.kr/openapi/fileToss.jsp?arg=452306798ef1fd03bf8e5ba4e1dbf726cf7e00e23fcae4ed16e35d45c2a9f95023ee5bf7d0fbde7128d3595758a36dabdb81e8f47edb68e5de4acb48e02d1fa798fa0c8d3cbe66d3,True,False,True,0,data\반도체\동진쎄미켐\tech\source\dongjin_semichem_kipris_plus_bibliographic_raw.csv,,16
1020240145471,1020240145471,1020260059043,1020260059043,,,공개,공개,공개 공개,"광경화성 조성물, 경화막, 이를 포함하는 전자소자, 및 전자소자의 제조방법","광경화성 조성물, 경화막, 이를 포함하는 전자소자, 및 전자소자의 제조방법",주식회사 동진쎄미켐,주식회사 동진쎄미켐,,20241023,2024,20260430,20260430,,,C08F 290/06|C08F 220/18|C08F 220/20|C08F 2/50|C09D 4/06|H10K 59/80|H10K 71/50,C08F 290/06|C08F 220/18|C08F 220/20|C08F 2/50|C09D 4/06|H10K 59/80|H10K 71/50,,,"기재에 대한 접착력 및 광학적 성능이 우수한 광경화성 조성물이 개시된다. 일 측면에 따르면 미반응 (메트)아크릴계 모노머 및 서브 중합체를 포함하는 서브 조성물; 2종 이상의 (메트)아크릴계 모노머; 및 광개시제를 포함하는 광경화성 조성물로서, 상기 광경화성 조성물의 전체 중량을 기준으로, 상기 미반응 (메트)아크릴계 모노머의 함량 및 상기 2종 이상의 (메트)아크릴계 모노머의 함량의 전체 합은 85 중량% 이상인, 광경화성 조성물이 제공된다.",,,,http://plus.kipris.or.kr/openapi/fileToss.jsp?arg=6c650beb4cee9ce4122b704b88878c93b005ae81dc5fc8d1b70ecd5a8276ddf0ecd5a59707ef93cc7ddf2e746c9027c8654064b4b044e8359b82c203f4d82e09409e7d99f113903b,False,False,False,1,data\반도체\동진쎄미켐\tech\source\dongjin_semichem_kipris_plus_bibliographic_raw.csv,,17
1020230050613,1020230050613,1020240154256,1020240154256,,,공개,공개,공개 공개,박막 형성용 전구체 화합물 및 이를 사용한 반도체 장치의 제조방법,박막 형성용 전구체 화합물 및 이를 사용한 반도체 장치의 제조방법,에스케이하이닉스 주식회사|주식회사 동진쎄미켐,에스케이하이닉스 주식회사|주식회사 동진쎄미켐,,20230418,2023,20241025,20241025,,,C07F 7/18|C07F 7/10|G03F 7/11,C07F 7/18|C07F 7/10|G03F 7/11,,,"본 기술은 패턴 형성을 위한 노광시간 단축과 더불어 노광 후 식각 시 포토레지스트와 유사한 식각 선택비를 가지는 하부층의 두께를 최소화하거나 생략함으로써 포토레지스트층의 패턴 붕괴(pattern collapse)를 방지할 수 있는 [화학식 1]을 포함하는 박막 형성용 전구체 화합물 및 이의 제조방법을 제공한다. [화학식 1] (상기 [화학식 1]에서, R 0 는 Si, Sn, Ge, Sb, In, Hf, Zr, Ti 또는 Te이고, R 1 은 CH 3 , CF 3 , CH=CH 2 , 할로겐 또는 페닐이며, R 2 및 R 2 '은 각각 독립적으로 알킬 또는 알콕시이고, R 3 은 아민 또는 할로겐이며, R은 수소 또는 할로겐이고, n은 1~7의 정수임)",,,,http://plus.kipris.or.kr/openapi/fileToss.jsp?arg=6c650beb4cee9ce4122b704b88878c9338c015289c613e266521992a8b90f0400a34cf5d610e6e45a586c8df42bec086ebe96462bb463cb95dda463d6a6f77e8c1166f3f6d711a07,False,False,False,2,data\반도체\동진쎄미켐\tech\source\dongjin_semichem_kipris_plus_bibliographic_raw.csv,,18
1020230065590,1020230065590,1020230082002,1020230082002,,,공개,공개,공개 공개,신규한 캡핑층용 화합물 및 이를 포함하는 유기 발광 소자,신규한 캡핑층용 화합물 및 이를 포함하는 유기 발광 소자,주식회사 동진쎄미켐,주식회사 동진쎄미켐,,20230522,2023,20230608,20230608,,,C07D 405/14|C07D 413/14|C07D 417/14|C07D 471/04|C07D 409/14|C07D 307/77|C07D 407/14|C07D 333/50|H10K 85/60|H10K 50/858|H10K 50/844,C07D 405/14|C07D 413/14|C07D 417/14|C07D 471/04|C07D 409/14|C07D 307/77|C07D 407/14|C07D 333/50|H10K 85/60|H10K 50/858|H10K 50/844,,,본 발명은 하기 화학식 1로 표시되는 캡핑층용 화합물 및 이를 포함하는 유기 발광 소자를 제공한다: 003c#화학식 1003e#,,,,http://plus.kipris.or.kr/openapi/fileToss.jsp?arg=6c650beb4cee9ce4122b704b88878c9390aaa2d85c33244bb21bb0139c4fff8a53d856264bde962624744a3d3598848f8570f647a17e84e4111fb697bb05c0f88449b0389db4cc30,False,False,False,1,data\반도체\동진쎄미켐\tech\source\dongjin_semichem_kipris_plus_bibliographic_raw.csv,,19
1020150062006,1020150062006,1020160130046,1020160130046,1024025980000,1024025980000,등록,등록,등록 등록,표시 장치용 포지티브형 감광성 수지 조성물 및 이를 포함하는 표시 장치,표시 장치용 포지티브형 감광성 수지 조성물 및 이를 포함하는 표시 장치,삼성디스플레이 주식회사|주식회사 동진쎄미켐,삼성디스플레이 주식회사|주식회사 동진쎄미켐,,20150430,2015,20161110,20161110,20220523,20220523,G03F 7/039|G03F 7/004|G03F 7/085|H10K 50/00,G03F 7/039|G03F 7/004|G03F 7/085|H10K 50/00,,,"본 발명의 일 실시예에 따른 포지티브 감광성 수지 조성물은 a) 하기 화학식 1로 표시되는 공중합체; b-1) 옥심 계열 광산 발생제; b-2) 트리아진 계열 광산 발생제; c) 유기 염기; 및 d) 용매를 포함한다. (화학식1) 상기 화학식 1에서, 상기 O-R 1 은 아세탈 및 케탈 중 어느 하나이며, 상기 x + y + z = 1이다.",,,,http://plus.kipris.or.kr/openapi/fileToss.jsp?arg=6c650beb4cee9ce4122b704b88878c93a8eab98a08efaab559932d8c818c4586ef0aa59e28f48bf2d2d6258aa54cd91bcb96ae7c509fcd273cb655a08ecc9904ef97adea9a17d24c,True,True,False,0,data\반도체\동진쎄미켐\tech\source\dongjin_semichem_kipris_plus_bibliographic_raw.csv,,20
1020150177871,1020150177871,1020170070871,1020170070871,1025299510000,1025299510000,등록,등록,등록 등록,포토 레지스트 박리제 조성물 및 이를 이용한 박막 트랜지스터 어레이의 제조 방법,포토 레지스트 박리제 조성물 및 이를 이용한 박막 트랜지스터 어레이의 제조 방법,삼성디스플레이 주식회사|주식회사 동진쎄미켐,삼성디스플레이 주식회사|주식회사 동진쎄미켐,,20151214,2015,20170623,20170623,20230502,20230502,G03F 7/42|H10D 86/00,G03F 7/42|H10D 86/00,,,"금속 패턴에 대한 부식 및/또는 유기/무기막 등에 대한 손상 없이 포토 레지스트만을 제거할 수 있는 포토 레지스트 제거용 박리제 조성물이 제공된다. 상기 포토 레지스트 제거용 박리제 조성물은, 상기 박리제 조성물의 전체 중량에 대하여, 15 중량% 내지 80 중량%의 N,N-디메틸프로피온아마이드를 포함하는 비양자성 극성 용매, 25 중량% 내지 80 중량%의 양자성 극성 용매, 및 1 중량% 내지 15 중량%의 아민계 화합물을 포함한다.",,,,http://plus.kipris.or.kr/openapi/fileToss.jsp?arg=6c650beb4cee9ce4122b704b88878c93125479fa97d4f1774d3667331a321f8d12314b27c75d4434d090931a5d333f7e55aa7bd4ddcc125d7bbaaa36c3a860b74553da725b0fad68,True,True,False,0,data\반도체\동진쎄미켐\tech\source\dongjin_semichem_kipris_plus_bibliographic_raw.csv,,21
1020130124924,1020130124924,1020150045331,1020150045331,1022569300000,1022569300000,등록,등록,등록 등록,식각액 조성물 및 이를 이용한 금속 패턴 제조방법,식각액 조성물 및 이를 이용한 금속 패턴 제조방법,삼성디스플레이 주식회사|주식회사 동진쎄미켐,삼성디스플레이 주식회사|주식회사 동진쎄미켐,,20131018,2013,20150428,20150428,20210521,20210521,C23F 1/18|C23F 1/30|H10P 50/26,C23F 1/18|C23F 1/30|H10P 50/26,,,"본 발명의 일 실시예에 따르면, 과산화이황산 암모늄 10 중량% 내지 20 중량%; 인산 또는 아인산 화합물 0.1 중량% 내지 10 중량%; 염소산염계화합물 0.1 중량% 내지 5 중량%; 질산 또는 술폰산 화합물 0.1 중량% 내지 5 중량%; 아졸계 화합물 0.1 중량% 내지 3 중량%; 불소화합물 0.1 중량% 내지 2 중량%; 및 물 55 중량% 내지 89.5 중량%를 포함하는 식각액 조성물을 제공한다.",,,,http://plus.kipris.or.kr/openapi/fileToss.jsp?arg=6c650beb4cee9ce4122b704b88878c9300082b55de53856451ba40538a99ce55c3f22722ffde6753cc8ee01a5aae66e8995ce282d02371f6dfc4a7b7f49a6d9121b401fa47817d11,True,True,False,0,data\반도체\동진쎄미켐\tech\source\dongjin_semichem_kipris_plus_bibliographic_raw.csv,,22
1020050101224,1020050101224,1020070044913,1020070044913,1012804780000,1012804780000,소멸,소멸,소멸 소멸,감광성 수지 조성물,감광성 수지 조성물,주식회사 동진쎄미켐,주식회사 동진쎄미켐,,20051026,2005,20070502,20070502,20130625,20130625,G03F 7/023|G03F 7/027|G03F 7/075|G03F 7/033|G03F 7/031|G03F 7/039|H10D 86/00,G03F 7/023|G03F 7/027|G03F 7/075|G03F 7/033|G03F 7/031|G03F 7/039|H10D 86/00,,,"본 발명은 감광성 수지 조성물에 관한 것으로, 특히 a)ⅰ) POSS (Polyhedral Oligomeric Silsesquioxane) 함유 불포화 화합물, ⅱ) 불포화 카르본산, 불포화 카르본산 무수물, 또는 이들의 혼합물, ⅲ) 에폭시기 함유 불포화 화합물, 및 ⅳ) 올레핀계 불포화 화합물을 공중합시켜 얻어진 아크릴계 공중합체; b) 1,2-퀴논디아지드 화합물; 및 c) 용매를 포함하는 감광성 수지 조성물에 관한 것이다. 본 발명에 따른 감광성 수지 조성물은 현상 후 평탄도, 감도, 해상도, 내열성, 투명성 등의 성능이 우수할 뿐만 아니라, 특히 상기 감광성 수지 조성물로 유기절연막을 제조할 경우 저 유전률 유기절연막을 가능하게 함으로써 소비전력을 낮출 수 있으며, Crosstalk을 줄여줄 수 있어, 다양한 Display 공정의 유기절연막에 적합하다. POSS (Polyhedral Oligomeric Silsesquioxane), Crosstalk, 소비전력, 저 유전율, Display",,,,http://plus.kipris.or.kr/openapi/fileToss.jsp?arg=452306798ef1fd035bfb5ff666db4c9c592fb536ea920a4d6a092b69f48fe124c5ea6b457d21b362eb3a898ac328a0b3,True,False,True,0,data\반도체\동진쎄미켐\tech\source\dongjin_semichem_kipris_plus_bibliographic_raw.csv,,23
1020090042173,1020090042173,1020100123131,1020100123131,1016193800000,1016193800000,등록,등록,등록 등록,식각액 조성물 및 이를 이용한 어레이 기판의 제조방법,식각액 조성물 및 이를 이용한 어레이 기판의 제조방법,삼성디스플레이 주식회사|주식회사 동진쎄미켐,삼성디스플레이 주식회사|주식회사 동진쎄미켐,,20090514,2009,20101124,20101124,20160502,20160502,C09K 13/08,C09K 13/08,,,"식각액 조성물은 과산화이황산암모늄((NH 4 ) 2 S 2 O 8 , ammonium persulfate) 0.1 내지 30 중량%, 무기산 0.1 내지 10 중량%, 아세테이트염 0.1 내지 10 중량%, 불소함유 화합물 0.01 내지 5 중량%, 술폰산 화합물 0.01 내지 5 중량%, 아졸계 화합물 0.01 내지 2 중량% 및 여분의 물을 포함한다. 이에 따라, 식각액의 안정성을 확보하고 식각 공정상 마진을 보장하여 비용을 절감할 수 있다. 티타늄, 구리, 식각액, 과산화이황산암모늄",,,,http://plus.kipris.or.kr/openapi/fileToss.jsp?arg=2ba38663aa11ff0f6ca91af6061a2e008e2f792c313ae9acecbc1e90b442cdf02592a991381129baa641f930a97a62c5556e8e62ab79241b4835fc10300d393c504a55df19a9393c,True,True,False,1,data\반도체\동진쎄미켐\tech\source\dongjin_semichem_kipris_plus_bibliographic_raw.csv,,24
1020200145671,1020200145671,1020210056910,1020210056910,,,공개,공개,공개 공개,원자층 증착 및 기상 증착용 기판 표면 개질제 및 이를 이용한 기판 표면의 개질 방법,원자층 증착 및 기상 증착용 기판 표면 개질제 및 이를 이용한 기판 표면의 개질 방법,주식회사 동진쎄미켐,주식회사 동진쎄미켐,,20201104,2020,20210520,20210520,,,C23C 16/02|C23C 16/455|C23C 16/44|H10P 10/00,C23C 16/02|C23C 16/455|C23C 16/44|H10P 10/00,,,"본 발명은 원자층 증착 또는 기상 증착을 이용하여, 무기박막 등의 기판 표면을 균일하게 개질하기 위한 표면 개질제 및 이를 이용한 기판 표면의 개질 방법이 개시된다.",,,,http://plus.kipris.or.kr/openapi/fileToss.jsp?arg=6c650beb4cee9ce4122b704b88878c939f54df82125877878ace189d8a7f6a2f83ccb8eeeb1f6867a5fe5e867e20cc1f3fc0a963208822b44188588e329681cc7e5dbdafb6bb4f72,False,False,False,1,data\반도체\동진쎄미켐\tech\source\dongjin_semichem_kipris_plus_bibliographic_raw.csv,,25
1020250044540,1020250044540,1020260053984,1020260053984,,,공개,공개,공개 공개,금속막 형성용 전구체 화합물 및 이를 이용한 금속막,금속막 형성용 전구체 화합물 및 이를 이용한 금속막,주식회사 동진쎄미켐,주식회사 동진쎄미켐,,20250407,2025,20260421,20260421,,,C07F 11/00|C07F 9/00|C23C 16/455|C23C 16/40|C23C 16/34|C23C 16/18,C07F 11/00|C07F 9/00|C23C 16/455|C23C 16/40|C23C 16/34|C23C 16/18,,,본 발명의 일실시예는 몰리브덴과 다중 리간드를 포함하는 금속막 형성용 전구체 화합물 및 이를 이용한 금속막을 제공한다. 기존 인 리간드를 갖는 몰리브덴 전구체에 비해 고리형 치환체를 포함하는 인 리간드를 사용하여 높은 열 안정성을 갖는다.,,,,,False,False,False,1,data\반도체\동진쎄미켐\tech\source\dongjin_semichem_kipris_plus_bibliographic_raw.csv,,26
1020210068430,1020210068430,1020220161594,1020220161594,,,공개,공개,공개 공개,식각액 조성물 및 이를 이용한 표시 장치의 제조 방법,식각액 조성물 및 이를 이용한 표시 장치의 제조 방법,삼성디스플레이 주식회사|주식회사 동진쎄미켐,삼성디스플레이 주식회사|주식회사 동진쎄미켐,,20210527,2021,20221207,20221207,,,C23F 1/16|C23F 1/30|C23F 1/44|H10D 86/60|H10K 59/131|H10K 71/60|H10K 50/816|H10K 59/12,C23F 1/16|C23F 1/30|C23F 1/44|H10D 86/60|H10K 59/131|H10K 71/60|H10K 50/816|H10K 59/12,,,"일 실시예에 따른 식각액 조성물은 무기산 화합물 9.0 중량% 내지 9.9 중량%, 무기염 화합물 5.0 중량% 내지 10.0중량%, 유기산 화합물 35 중량% 내지 45 중량%, 락테이트계 화합물 10 중량% 내지 20 중량%, 산소를 포함하는 질소고리형 화합물 0.1 중량% 내지 1.0 중량%, 및 전체 조성물의 총 중량이 100 중량%가 되도록 잔량의 물을 포함하며, 상기 무기산 화합물은 산 해리상수(pKa) 값이 -1.0 내지 -3.0이다.",,,,http://plus.kipris.or.kr/openapi/fileToss.jsp?arg=6c650beb4cee9ce4122b704b88878c93635c7d0dbb1c9eb53c86806fd483a070a99772be4f9e5d28b522885f353a73e7fe780b1b84d1215811f9152a26efe74c09285018b01699ae,False,False,False,0,data\반도체\동진쎄미켐\tech\source\dongjin_semichem_kipris_plus_bibliographic_raw.csv,,27
1020210109576,1020210109576,1020220023313,1020220023313,,,공개,공개,공개 공개,아조 화합물의 제조장치,아조 화합물의 제조장치,주식회사 동진쎄미켐,주식회사 동진쎄미켐,,20210819,2021,20220302,20220302,,,C25B 3/01|C25B 15/08|C25B 11/061|C09B 29/00|C25B 15/02,C25B 3/01|C25B 15/08|C25B 11/061|C09B 29/00|C25B 15/02,,,"아조 화합물의 제조장치에 관해 개시되어 있다. 개시된 아조 화합물의 제조장치는 하이드라조 화합물 및 적어도 1종의 M a X b 를 포함하는 제1 용액이 담겨지는 반응유닛, 상기 반응유닛 내에서 상기 하이드라조 화합물과 직접 접촉하도록 배치되는 음극 및 상기 용액과 접촉하도록 상기 반응유닛 내에 배치되는 양극을 포함할 수 있고, 여기서, 상기 X는 할로겐 원소일 수 있고, 상기 M은 수소, Li, Na, K, Mg, Ca, Mn, Fe, Ni, Cu, Ag, Zn, Sn, Zr, Ti 중에서 선택된 적어도 하나이거나, 1급 암모늄 이온, 2급 암모늄 이온, 3급 암모늄 이온 중에서 선택된 적어도 하나일 수 있고, 상기 H는 수소이고, 상기 a 및 상기 b는 서로 독립적으로 1 내지 4 중 어느 하나의 정수일 수 있다.",,,,http://plus.kipris.or.kr/openapi/fileToss.jsp?arg=6c650beb4cee9ce4122b704b88878c93fa9d95005e8e5e8a1e77f84cf15365c44e42ee03297958a58992a881b2d1bc5374940f371761736adc970b1b64c36ea49f313ae7d423815b,False,False,False,0,data\반도체\동진쎄미켐\tech\source\dongjin_semichem_kipris_plus_bibliographic_raw.csv,,28
1020210109575,1020210109575,1020220023312,1020220023312,,,공개,공개,공개 공개,아조 화합물의 제조방법,아조 화합물의 제조방법,주식회사 동진쎄미켐,주식회사 동진쎄미켐,,20210819,2021,20220302,20220302,,,C25B 3/01|C25B 15/08|C25B 11/04|C09B 29/00,C25B 3/01|C25B 15/08|C25B 11/04|C09B 29/00,,,"아조 화합물의 제조방법에 관해 개시되어 있다. 개시된 아조 화합물의 제조방법은 반응시스템 내에서 하이드라조 화합물 및 적어도 1종의 M a X b 를 포함하는 제 1 용액을 전기분해하여 X b 분자를 생성하는 제1단계, 상기 생성된 X b 분자로 상기 하이드라조 화합물을 산화하여 아조 화합물, M a X b , 및 HX를 포함하는 제2 용액을 수득하는 제2단계, 상기 제2 용액을 상기 반응시스템 외부로 배출하고, 이로부터 M a X b 및 HX를 포함하는 제3 용액을 분리하여 고체 아조 화합물을 수득하는 제3단계 및 상기 하이드라조 화합물과 동등한 추가 하이드라조 화합물과 상기 제3 용액을 상기 반응시스템 내로 투입하고, 상기 추가 하이드라조 화합물, M a X b , 및 HX를 포함하는 제4 용액을 전기분해하여 X b 분자를 생성하는 제4단계를 포함할 수 있다. 상기 제4단계, 상기 제2단계 및 상기 제3단계를 1 사이클로 하여 상기 사이클을 반복 수행할 수 있다. 여기서, 상기 X는 할로겐 원소일 수 있고, 상기 M은 수소, Li, Na, K, Mg, Ca, Mn, Fe, Ni, Cu, Ag, Zn, Sn, Zr, Ti 중에서 선택된 적어도 하나이거나, 1급 암모늄 이온, 2급 암모늄 이온, 3급 암모늄 이온 중에서 선택된 적어도 하나일 수 있다. 상기 H...(이하생략)",,,,http://plus.kipris.or.kr/openapi/fileToss.jsp?arg=6c650beb4cee9ce4122b704b88878c93fa9d95005e8e5e8a1e77f84cf15365c44e42ee03297958a58992a881b2d1bc53fd508255fc27c36dbf22e7cf6167c759d8c0b41d90126553,False,False,False,0,data\반도체\동진쎄미켐\tech\source\dongjin_semichem_kipris_plus_bibliographic_raw.csv,,29
1020210121273,1020210121273,1020220034704,1020220034704,,,공개,공개,공개 공개,반사성 전극 보호층용 화합물 및 이를 포함하는 배면 발광 소자,반사성 전극 보호층용 화합물 및 이를 포함하는 배면 발광 소자,주식회사 동진쎄미켐,주식회사 동진쎄미켐,,20210910,2021,20220318,20220318,,,C07C 211/54|C07C 211/61|C07D 307/91|C07D 333/76|H10K 85/60|H10K 50/844|C07C 211/58|C07D 213/38|C07D 213/74|C07D 215/12|C07D 217/02|C07D 239/48|C07D 251/70|C07D 519/00,C07C 211/54|C07C 211/61|C07D 307/91|C07D 333/76|H10K 85/60|H10K 50/844|C07C 211/58|C07D 213/38|C07D 213/74|C07D 215/12|C07D 217/02|C07D 239/48|C07D 251/70|C07D 519/00,,,본 발명은 하기 화학식 1로 표시되는 배면 발광 소자의 반사성 전극 보호층용 화합물을 제공한다. 003c#화학식 1003e#,,,,http://plus.kipris.or.kr/openapi/fileToss.jsp?arg=6c650beb4cee9ce4122b704b88878c93ebbb49a02b86cee9958bb193868fd3249e21086012da9a786267f5f3081678fdb65f2794da688c40bfec1473975b5ccc3d276695ffd7f604,False,False,False,1,data\반도체\동진쎄미켐\tech\source\dongjin_semichem_kipris_plus_bibliographic_raw.csv,,30
1020220007427,1020220007427,1020230111497,1020230111497,,,공개,공개,공개 공개,포토레지스트 조성물,포토레지스트 조성물,주식회사 동진쎄미켐|삼성디스플레이 주식회사,주식회사 동진쎄미켐|삼성디스플레이 주식회사,,20220118,2022,20230725,20230725,,,G03F 7/022|G03F 7/023|G03F 7/20,G03F 7/022|G03F 7/023|G03F 7/20,,,"본 발명은 액정표시장치 회로 등에서 미세 회로 패턴 형성을 위한 습식 식각 공정에서 사용될 수 있는 포토레지스트 조성물에 관한 것으로서, 보다 상세하게는 나프토퀴논디아지드술포닐(NQD)기가 4개 이상 결합된 디아지드계 감광성 화합물을 통하여 가교제를 포함하지 않으며 습식 식각 공정에서 우수한 메탈 테이퍼 각도가 구현되고, 저장 안정성이 우수한 포토레지스트 조성물 및 이를 이용한 금속 다층막 패터닝 방법에 관한 것이다.",,,,,False,False,False,0,data\반도체\동진쎄미켐\tech\source\dongjin_semichem_kipris_plus_bibliographic_raw.csv,,31
1020170147820,1020170147820,1020190052727,1020190052727,1023459800000,1023459800000,등록,등록,등록 등록,감광성 수지 조성물 및 이를 이용한 패턴 형성 방법,감광성 수지 조성물 및 이를 이용한 패턴 형성 방법,삼성디스플레이 주식회사|주식회사 동진쎄미켐,삼성디스플레이 주식회사|주식회사 동진쎄미켐,,20171108,2017,20190517,20190517,20211228,20211228,G03F 7/033|G03F 7/028|G03F 7/031|G03F 7/20|G03F 7/26,G03F 7/033|G03F 7/028|G03F 7/031|G03F 7/20|G03F 7/26,,,"본 발명의 일 실시예에 따른 감광성 수지 조성물은 아크릴계 공중합체 100 중량부에 대하여 라디칼 광개시제 0.1 내지 20 중량부, 이온 광개시제 0.1 내지 10 중량부, 다관능 아크릴레이트 올리고머 1 내지 50 중량부, 에틸렌성 불포화 결합을 가지는 다관능성 모노머 1 내지 50 중량부, 및 용매를 포함한다.",,,,http://plus.kipris.or.kr/openapi/fileToss.jsp?arg=6c650beb4cee9ce4122b704b88878c93ed018a8f764ca8c0c5a53bf5ea0eb534966cde42542bfeeb9ad2ed083bba34f76e55bf212bee90ba22e2676b0fc3b7d70110e47a650e1d3b,True,True,False,0,data\반도체\동진쎄미켐\tech\source\dongjin_semichem_kipris_plus_bibliographic_raw.csv,,32
1020050017291,1020050017291,1020060096629,1020060096629,1011150890000,1011150890000,소멸,소멸,소멸 소멸,유기 반사방지막 형성용 유기 중합체 및 이를 포함하는 유기 조성물,유기 반사방지막 형성용 유기 중합체 및 이를 포함하는 유기 조성물,주식회사 동진쎄미켐,주식회사 동진쎄미켐,,20050302,2005,20060913,20060913,20120203,20120203,G03F 7/004|G03F 7/039,G03F 7/004|G03F 7/039,,,"포토리소그래피 공정에서, 노광원을 흡수하기 위하여 피식각층과 포토레지스트막 사이에 위치하는, 유기 반사방지막을 형성하기 위한 유기 중합체 및 이를 포함하는 유기 조성물이 개시된다. 상기 유기 반사방지막 형성용 유기 중합체는 및 (여기서 R은 치환 또는 비치환된 탄소수 1 내지 5의 알킬기이다)으로 표시되는 반복단위를 포함하며, 유기 반사방지막의 식각률을 개선하고, 유기 반사방지막의 형성을 용이하게 하며, 기판과의 접착력을 개선하는 역할을 한다. 유기 반사방지막",,,,http://plus.kipris.or.kr/openapi/fileToss.jsp?arg=452306798ef1fd03bf8e5ba4e1dbf72662f0e5aae8d847a83651292a3da235ec631890cdb752e0df4e4d70976a894e60423bf3612c817574092a5e2fbbe545fa4f0a478086859a69,True,False,True,1,data\반도체\동진쎄미켐\tech\source\dongjin_semichem_kipris_plus_bibliographic_raw.csv,,33
1020050038213,1020050038213,1020060045957,1020060045957,1011672400000,1011672400000,소멸,소멸,소멸 소멸,레지스트 제거용 조성물,레지스트 제거용 조성물,주식회사 동진쎄미켐,주식회사 동진쎄미켐,,20050507,2005,20060517,20060517,20120713,20120713,G03F 7/42,G03F 7/42,,,"본 발명은 전자회로 또는 표시소자를 패턴하는 레지스트(resist) 제거용 조성물에 관한 것으로, 보다 상세하게는 아민, 용제 및 부식방지제를 포함하며, 상기 부식방지제가 트리아졸류 화합물, 머캅토류 화합물, 하이드록실기를 갖는 벤젠류 화합물 및 이들의 혼합물로 이루어진 군으로부터 선택된 1종 이상임을 특징으로 하는 레지스트 제거용 조성물을 제공한다. 본 발명의 레지스트 제거용 조성물은 레지스트 제거력이 매우 우수하고, 패턴된 금속배선의 부식을 최소화 할 수 있는 장점이 있다. 레지스트 제거용 조성물, 부식방지제",,,,http://plus.kipris.or.kr/openapi/fileToss.jsp?arg=452306798ef1fd035bfb5ff666db4c9c592fb536ea920a4dd85d1afb690d041ab850ae3df12618c34f59157209950d59,True,False,True,1,data\반도체\동진쎄미켐\tech\source\dongjin_semichem_kipris_plus_bibliographic_raw.csv,,34
1020170119292,1020170119292,1020180043726,1020180043726,1026504090000,1026504090000,등록,등록,등록 등록,신규 화합물 및 이를 포함하는 유기 발광 소자,신규 화합물 및 이를 포함하는 유기 발광 소자,주식회사 동진쎄미켐,주식회사 동진쎄미켐,,20170918,2017,20180430,20180430,20240319,20240319,C07C 211/61|C07C 211/58|C07C 211/54|H10K 85/60|H10K 50/17|H10K 50/15,C07C 211/61|C07C 211/58|C07C 211/54|H10K 85/60|H10K 50/17|H10K 50/15,,,"본원은 신규한 화합물, 및 이를 포함하는 유기 발광 소자에 관한 것이다.",,,,http://plus.kipris.or.kr/openapi/fileToss.jsp?arg=6c650beb4cee9ce4122b704b88878c93828d76dc1803135066d7b41e30724a964a4de56441e8b4a11bc7523a9d08e7fddf34072373267830447bf10ae12a719b4063c8812b17f90e,True,True,False,1,data\반도체\동진쎄미켐\tech\source\dongjin_semichem_kipris_plus_bibliographic_raw.csv,,35
1020170078423,1020170078423,1020180138333,1020180138333,,,거절,거절,거절 거절,신규 화합물 및 이를 포함하는 유기 발광 소자,신규 화합물 및 이를 포함하는 유기 발광 소자,주식회사 동진쎄미켐,주식회사 동진쎄미켐,,20170621,2017,20181231,20181231,,,C07C 211/54|C07D 307/91|C07D 333/76|H10K 99/00|H10K 50/00,C07C 211/54|C07D 307/91|C07D 333/76|H10K 99/00|H10K 50/00,,,"본원은 신규한 아릴아민 화합물에 대한 것으로, 정공수송층(HTL), 발광보조층(HT prime) 또는 정공주입층(HIL)으로서 사용될 경우 정공주입 및 수송 특성을 증가시킬 수 있어 소자의 고효율 및 장수명 효과를 제공할 수 있다.",,,,http://plus.kipris.or.kr/openapi/fileToss.jsp?arg=2ba38663aa11ff0f6ca91af6061a2e00faac3f3ec908c18617b14d837a885b1950e8ebd062c67fdbd70773ca651beb90478cc75b0fc3d6ab584a5e69baddbe88a974f6316ad4737c,False,False,True,1,data\반도체\동진쎄미켐\tech\source\dongjin_semichem_kipris_plus_bibliographic_raw.csv,,36
1020180136723,1020180136723,1020200053284,1020200053284,1027501460000,1027501460000,등록,등록,등록 등록,신규 화합물 및 이를 포함하는 유기발광 소자,신규 화합물 및 이를 포함하는 유기발광 소자,주식회사 동진쎄미켐,주식회사 동진쎄미켐,,20181108,2018,20200518,20200518,20241231,20241231,C07D 307/91|C07D 407/12|H10K 99/00|H10K 50/00,C07D 307/91|C07D 407/12|H10K 99/00|H10K 50/00,,,"본원은 신규한 화합물, 및 이를 포함하는 유기 발광 소자에 관한 것으로, 본 발명의 일 구현예에 따른 신규한 화합물은 유기 발광 소자에 적용되어 유기 발광 소자의 고효율, 장수명, 낮은 구동전압 및 구동 안정성을 확보할 수 있다.",,,,http://plus.kipris.or.kr/openapi/fileToss.jsp?arg=6c650beb4cee9ce4122b704b88878c93ff120271c201a7d4ac63979c49318feef17d14685c69c9ebe74bfb32666e53d7761a46ba810b7f6b5262762809bb2d578956a76aa8234994,True,True,False,1,data\반도체\동진쎄미켐\tech\source\dongjin_semichem_kipris_plus_bibliographic_raw.csv,,37
1020130087572,1020130087572,1020140015202,1020140015202,1021692730000,1021692730000,등록,등록,등록 등록,아크리딘 유도체를 포함하는 유기발광 화합물 및 이를 포함하는 유기발광소자,아크리딘 유도체를 포함하는 유기발광 화합물 및 이를 포함하는 유기발광소자,주식회사 동진쎄미켐,주식회사 동진쎄미켐,,20130724,2013,20140206,20140206,20201019,20201019,C09K 11/06|H10K 85/60|H10K 85/40|H10K 50/11|H10K 50/81|H10K 50/82|H10K 50/17|H10K 50/15,C09K 11/06|H10K 85/60|H10K 85/40|H10K 50/11|H10K 50/81|H10K 50/82|H10K 50/17|H10K 50/15,,,"아크리딘 유도체를 포함하는 본 발명의 유기발광 화합물은 아크리딘 유도체와 고리화합물의 적절한 조화를 통해 유기물층 내에서의 전하균형을 조절함으로써, 휘도, 전력효율, 내열성, 전하수송 성능 및 전하주입 성능이 우수하여 색순도 및 발광효율을 증가시킬 수 있으므로, 유기발광소자의 발광물질로 사용되어 유기발광소자에 낮은 구동전압과 높은 발광휘도 및 발광효율을 나타내며, 이에 따라 풀 칼라 유기 패널에서 성능 극대화 및 수명 향상을 제공할 수 있다.",,,,http://plus.kipris.or.kr/openapi/fileToss.jsp?arg=2ba38663aa11ff0f6ca91af6061a2e00af44f5f9a90d257cea492571ab71eea2d5d6c4396fb8e9bf976a5c2f806234f3f558aea6891aaa1b14fbcb6e5010930de68839b2eebeec49,True,True,False,1,data\반도체\동진쎄미켐\tech\source\dongjin_semichem_kipris_plus_bibliographic_raw.csv,,38
1020200148318,1020200148318,1020220015893,1020220015893,,,취하,취하,취하 취하,신규한 캡핑층용 화합물 및 이를 포함하는 유기 발광 소자,신규한 캡핑층용 화합물 및 이를 포함하는 유기 발광 소자,주식회사 동진쎄미켐,주식회사 동진쎄미켐,,20201109,2020,20220208,20220208,,,C07D 471/04|C07D 413/12|C07D 413/14|C07D 417/12|C07D 417/14|H10K 85/60|H10K 50/844|H10K 50/858,C07D 471/04|C07D 413/12|C07D 413/14|C07D 417/12|C07D 417/14|H10K 85/60|H10K 50/844|H10K 50/858,,,본 발명은 하기 화학식 1로 표현되는 캡핑층용 화합물 및 이를 포함하는 유기 발광 소자를 제공한다: [화학식 1] .,,,,http://plus.kipris.or.kr/openapi/fileToss.jsp?arg=6c650beb4cee9ce4122b704b88878c930d444d5d3f0367fdcc611b304f1593c5995a3e7034c203ba5a37041e75069d1bf5ef3fa77107a09b0c9f9570a2d49648e31d929a33edf631,False,False,True,1,data\반도체\동진쎄미켐\tech\source\dongjin_semichem_kipris_plus_bibliographic_raw.csv,,39
1020210049983,1020210049983,1020210128363,1020210128363,1025598760000,1025598760000,등록,등록,등록 등록,신규한 캡핑층용 화합물 및 이를 포함하는 유기 발광 소자,신규한 캡핑층용 화합물 및 이를 포함하는 유기 발광 소자,주식회사 동진쎄미켐,주식회사 동진쎄미켐,,20210416,2021,20211026,20211026,20230721,20230721,C07D 307/77|C07D 407/14|C07D 409/14|C07D 405/14|C07D 413/14|C07D 417/14|C07D 333/50|H10K 85/60|H10K 50/844|H10K 50/858,C07D 307/77|C07D 407/14|C07D 409/14|C07D 405/14|C07D 413/14|C07D 417/14|C07D 333/50|H10K 85/60|H10K 50/844|H10K 50/858,,,본 발명은 하기 화학식 1로 표시되는 캡핑층용 화합물 및 이를 함유하는 유기 발광 소자를 제공한다. 003c#화학식1003e#,,,,http://plus.kipris.or.kr/openapi/fileToss.jsp?arg=6c650beb4cee9ce4122b704b88878c93749cf268af86ffb5877db74c4c2f82e2485678e2d3d8d6fabd2ea9452072620dfb1982b9a79e02cbf00f769c7c4e5090441842a432380706,True,True,False,1,data\반도체\동진쎄미켐\tech\source\dongjin_semichem_kipris_plus_bibliographic_raw.csv,,40
1020120072295,1020120072295,1020140005411,1020140005411,1019226250000,1019226250000,등록,등록,등록 등록,금속 배선 식각액 및 이를 이용한 금속 배선 형성 방법,금속 배선 식각액 및 이를 이용한 금속 배선 형성 방법,삼성디스플레이 주식회사|주식회사 동진쎄미켐,삼성디스플레이 주식회사|주식회사 동진쎄미켐,,20120703,2012,20140115,20140115,20181121,20181121,C23F 1/16|H05K 3/06,C23F 1/16|H05K 3/06,,,"금속 배선 식각액을 제공한다. 본 발명의 한 실시예에 따른 금속 배선 식각액은 과황산염, 술폰산염, 불소 화합물, 아졸계 화합물, 유기산, 질산염, 염소 화합물을 포함한다.",,,,http://plus.kipris.or.kr/openapi/fileToss.jsp?arg=2ba38663aa11ff0f6ca91af6061a2e00afaa20a23a125d7c18c97e1d0f9033a3b9bbc0e09196f8379f3f6752562c6fef62c43fef8f1fa5adba41608af0e7479574aded52cda41063,True,True,False,0,data\반도체\동진쎄미켐\tech\source\dongjin_semichem_kipris_plus_bibliographic_raw.csv,,41
1020200153658,1020200153658,1020220015894,1020220015894,,,취하,취하,취하 취하,신규한 캡핑층용 화합물 및 이를 포함하는 유기 발광 소자,신규한 캡핑층용 화합물 및 이를 포함하는 유기 발광 소자,주식회사 동진쎄미켐,주식회사 동진쎄미켐,,20201117,2020,20220208,20220208,,,C07D 217/18|C07D 215/12|C07D 405/14|C07D 409/14|C07D 401/14|C07D 413/14|C07D 417/14|C07D 471/04|H10K 85/60|H10K 50/844|H10K 50/858,C07D 217/18|C07D 215/12|C07D 405/14|C07D 409/14|C07D 401/14|C07D 413/14|C07D 417/14|C07D 471/04|H10K 85/60|H10K 50/844|H10K 50/858,,,본 발명은 하기 화학식 1로 표현되는 캡핑층용 화합물 및 이를 포함하는 유기 발광 소자를 제공한다: [화학식 1] .,,,,http://plus.kipris.or.kr/openapi/fileToss.jsp?arg=6c650beb4cee9ce4122b704b88878c930d444d5d3f0367fdcc611b304f1593c5f188ddd71ff7a1c9bbd72152fccc4c125b5d25b4ec2ff4abb9bac20f5ece6cbc1e1e5479ac7da5d4,False,False,True,1,data\반도체\동진쎄미켐\tech\source\dongjin_semichem_kipris_plus_bibliographic_raw.csv,,42
1020090120130,1020090120130,1020110063175,1020110063175,1015667890000,1015667890000,등록,등록,등록 등록,"술폰산기를 갖는 폴리(아릴렌에테르) 공중합체, 이의 제조방법 및 이를 이용한 연료전지용 고분자 전해질 막","술폰산기를 갖는 폴리(아릴렌에테르) 공중합체, 이의 제조방법 및 이를 이용한 연료전지용 고분자 전해질 막",현대자동차주식회사|주식회사 동진쎄미켐,현대자동차주식회사|주식회사 동진쎄미켐,,20091204,2009,20110610,20110610,20151102,20151102,C08G 65/334|C08G 65/32|C08J 5/22|H01M 8/10,C08G 65/334|C08G 65/32|C08J 5/22|H01M 8/10,,,"본 발명은 술폰산기를 갖는 폴리(아릴렌에테르) 공중합체, 이의 제조방법 및 이를 이용한 연료전지용 고분자 전해질 막에 관한 것이다. 본 발명에 따른 술폰산기를 갖는 폴리(아릴렌에테르) 공중합체는 친수부의 측쇄 길이가 길면서도 술폰산기가 밀집되도록 설계된 고분자로서, 고분자 막 형성시 이온채널 형성을 좋게 함과 동시에, 상대적으로 소수부를 넓혀줌으로써 수분에 대한 치수안정성을 확보할 수 있는 장점이 있다. 또한, 본 발명의 제조방법에 따라 술폰화제의 당량 변화를 통해 술폰산기 도입양을 쉽게 조절할 수 있으며 단순화된 방법으로 상기 고분자를 제조할 수 있고, 상기 고분자를 이용하여 제조된 고분자 전해질 막은 수분 함량이 낮은 환경에서도 높은 수소이온 전도도를 나타낼 뿐만 아니라 수분에 장시간 노출되어도 높은 치수안정성을 나타내는 등 연료전지용 고분자 전해질 막으로서의 성능이 우수한 장점이 있다. 연료전지, 고분자, 전해질 막, 폴리아릴렌에테르",,,,http://plus.kipris.or.kr/openapi/fileToss.jsp?arg=2ba38663aa11ff0f6ca91af6061a2e004452a6a85231b54c2cf1a8913eda3666d80ee9658d4cc442ba0e6b2178e8e539fa9c9335ff49868721a3ee4ee17afc1138b533c4134a327a,True,True,False,0,data\반도체\동진쎄미켐\tech\source\dongjin_semichem_kipris_plus_bibliographic_raw.csv,,43
1020130113420,1020130113420,1020150033821,1020150033821,1021753130000,1021753130000,등록,등록,등록 등록,"식각액 조성물, 및 이를 이용한 금속 배선과 박막 트랜지스터 기판 형성 방법","식각액 조성물, 및 이를 이용한 금속 배선과 박막 트랜지스터 기판 형성 방법",삼성디스플레이 주식회사|주식회사 동진쎄미켐,삼성디스플레이 주식회사|주식회사 동진쎄미켐,,20130924,2013,20150402,20150402,20201102,20201102,C23F 1/16|C23F 1/18,C23F 1/16|C23F 1/18,,,"본 발명의 일 실시예에 따른 식각액 조성물은 식각액 조성물 총 중량에 대하여 0.5중량% 내지 20중량%의 과황산염, 0.01중량% 내지 1중량%의 불소 화합물, 1중량% 내지 약 10중량%의 무기산, 0.01중량% 내지 2중량%의 아졸계 화합물, 0.1중량% 내지 5중량%의 염소 화합물, 0.05중량% 내지 3중량%의 구리염, 0.01중량% 내지 5중량%의 항산화제 또는 상기 항산화제의 염, 및 전체 조성물의 총 중량이 100중량%가 되도록 하는 물을 포함한다. 식각액 조성물은 구리를 포함하는 금속막을 식각하여 금속 배선을 형성하거나 표시 장치용 박막 트랜지스터 기판 제조시에 사용될 수 있다.",,,,http://plus.kipris.or.kr/openapi/fileToss.jsp?arg=2ba38663aa11ff0f6ca91af6061a2e00765f800b0c64ac757098430c74b0374700aa9989a27123430e55580d11f8833fb15bc2cd0f2c9c0bf42e41ace757a6d0afd0c25768d12840,True,True,False,1,data\반도체\동진쎄미켐\tech\source\dongjin_semichem_kipris_plus_bibliographic_raw.csv,,44
1020030020360,1020030020360,1020040085609,1020040085609,1009341520000,1009341520000,소멸,소멸,소멸 소멸,유기 전기발광 소자,유기 전기발광 소자,주식회사 동진쎄미켐,주식회사 동진쎄미켐,,20030401,2003,20041008,20041008,20091218,20091218,H10K 59/179|H10K 50/805,H10K 59/179|H10K 50/805,,,"음극 또는 양극의 일단에 리드라인이 오버랩되어 전기적으로 연결되는 유기 전기발광 소자에 있어서, 리드라인의 모서리가 연속적으로 연결되어 폐루프를 이루고 실질적으로 길이가 증가하도록 적어도 하나 이상의 절결부를 오버랩되는 리드라인의 어느 한 측면으로부터 내측으로 형성하는 것을 특징으로 하는 유기 전기발광 소자가 제공된다. 발광소자, 절연파괴, 고효율, 고휘도, 폐루프",,,,http://plus.kipris.or.kr/openapi/fileToss.jsp?arg=452306798ef1fd03bf8e5ba4e1dbf726131132a685796d503b60f585f3b150f64d1061994d6d7465186fba1644a6d2f0a0c297785ddad634c7a2ea820ecd715234cd9f72430af0f1,True,False,True,1,data\반도체\동진쎄미켐\tech\source\dongjin_semichem_kipris_plus_bibliographic_raw.csv,,45
1020050091723,1020050091723,1020070095496,1020070095496,,,거절,거절,거절 거절,유기발광 다이오드(OLED)의 캡가공용 감광성 수지 조성물,유기발광 다이오드(OLED)의 캡가공용 감광성 수지 조성물,주식회사 동진쎄미켐,주식회사 동진쎄미켐,,20050930,2005,20071001,20071001,,,G03F 7/027|G03F 7/033|C08F 2/50|G03F 7/032|G03F 7/031|G03F 7/00|H10K 59/80,G03F 7/027|G03F 7/033|C08F 2/50|G03F 7/032|G03F 7/031|G03F 7/00|H10K 59/80,,,"본 발명은 감광성 수지 조성물에 관한 것으로, 특히 a) 유리전이온도가 150 ℃ 이하인 아크릴레이트 고분자 수지, b) 에틸렌 옥사이드 또는 프로필렌 옥사이드가 부가된 아크릴레이트계 가교성 올리고머, c) 적어도 2 개 이상의 에틸렌 이중 결합을 갖는 가교성 모노머, d) 광중합 개시제, e) 용제를 포함하는 감광성 수지 조성물에 관한 것이다. 본 발명에 따른 감광성 수지 조성물은 유기발광 다이오드(OLED)나 인쇄회로 기판에서 필수적으로 요구되는 홀 보호 특성을 지닐 뿐만 아니라, 동시에 기판에 대한 접착력과 텐팅강도가 우수하며, 후막 상태에서도 현상성이 탁월하여 미세 패턴 가공이 가능하다. 감광성 수지, 유리전이온도, 아크릴레이트, 에틸렌 옥사이드, 프로필렌 옥사이드, 아크릴레이트계 가교성 올리고머",,,,,False,False,True,1,data\반도체\동진쎄미켐\tech\source\dongjin_semichem_kipris_plus_bibliographic_raw.csv,,46
1020030020069,1020030020069,1020040085400,1020040085400,1009155460000,1009155460000,소멸,소멸,소멸 소멸,유기 전기발광 디스플레이 소자의 음극격벽,유기 전기발광 디스플레이 소자의 음극격벽,주식회사 동진쎄미켐,주식회사 동진쎄미켐,,20030331,2003,20041008,20041008,20090828,20090828,H10K 59/173|H10K 50/82,H10K 59/173|H10K 50/82,,,"기판과 데이터라인의 상면에 스캔라인 방향의 스트라이프 형태로 형성되는 제 1 격벽들; 인접하는 제 1 격벽들 단부 사이에 위치하며, 메탈 섀도우 마스크가 안착되는 영역을 제공함과 동시에 데이터라인 방향으로 제 1 격벽들과 연결되는 제 2 격벽들을 포함하는 것을 특징으로 하는 유기 전기발광 디스플레이 소자의 음극격벽이 제공된다. 유기EL, 절연격벽, 안착영역, 역상",,,,http://plus.kipris.or.kr/openapi/fileToss.jsp?arg=452306798ef1fd035bfb5ff666db4c9c1531c25f200555178abc1d150f22424aee96b77666376a1853372ceb89d5ddb4,True,False,True,2,data\반도체\동진쎄미켐\tech\source\dongjin_semichem_kipris_plus_bibliographic_raw.csv,,47
1020050030378,1020050030378,1020060108176,1020060108176,1011842050000,1011842050000,소멸,소멸,소멸 소멸,"감광성 화합물, 감광성 고분자 수지 및 이를 포함하는 화학증폭형 포토레지스트 조성물","감광성 화합물, 감광성 고분자 수지 및 이를 포함하는 화학증폭형 포토레지스트 조성물",주식회사 동진쎄미켐,주식회사 동진쎄미켐,,20050412,2005,20061017,20061017,20120913,20120913,G03F 7/039|G03F 7/004|G03F 7/027|G03F 7/075|C08G 61/02|G03F 7/023|G03F 7/012|C07C 69/54|C07C 69/74|C08F 220/28,G03F 7/039|G03F 7/004|G03F 7/027|G03F 7/075|C08G 61/02|G03F 7/023|G03F 7/012|C07C 69/54|C07C 69/74|C08F 220/28,,,"248nm 및 193nm 이하의 단파장의 노광원 하에서도 현상액에 의한 용해성 및 에칭내성이 우수하고, 라인 에지 러프니스가 개선된 감광성 화합물, 감광성 고분자 수지 및 이를 포함하는 포토레지스트 조성물이 개시된다. 상기 감광성 고분자 수지는 하기 화학식으로 표시되는 반복단위를 포함한다. 상기 화학식에서, R 1 은 H 또는 탄소수 1 내지 4의 알킬기이고, R 2 는 OH, 탄소수 1 내지 8의 알콕실기, 또는 티오 알킬기이고, n은 1 또는 2의 정수이며 c는 상기 감광성 고분자 수지를 이루는 전체 반복 단위에 대한 상기 반복 단위의 몰%로서, 1~60몰%이다. 감광성 화합물, 감광성 고분자 수지, 포토레지스트, 라인 에지 러프니스",,,,http://plus.kipris.or.kr/openapi/fileToss.jsp?arg=452306798ef1fd03bf8e5ba4e1dbf726e110685967f3ed65ad663411281831f3dbd390a8c1119844a022ee34caff7c1d455fa190b80575f1141e4e113481784c647959b80a9a3748,True,False,True,0,data\반도체\동진쎄미켐\tech\source\dongjin_semichem_kipris_plus_bibliographic_raw.csv,,48
1020050028541,1020050028541,1020060106110,1020060106110,1011649590000,1011649590000,소멸,소멸,소멸 소멸,반도체 소자용 포토레지스트를 제거하기 위한 박리액 조성물,반도체 소자용 포토레지스트를 제거하기 위한 박리액 조성물,주식회사 동진쎄미켐,주식회사 동진쎄미켐,,20050406,2005,20061012,20061012,20120705,20120705,G03F 7/42,G03F 7/42,,,"본 발명은 반도체 소자용 포토레지스트를 제거하기 위한 박리액 조성물에 관한 것으로, 상기 박리액 조성물은 암모늄 염, 수용성 유기 아민, 및 물을 포함하여, 하드베이크, 건식식각, 습식식각, 애슁 및/또는 이온주입공정에 의하여 경화 및 변성된 포토레지스트막 뿐 아니라, 상기 공정중 하부의 금속 막질로부터 식각되면서 나온 금속성 부산물에 의하여 변질된 포토레지스트막도 고온 및 저온에서 짧은 시간 내에 용이하에 제거할 수 있으며, 포토레지스트 제거공정 중의 하부의 금속배선의 부식을 최소화할 수 있다. 포토레지스트 박리액 조성물, 암모늄 염",,,,http://plus.kipris.or.kr/openapi/fileToss.jsp?arg=452306798ef1fd035bfb5ff666db4c9c592fb536ea920a4db0f4e9bbeb7b27dbe9e5caadeb93bac7b6b30be4f93c3136,True,False,True,2,data\반도체\동진쎄미켐\tech\source\dongjin_semichem_kipris_plus_bibliographic_raw.csv,,49
1020200080331,1020200080331,1020210010336,1020210010336,1028681650000,1028681650000,등록,등록,등록 등록,"포지티브형 감광성 수지 조성물, 감광성 수지 필름 및 이를 이용한 디스플레이 장치","포지티브형 감광성 수지 조성물, 감광성 수지 필름 및 이를 이용한 디스플레이 장치",주식회사 동진쎄미켐,주식회사 동진쎄미켐,,20200630,2020,20210127,20210127,20250926,20250926,G03F 7/039|G03F 7/004|C08L 33/06|C08L 25/18|C08F 265/06|C08F 212/14|C08K 5/12|G02F 1/1339,G03F 7/039|G03F 7/004|C08L 33/06|C08L 25/18|C08F 265/06|C08F 212/14|C08K 5/12|G02F 1/1339,,,"본 발명은 포지티브형 감광성 수지 조성물, 감광성 수지 필름 및 이를 이용한 디스플레이 장치에 관한 것이다. 본 발명에 따른 포지티브형 감광성 수지 조성물은 감도, 내화학성, 내열성 등의 성능이 우수할 뿐만 아니라, 특히 해상도, 투과도, 내열변색성 등이 크게 향상되어 고휘도, 고해상도 Panel을 제작할 수 있다. 이를 통해 디스플레이에서 층간절연막, Passivation 절연막, Gate 절연막 뿐만 아니라 평탄화막, Bank, Pixel Define Layer 등에도 유용하게 적용할 수 있다.",,,,,True,True,False,0,data\반도체\동진쎄미켐\tech\source\dongjin_semichem_kipris_plus_bibliographic_raw.csv,,50
1020220114051,1020220114051,1020240035062,1020240035062,,,공개,공개,공개 공개,신규한 발광 소자용 화합물 및 이를 포함하는 유기 발광 소자,신규한 발광 소자용 화합물 및 이를 포함하는 유기 발광 소자,주식회사 동진쎄미켐,주식회사 동진쎄미켐,,20220908,2022,20240315,20240315,,,C07D 213/80|C07D 241/12|C07D 239/26|C07D 237/08|C07D 253/07|C07D 251/12|C07D 253/04|C07D 257/08|C07D 401/14|C07D 405/14|C07D 409/14|C07D 413/14|C07D 417/14|C07D 303/40|C07D 331/02|C07D 203/08|C07D 307/68|C07D 333/38|C07D 207/416|C07D 263/34|C07D 261/18|C07D 277/56|C07D 275/03|C07D 233/90|C07D 231/14|C07D 271/10|C07D 271/06|C07D 271/08|C07D 285/12|C07D 285/08|C07D 285/10|C07D 249/10|C07D 249/04|C07D 217/22|C07D 215/48|C07D 239/74|C07D 241/44|C07D 209/82|C07D 307/91|C07D 333/76|C07D 471/04|H10K 99/00|H10K 50/00,C07D 213/80|C07D 241/12|C07D 239/26|C07D 237/08|C07D 253/07|C07D 251/12|C07D 253/04|C07D 257/08|C07D 401/14|C07D 405/14|C07D 409/14|C07D 413/14|C07D 417/14|C07D 303/40|C07D 331/02|C07D 203/08|C07D 307/68|C07D 333/38|C07D 207/416|C07D 263/34|C07D 261/18|C07D 277/56|C07D 275/03|C07D 233/90|C07D 231/14|C07D 271/10|C07D 271/06|C07D 271/08|C07D 285/12|C07D 285/08|C07D 285/10|C07D 249/10|C07D 249/04|C07D 217/22|C07D 215/48|C07D 239/74|C07D 241/44|C07D 209/82|C07D 307/91|C07D 333/76|C07D 471/04|H10K 99/00|H10K 50/00,,,본 발명은 하기 화학식 1로 표시되는 발광 소자용 화합물 및 이를 함유하는 유기 발광 소자를 제공한다. 003c#화학식1003e#,,,,http://plus.kipris.or.kr/openapi/fileToss.jsp?arg=6c650beb4cee9ce4122b704b88878c9353750368cfa243cd384728bf8a13fbe68137a4776943aa4b3c9287a0065cc93c4f8b373c4888a567fc9425007f58f7046a4dd27b964b05cd,False,False,False,1,data\반도체\동진쎄미켐\tech\source\dongjin_semichem_kipris_plus_bibliographic_raw.csv,,51
1020130000141,1020130000141,1020140088346,1020140088346,1020414030000,1020414030000,등록,등록,등록 등록,포토레지스트 조성물 및 이를 이용한 금속 패턴의 형성 방법,포토레지스트 조성물 및 이를 이용한 금속 패턴의 형성 방법,삼성디스플레이 주식회사|주식회사 동진쎄미켐,삼성디스플레이 주식회사|주식회사 동진쎄미켐,,20130102,2013,20140710,20140710,20191031,20191031,G03F 7/004|G03F 7/022|G03F 7/032|G03F 7/26,G03F 7/004|G03F 7/022|G03F 7/032|G03F 7/26,,,"개시된 금속 패턴의 형성 방법에 따르면, 바인더 수지, 감광제 및 제1 용매, 상기 제1 용매보다 휘발도가 큰 제2 용매, 상기 제2 용매보다 휘발도가 큰 제3 용매를 포함하는 혼합용매를 포함하는 포토레지스트 조성물을 코팅하여 코팅층을 형성한다. 상기 코팅층을 노광한다. 상기 코팅층을 부분적으로 제거하여 포토레지스트 패턴을 형성한다. 상기 포토레지스트 패턴을 마스크로 이용하여 상기 금속층을 패터닝한다. 상기 포토레지스트 조성물은 상기 코팅층에 있어서 코팅 얼룩, 역테이퍼 현상 등을 포토리소그라피 공정의 시간을 줄이고, 신뢰성을 개선할 수 있다.",,,,http://plus.kipris.or.kr/openapi/fileToss.jsp?arg=2ba38663aa11ff0f6ca91af6061a2e00e6fc95214ed372d25fab62bbfbf79f63d00e196d013a297bfe46c3060fb1fa1b155f611a871c655521de232eb27390fb65888fffb51efa35,True,True,False,0,data\반도체\동진쎄미켐\tech\source\dongjin_semichem_kipris_plus_bibliographic_raw.csv,,52
1020190103137,1020190103137,1020200034584,1020200034584,1028632160000,1028632160000,등록,등록,등록 등록,신규한 캡핑층용 화합물 및 이를 포함하는 유기 발광 소자,신규한 캡핑층용 화합물 및 이를 포함하는 유기 발광 소자,주식회사 동진쎄미켐,주식회사 동진쎄미켐,,20190822,2019,20200331,20200331,20250918,20250918,C07C 211/57|H10K 99/00|H10K 50/00,C07C 211/57|H10K 99/00|H10K 50/00,,,"본 발명은 신규한 캡핑층용 화합물 및 이를 포함하는 유기 발광 소자에 관한 것이다. 본 발명의 일 구현예에 따른 화합물은 아민을 중심으로 일측에 카바졸 및 다른 일측에 다이벤조퓨란, 다이벤조티오펜 또는 디알킬플루오렌으로 결합하여 가시광 영역을 흡수할 수 없는 넓은 밴드갭을 얻을 수 있고, 상기 카바졸 및 다이벤조퓨란, 다이벤조티오펜 또는 디알킬플루오렌이 연결기를 통해 아민과 결합하여 고 굴절률 유지하고, 상기 카바졸 및 다이벤조퓨란, 다이벤조티오펜 또는 디알킬플루오렌 이외에 아민의 또 다른 일측에 C 10 이상의 아릴기 또는 헤테로아릴기가 결합하여 굴절율 개선과 동시에 자외선 영역의 흡수파장 증대를 통한 외부 자외선 노출로부터 안정성이 개선되어, 고효율, 고색순도 및 장수명 유기 발광 소자를 구현할 수 있다. 또한 벌키 특성이 디아릴플루오렌보다 적은 다이벤조퓨란, 다이벤조티오펜 또는 디알킬플루오렌 및 상기 다이벤조퓨란, 다이벤조티오펜 또는 디알킬플루오렌과 구조가 상이한 카바졸을 포함하여 분자의 박막배열이 우수하고 비정질한 박막을 형성할 수 있어, 외부 공기 및 수분 차단을 통한 수명 향상과 동시에 높은 Tg 및 Td로 분자간 재결정화 방지 및 구동시 발생하는 열로부터 안정한 박막을 유지할 수 있다.",,,,http://plus.kipris.or.kr/openapi/fileToss.jsp?arg=6c650beb4cee9ce4122b704b88878c937cef927a07c26cf46482714d0c2c0f27145136f7a96e8ab5b219e745ae116ee19ecb98f134ad5528d6c1a1e07588a949fba5d11c168e0050,True,True,False,1,data\반도체\동진쎄미켐\tech\source\dongjin_semichem_kipris_plus_bibliographic_raw.csv,,53
1020190119083,1020190119083,1020210034445,1020210034445,1028631970000,1028631970000,등록,등록,등록 등록,신규 화합물 및 이를 포함하는 유기 발광 소자,신규 화합물 및 이를 포함하는 유기 발광 소자,주식회사 동진쎄미켐,주식회사 동진쎄미켐,,20190926,2019,20210330,20210330,20250918,20250918,C07D 307/91|C07D 333/76|C09K 11/06|H10K 99/00|H10K 50/00,C07D 307/91|C07D 333/76|C09K 11/06|H10K 99/00|H10K 50/00,,,"본 발명은 신규 화합물 및 이를 포함하는 유기 발광 소자에 관한 것으로, 본 발명의 일 구현예에 따른 신규 화합물은 유기 발광 소자에 적용되어 유기 발광 소자의 고효율, 장수명, 낮은 구동전압 및 구동 안정성을 확보할 수 있다.",,,,http://plus.kipris.or.kr/openapi/fileToss.jsp?arg=6c650beb4cee9ce4122b704b88878c937cef927a07c26cf46482714d0c2c0f2720021a282a55f8daf5be82f15d5e75b1987933e2a5226ec7995b3c2805f135edd8cbfa01d31801c2,True,True,False,1,data\반도체\동진쎄미켐\tech\source\dongjin_semichem_kipris_plus_bibliographic_raw.csv,,54
1020250079061,1020250079061,1020250096665,1020250096665,,,공개,공개,공개 공개,캡핑층을 포함하는 유기 발광 소자,캡핑층을 포함하는 유기 발광 소자,주식회사 동진쎄미켐,주식회사 동진쎄미켐,,20250616,2025,20250627,20250627,,,H10K 50/84|H10K 50/858|H10K 50/805|H10K 85/60|C09K 11/06|H10K 102/00,H10K 50/84|H10K 50/858|H10K 50/805|H10K 85/60|C09K 11/06|H10K 102/00,,,"본 발명은 캡핑층을 포함하는 유기 발광 소자로서, 상기 캡핑층은 450nm에서의 굴절률과 530nm에서의 굴절률 차이가 0.15 초과인 화합물을 포함하는 유기 발광 소자를 제공한다.",,,,http://plus.kipris.or.kr/openapi/fileToss.jsp?arg=6c650beb4cee9ce4122b704b88878c93077b17865ae086e1dcd4361b04d5eccc9875ca56f34c260c9d2b68f29db574d048438d7d72fe524f6ed6215b390ca3c0eb3adecead162545,False,False,False,1,data\반도체\동진쎄미켐\tech\source\dongjin_semichem_kipris_plus_bibliographic_raw.csv,,55
1020180091543,1020180091543,1020200016436,1020200016436,1026795200000,1026795200000,등록,등록,등록 등록,신규 화합물 및 이를 포함하는 유기발광 소자,신규 화합물 및 이를 포함하는 유기발광 소자,주식회사 동진쎄미켐,주식회사 동진쎄미켐,,20180807,2018,20200217,20200217,20240625,20240625,C07D 409/10|C07D 409/14|C07D 407/10|C07D 407/14|H10K 99/00|H10K 50/00,C07D 409/10|C07D 409/14|C07D 407/10|C07D 407/14|H10K 99/00|H10K 50/00,,,"본원은 신규한 화합물, 및 이를 포함하는 유기 발광 소자에 관한 것으로, 본 발명의 일 구현예에 따른 신규한 화합물은 유기 발광 소자에 적용되어 유기 발광 소자의 고효율, 장수명, 낮은 구동전압 및 구동 안정성을 확보할 수 있다.",,,,http://plus.kipris.or.kr/openapi/fileToss.jsp?arg=6c650beb4cee9ce4122b704b88878c936ea9bf80aaaf12537b67855217e3b1d0adca115e3464bfc6054769d135a88673152767eb6ff0052752e51a0d4150e79cca83255b9dacb7f0,True,True,False,1,data\반도체\동진쎄미켐\tech\source\dongjin_semichem_kipris_plus_bibliographic_raw.csv,,56
1020150068031,1020150068031,1020150132022,1020150132022,,,거절,거절,거절 거절,신규한 화합물 및 이를 포함하는 유기발광소자,신규한 화합물 및 이를 포함하는 유기발광소자,주식회사 동진쎄미켐,주식회사 동진쎄미켐,,20150515,2015,20151125,20151125,,,C07D 209/94|C07D 409/12|C07D 405/12|H10K 85/60|H10K 50/17|H10K 50/15,C07D 209/94|C07D 409/12|C07D 405/12|H10K 85/60|H10K 50/17|H10K 50/15,,,"본 발명의 신규한 화합물은 정공주입이 용이한 HOMO 에너지 레벨을 가지며, 전자를 차단할 수 있는 높은 LUMO 에너지 레벨을 가지며, 정공수송 특성이 우수하고, 유기발광소자에 정공주입층, 정공수송층 또는 정공수송보조층에 적용시 우수한 저전압, 고효율, 높은 Tg로 인한 안정성 및 장수명을 가지게 할 수 있다.",,,,http://plus.kipris.or.kr/openapi/fileToss.jsp?arg=2ba38663aa11ff0f6ca91af6061a2e009d6d99ad0f45a5235416b807a13d16d82e962caffa87bc481651a264349c681f4979374a69766e5781ddfc9c4eb9e487735a2b5f1efb4a9b,False,False,True,1,data\반도체\동진쎄미켐\tech\source\dongjin_semichem_kipris_plus_bibliographic_raw.csv,,57
1020180153121,1020180153121,1020200066064,1020200066064,1021913290000,1021913290000,소멸,소멸,소멸 소멸,발포제 및 이를 이용하여 형성된 발포체,발포제 및 이를 이용하여 형성된 발포체,주식회사 동진쎄미켐,주식회사 동진쎄미켐,,20181130,2018,20200609,20200609,20201209,20201209,C08J 9/10|C08J 9/00|C08K 3/16|C08K 9/12|C08K 3/22|C08K 3/34|C08K 9/04,C08J 9/10|C08J 9/00|C08K 3/16|C08K 9/12|C08K 3/22|C08K 3/34|C08K 9/04,,,"본 발명은 발포시 분해되어 암모니아를 발생시키는 발포 화합물 및 염화칼슘을 포함하는 암모니아 저감제를 포함하는 발포제에 관한 것으로, 발포 화합물의 발포시 발생되는 암모니아 가스를 효과적으로 저감시킴으로써, 경제적 측면, 친환경적 측면에서 우수한 발포제 및 이를 이용하여 형성된 발포체를 제공할 수 있다.",,,,,True,False,True,0,data\반도체\동진쎄미켐\tech\source\dongjin_semichem_kipris_plus_bibliographic_raw.csv,,58
1020130132996,1020130132996,1020150051478,1020150051478,,,거절,거절,거절 거절,포토레지스트 조성물 및 이를 이용한 박막 트랜지스터 표시판의 제조 방법,포토레지스트 조성물 및 이를 이용한 박막 트랜지스터 표시판의 제조 방법,삼성디스플레이 주식회사|주식회사 동진쎄미켐,삼성디스플레이 주식회사|주식회사 동진쎄미켐,,20131104,2013,20150513,20150513,,,G03F 7/038|G03F 7/26|H10D 30/67,G03F 7/038|G03F 7/26|H10D 30/67,,,"본 발명의 일 실시예에 따르면, 노볼락 수지; 디아지드계 감광성 화합물; 하기 화학식 1로 표시되는 계면활성제; 및 용매;를 포함하는 포토레지스트 조성물을 제공하며, 하기 식에서 R1 및 R2는 수소 또는 알킬기이다. [화학식 1]",,,,http://plus.kipris.or.kr/openapi/fileToss.jsp?arg=2ba38663aa11ff0f6ca91af6061a2e00d568e69eb614e9f67711787536fcafd4f69520a5db503e50b131dd918ffc7f92dc322ddc651acd0539243c26bfbb6b158ff50af945078b71,False,False,True,0,data\반도체\동진쎄미켐\tech\source\dongjin_semichem_kipris_plus_bibliographic_raw.csv,,59
1020090098057,1020090098057,1020110041052,1020110041052,,,취하,취하,취하 취하,세정액 조성물 및 이를 이용한 세정방법,세정액 조성물 및 이를 이용한 세정방법,주식회사 동진쎄미켐,주식회사 동진쎄미켐,,20091015,2009,20110421,20110421,,,C11D 7/00|C11D 7/06|C11D 7/34|C11D 11/00|C11D 7/10,C11D 7/00|C11D 7/06|C11D 7/34|C11D 11/00|C11D 7/10,,,"본 발명은 세정액 조성물 및 이를 이용한 세정방법에 관한 것으로, 특히 수산화 제4급암모늄 1-10 중량%; 알칼리 금속 또는 토금속 수산화물 0.01-1 중량%; 인산암모늄염 0.01-20 중량%; 머캅토 화합물 0.01-5 중량%; 및 잔량의 순수를 포함하는 세정액 조성물에 관한 것이다. 본 발명에 따른 세정액 조성물은 우수한 세정력을 가짐과 동시에, 금속막질의 부식을 방지하고, 인화성, 저장성 및 환경에 있어서도 문제가 없으며, 특히 기존 세정공정에서 쓰이는 알코올류, KOH, TMAH 희석액 화학물질을 대체할 수 있으며, 모든 층에서 탁월한 세정효과를 가진다. 티에프티 엘시디, 세정액 조성물, KOH, TMAH",,,,,False,False,True,0,data\반도체\동진쎄미켐\tech\source\dongjin_semichem_kipris_plus_bibliographic_raw.csv,,60
1020060014902,1020060014902,1020060106873,1020060106873,,,취하,취하,취하 취하,네가티브형 포토레지스트 조성물,네가티브형 포토레지스트 조성물,주식회사 동진쎄미켐,주식회사 동진쎄미켐,,20060216,2006,20061012,20061012,,,G03F 7/038|G03F 7/004|G03F 7/09|C11D 11/00|C09D 101/28,G03F 7/038|G03F 7/004|G03F 7/09|C11D 11/00|C09D 101/28,,,"본 발명은 네가티브형 포토레지스트 조성물에 관한 것으로, 특히 폴리(2-에틸-2-옥사졸린), 아지드계 감광제, 및 순수를 포함하는 것을 특징으로 하는 네가티브형 포토레지스트 조성물에 관한 것이다. 본 발명의 네가티브형 포토레지스트 조성물은 CRT용 B/M 제조공정, 섀도우 마스크 제조공정 등에 적용하여 Cr이 적용되는 포토레지스트를 대체하여 환경 유해성을 방지할 수 있고, 노광시 광흡수밴드가 공정조건에 맞게 광을 선택함으로써 감도를 증가시킬 수 있어 접착성 및 해상도가 우수한 도트/스트라이프(DOT/STRIPE)의 포토레지스트막을 얻을 수 있어 품질향상을 도모할 수 있다. 포토레지스트 조성물, 폴리(2-에틸-2-옥사졸린), 아지드계 감광제, CRT, 섀도우 마스크",,,,,False,False,True,0,data\반도체\동진쎄미켐\tech\source\dongjin_semichem_kipris_plus_bibliographic_raw.csv,,61
1020040016654,1020040016654,1020050091303,1020050091303,,,거절,거절,거절 거절,분광기를 이용한 박리액 조성물 관리 방법 및 장치,분광기를 이용한 박리액 조성물 관리 방법 및 장치,주식회사 동진쎄미켐,주식회사 동진쎄미켐,,20040311,2004,20050915,20050915,,,G03F 7/42|C11D 11/00|G03F 7/34|G03F 7/32,G03F 7/42|C11D 11/00|G03F 7/34|G03F 7/32,,,"반도체소자, 액정표시장치소자 등을 제조하기 위한 리쏘그래피 공정의 포토레지스트막 박리 공정에 사용되는 박리액 성분을 분광기를 이용하여 실시간으로 자동 분석하여, 포토레지스트막 박리 공정 및 박리액 조성물을 관리하는 방법 및 장치가 개시된다. 상기 관리 장치는 반도체 또는 액정표시장치 제조 공정의 박리액 저장 탱크에 연결되어 있으며, 상기 박리액 저장 탱크 내의 박리액 성분 농도를 분석하기 위한 분광기를 포함하는 분석시스템; 및 상기 분석시스템의 분석 결과에 따라 상기 박리액 저장 탱크 내의 박리액 성분을 보충하기 위한 박리액 성분 추가장치를 포함한다. 또한 상기 관리 방법은 반도체 또는 액정표시장치 제조 공정의 박리액 저장 탱크 내에 존재하는 박리액 성분의 각 농도를 분광기를 이용하여 분석하는 단계; 및 상기 분광기의 분석 결과에 따라 부족한 박리액 성분을 박리액 저장 탱크로 공급하여, 박리액 성분을 조절하는 단계를 포함한다. 반도체소자, 박리, 포토레지스트, 박리액, 분광기, 성분 농도",,,,http://plus.kipris.or.kr/openapi/fileToss.jsp?arg=452306798ef1fd035bfb5ff666db4c9ccf2ab65a398793482399478b05b0152dc47a4e0e9e7d45ae79ebab07235d49e8,False,False,True,2,data\반도체\동진쎄미켐\tech\source\dongjin_semichem_kipris_plus_bibliographic_raw.csv,,62
1020070026497,1020070026497,1020080085274,1020080085274,,,거절,거절,거절 거절,포토레지스트 제거용 박리액 조성물,포토레지스트 제거용 박리액 조성물,주식회사 동진쎄미켐|삼성디스플레이 주식회사,주식회사 동진쎄미켐|삼성디스플레이 주식회사,,20070319,2007,20080924,20080924,,,G03F 7/42|C11D 11/00|C11D 3/20|G03F 7/039|G03F 7/038,G03F 7/42|C11D 11/00|C11D 3/20|G03F 7/039|G03F 7/038,,,"본 발명은 포토레지스트 제거용 박리액 조성물에 관한 것으로, 보다 상세하게는 모노에탄올아민10 내지 30 중량%, 디에틸렌글리콜 모노메틸에테르10 내지 40 중량% 및 디메틸설폭사이드 40 내지 80 중량%를 포함하는 레지스트 제거용 박리액 조성물을 제공한다. 본 발명의 포토레지스트 제거용 박리액 조성물은 반도체 제조공정에서 사용되는 포지티브형 레지스트 및 네가티브형 레지스트를 동시에 제거 가능하여 경제적이며, 레지스트 제거능 또한 매우 우수하다. 포토레지스트 제거용 박리액 조성물, 스트리퍼, 포지티브형 레지스트, 네가티브형 레지스트, 동시 제거",,,,,False,False,True,1,data\반도체\동진쎄미켐\tech\source\dongjin_semichem_kipris_plus_bibliographic_raw.csv,,63
1020040037385,1020040037385,1020050112333,1020050112333,1011428680000,1011428680000,소멸,소멸,소멸 소멸,포토레지스트 제거용 씬너 조성물,포토레지스트 제거용 씬너 조성물,주식회사 동진쎄미켐,주식회사 동진쎄미켐,,20040525,2004,20051130,20051130,20120427,20120427,G03F 7/42|C11D 11/00|C11D 3/04|C11D 7/50|G03F 7/32|G03F 7/16,G03F 7/42|C11D 11/00|C11D 3/04|C11D 7/50|G03F 7/32|G03F 7/16,,,"본 발명은 포토레지스트 제거용 씬너 조성물에 관한 것으로, 특히 a) 알킬렌글리콜 모노알킬 에테르 아세테이트 1 내지 80 중량부; b) N-메틸 아세트 아마이드, 디메틸 아세트 아마이드로 이루어지는 군으로부터 1 종 이상 선택되는 알킬 아마이드 1 내지 98 중량부; 및 c) 알킬 에타노에이트 1 내지 80 중량부로 이루어지는 포토레지스트 제거용 씬너 조성물에 관한 것이다. 본 발명의 포토레지스트 제거용 씬너 조성물은 액정 디스플레이 디바이스에 사용되는 글라스 기판 및 반도체 제조에 사용되는 웨이퍼의 가장자리와 후면 부위에 사용되어 불필요하게 부착되어진 포토레지스트를 단시간에 효율적으로 제거할 수 있을 뿐만 아니라, 다양한 공정, 특히 Spin-less PR 공정에 적용 가능하고, 제조공정을 간편화하며 경제적으로 생산수율을 향상시킬 수 있다. 씬너 조성물, 알킬 아마이드, 알킬 에타노에이트, 알킬렌글리콜 모노알킬 에테르 아세테이트",,,,,True,False,True,3,data\반도체\동진쎄미켐\tech\source\dongjin_semichem_kipris_plus_bibliographic_raw.csv,,64
1020170148902,1020170148902,1020190052985,1020190052985,1026203540000,1026203540000,등록,등록,등록 등록,"감광성 고분자, 이를 이용한 포토레지스트 조성물 및 패턴형성 방법","감광성 고분자, 이를 이용한 포토레지스트 조성물 및 패턴형성 방법",주식회사 동진쎄미켐,주식회사 동진쎄미켐,,20171109,2017,20190517,20190517,20231228,20231228,G03F 7/038|G03F 7/004|G03F 7/26|G03F 7/20|C08F 220/06|C08F 212/14|C08F 220/26,G03F 7/038|G03F 7/004|G03F 7/26|G03F 7/20|C08F 220/06|C08F 212/14|C08F 220/26,,,"디스플레이, 반도체 및 MEMS 공정에서 사용되는 감광성 고분자, 이를 이용한 포토레지스트 조성물 및 이를 이용한 패턴형성 방법이 개시된다. 하기 화학식 1로 표시되는 반복단위, 화학식 2로 표시되는 반복단위 및 화학식 3으로 표시되는 반복단위를 포함하는 고분자를 제공한다. [화학식 1] [화학식 2] [화학식 3] 상기 화학식 1, 화학식 2 및 화학식 3에서, R 1 은 각각 독립적으로 수소 원자 또는 메틸기이고, R 3 는 탄소수 1 내지 40의 탄화수소기로써, 산소, 황 및 질소로 이루어진 군으로부터 선택되는 헤테로 원자를 하나 이상 포함할 수 있고, a, b, c는 고분자를 구성하는 반복단위의 몰%로써, a는 5 내지 30 몰%, b는 40 내지 90 몰%, c는 5 내지 30 몰%이다.",,,,,True,True,False,1,data\반도체\동진쎄미켐\tech\source\dongjin_semichem_kipris_plus_bibliographic_raw.csv,,65
1020050067805,1020050067805,1020070013475,1020070013475,,,취하,취하,취하 취하,포토레지스트 제거용 씬너 조성물,포토레지스트 제거용 씬너 조성물,주식회사 동진쎄미켐,주식회사 동진쎄미켐,,20050726,2005,20070131,20070131,,,G03F 7/42|C11D 3/04|C11D 11/00|G03F 7/16|G03F 7/075,G03F 7/42|C11D 3/04|C11D 11/00|G03F 7/16|G03F 7/075,,,"본 발명은 반도체 소자 또는 액정표시장치의 제조공정에서 사용되는 포토레지스트 제거용 씬너 조성물에 관한 것으로, 상기 조성물은 a) 알킬렌글리콜 모노알킬에테르; 및 b) 알킬 에타노에이트를 포함한다. 본 발명의 씬너 조성물은 비이온계 계면활성제로서 c) 플루오리네이티드 아크릴릭 코폴리머를 더 포함할 수 있다. 본 발명의 포토레지스트 제거용 씬너 조성물은 액정표시장치와 유기EL의 제조에 사용되는 글래스 기판, 및 반도체 제조에 사용되는 웨이퍼에서 포토레지스트 종류에 무관하게 가장자리와 후면 부위에 사용되어 불필요하게 부착된 포토레지스트를 단시간에 효율적으로 제거할 수 있다. 씬너 조성물, 알킬 에타노에이트",,,,,False,False,True,4,data\반도체\동진쎄미켐\tech\source\dongjin_semichem_kipris_plus_bibliographic_raw.csv,,66
1020040046031,1020040046031,1020050120914,1020050120914,,,거절,거절,거절 거절,레지스트 제거용 조성물,레지스트 제거용 조성물,주식회사 동진쎄미켐,주식회사 동진쎄미켐,,20040621,2004,20051226,20051226,,,G03F 7/42|C11D 3/20|C11D 3/04|C11D 1/52|C11D 11/00,G03F 7/42|C11D 3/20|C11D 3/04|C11D 1/52|C11D 11/00,,,"본 발명은 전자회로 또는 표시소자의 금속배선을 패턴하는 레지스트 제거용 조성물에 관한 것으로, 상기 레지스트 제거용 조성물은 알킬렌 카보네이트와, 3차 아민 및 산화제 중 적어도 어느 하나를 포함한다. 본 발명의 레지스트 제거용 조성물은 패턴된 금속막의 상부에 잔류하는 레지스트를 제거하는 제거력이 우수하고, 고온에서 휘발에 따른 조성변화 및 약액 피로도가 미세하며, 패턴된 금속막의 부식을 최소화 할 수 있는 장점이 있다. 레지스트 제거용 조성물, 알킬렌 카보네이트, 3차 아민, 산화제",,,,http://plus.kipris.or.kr/openapi/fileToss.jsp?arg=452306798ef1fd035bfb5ff666db4c9ccf2ab65a398793484c0e899bcddea06904e7db269fad492cee0fa0f64b25331a,False,False,True,1,data\반도체\동진쎄미켐\tech\source\dongjin_semichem_kipris_plus_bibliographic_raw.csv,,67
1020100099703,1020100099703,1020110046275,1020110046275,,,거절,거절,거절 거절,포토레지스트 패턴 세정 및 보호막 형성용 조성물,포토레지스트 패턴 세정 및 보호막 형성용 조성물,주식회사 동진쎄미켐,주식회사 동진쎄미켐,,20101013,2010,20110504,20110504,,,G03F 7/42|C11D 11/00|G03F 7/00|G03F 7/20,G03F 7/42|C11D 11/00|G03F 7/00|G03F 7/20,,,"이중 노광 패터닝 공정에서, 포토레지스트 패턴 세정 및 세정 후 가열에 의해 포토레지스트 패턴 위에 보호막을 형성시킬 수 있는 포토레지스트 패턴 세정 및 보호막 형성용 조성물 및 이를 이용한 반도체 소자의 미세 패턴 형성 방법이 개시된다. 상기 포토레지스트 패턴 세정 및 보호막 형성용 조성물은 본 명세서의 화학식 1 내지 화학식 3으로 표시되는 화합물로 이루어진 군으로부터 선택되는 하나 이상의 가교제; 및 용매를 포함한다. 상기 화학식 1 내지 3에서, R 1 은 헤테로 원자를 0 내지 10개 포함하는 탄소수 1 내지 15의 사슬형, 분지형 또는 고리형 탄화수소기이고, R 2 는 탄소수 1 내지 10의 사슬형, 분지형 또는 고리형 탄화수소기이고, R 3 는 존재하지 않거나, 헤테로 원자를 0 내지 5개 포함하는 탄소수 1 내지 10의 사슬형, 분지형 또는 고리형 탄화수소기이고, R 4 및 R 5 는 각각 독립적으로 수소 또는 헤테로 원자를 0 내지 5개 포함하는 탄소수 1 내지 6의 사슬형, 분지형 또는 고리형 탄화수소기이고, R 4 및 R 5 는 서로 연결되어 고리를 형성할 수 있으며, n은 2 내지 6의 정수, p는 10 내지 250의 정수, q는 1 내지 140의 정수이다.",,,,http://plus.kipris.or.kr/openapi/fileToss.jsp?arg=452306798ef1fd03bf8e5ba4e1dbf726f6becc522431e99f5403120e9e21c3ea1dcd1940d5dbccbdda2d7764c957d450a7c119d7e5c945ef270e9458986e98f427cb676be35338c1,False,False,True,2,data\반도체\동진쎄미켐\tech\source\dongjin_semichem_kipris_plus_bibliographic_raw.csv,,68
1019960023200,1019960023200,1019980003887,1019980003887,1001843070000,1001843070000,소멸,소멸,소멸 소멸,포토레지스트 박리액 조성물,포토레지스트 박리액 조성물,주식회사 동진쎄미켐,주식회사 동진쎄미켐,,19960624,1996,19980330,19980330,19981218,19981218,G03F 7/42|G03F 7/039|G03F 7/022|C11D 11/00|C11D 7/26|C11D 7/32|C11D 7/50,G03F 7/42|G03F 7/039|G03F 7/022|C11D 11/00|C11D 7/26|C11D 7/32|C11D 7/50,,,"본 발명은 에칭처리 등으로 변질된 포토레지스트 패턴막에 대해 우수한 용해성과 박리성을 가지며 물과 혼합하여 린스(Rinse)액으로 사용시 알루미늄 또는 구리기판에 대한 부식이 적고 증발량이 적어 작업환경에 나쁜 영향을 미치지 않을 뿐아니라 안전성이 높으며 린스처리도 물로 가능하고, 특히 저온 박리성이 우수하여 실용성이 높은 포토레지스트 박리액 조성물에 관한 것이다. 본 발명의 포지형 포토레지스트 박리액 조성물은 지방족아민 10~50wt%, 에틸렌글리콜모노알킬에텔 0~70wt%, 비양자성 극성용제 20~90wt%, 알킬아릴폴리옥시에틸렌에텔 0.01~10wt%로 조성된다.",,,,http://plus.kipris.or.kr/openapi/fileToss.jsp?arg=452306798ef1fd035bfb5ff666db4c9c6468d92a0531fdc40f824d77d753d6a1c3f62d54d373dc68eeb5ff64662df5ed,True,False,True,1,data\반도체\동진쎄미켐\tech\source\dongjin_semichem_kipris_plus_bibliographic_raw.csv,,69
1020010059746,1020010059746,1020030026665,1020030026665,,,거절,거절,거절 거절,포토레지스트 리무버 조성물,포토레지스트 리무버 조성물,주식회사 동진쎄미켐,주식회사 동진쎄미켐,,20010926,2001,20030403,20030403,,,G03F 7/42|C11D 11/00|G03F 7/34|G03F 7/004|G03F 7/30,G03F 7/42|C11D 11/00|G03F 7/34|G03F 7/004|G03F 7/30,,,"본 발명은 포토레지스트 리무버 조성물에 관한 것으로서, 보다 상세하게는 (a) 수용성 유기 아민 화합물 10 ∼ 50 중량%; (b) 에틸렌글리콜 메틸에테르, 에틸렌글리콜 에틸에테르, 에틸렌글리콜 부틸에테르, 디에틸렌글리콜 메틸에테르, 디에틸렌글리콜 에틸에테르, 디에틸렌글리콜 부틸에테르, 및 디부틸렌 글리콜로 이루어지는 군으로부터 1 종 이상 선택되는 수용성 글리콜 용제 30 ∼ 80 중량%; 및 (c) 물 10 ∼ 30 중량%를 포함하는 조성물 100 중량부에 대하여 (d) 트리아졸계 부식방지제 1 ∼ 10 중량부를 포함하여 반도체 장치 및 액정 표시장치 제조시 포토리소그래피 공정의 기판상에 부착되어 있는 레지스트를 제거하기에 적합한 포토레지스트 리무버 조성물에 관한 것이다. 수용성 유기 아민 화합물, 수용성 글리콜 용제, 포토레지스트 리무버 조성물",,,,,False,False,True,2,data\반도체\동진쎄미켐\tech\source\dongjin_semichem_kipris_plus_bibliographic_raw.csv,,70
1020160111736,1020160111736,1020180024827,1020180024827,,,거절,거절,거절 거절,전도성 조성물 및 이를 이용한 전도성 적층체,전도성 조성물 및 이를 이용한 전도성 적층체,주식회사 동진쎄미켐,주식회사 동진쎄미켐,,20160831,2016,20180308,20180308,,,H01B 1/22|H01B 1/24|H01B 1/12|C08K 3/04|C08K 3/08,H01B 1/22|H01B 1/24|H01B 1/12|C08K 3/04|C08K 3/08,,,"내수성 및 내화학성이 우수하고, 상온, 고온 및 고습의 환경에 노출되어도 면저항 및 과학적 특성이 저하되지 않는 전도성 조성물 및 이를 이용한 전도성 적층체가 개시된다. 상기 전도성 조성물은 도전성 소재; 열경화 바인더; 블로킹 된 경화제; 및 용매;를 포함한다.",,,,http://plus.kipris.or.kr/openapi/fileToss.jsp?arg=2ba38663aa11ff0f6ca91af6061a2e003eb3eea75b67e20898241e65be2c079f3fd7bc00318d02a30cf807af2ae81d98df316a7258d24830ab895afdfef116992b5031d3e914d77e,False,False,True,1,data\반도체\동진쎄미켐\tech\source\dongjin_semichem_kipris_plus_bibliographic_raw.csv,,71
1020040013113,1020040013113,1020050087357,1020050087357,,,거절,거절,거절 거절,포토레지스트 박리액 조성물,포토레지스트 박리액 조성물,주식회사 동진쎄미켐,주식회사 동진쎄미켐,,20040226,2004,20050831,20050831,,,G03F 7/42|C11D 11/00|C11D 7/32|G02F 1/1343,G03F 7/42|C11D 11/00|C11D 7/32|G02F 1/1343,,,"본 발명은 포토레지스트 박리액 조성물에 관한 것으로, 지방족 유기아민, 글리콜에테르류 용매 및 비양자성 극성 용매 등으로 구성된 2성분계 이상의 포토레지스트 박리액 조성물을 제공한다. 본 발명의 포토레지스트 박리액 조성물은 박리성이 우수하고 특히 금속배선에서의 부식이 없어 LCD 모듈과 반도체 제작 등에 사용되기에 효과적이다. 박리성, 부식, 포토레지스트 박리액 조성물",,,,,False,False,True,1,data\반도체\동진쎄미켐\tech\source\dongjin_semichem_kipris_plus_bibliographic_raw.csv,,72
1020060002683,1020060002683,1020070074746,1020070074746,,,거절,거절,거절 거절,레지스트 제거용 조성물,레지스트 제거용 조성물,주식회사 동진쎄미켐,주식회사 동진쎄미켐,,20060110,2006,20070718,20070718,,,G03F 7/42|G03F 7/038|C11D 3/20|C11D 11/00|C11D 3/04|G03F 7/039|G03F 7/32,G03F 7/42|G03F 7/038|C11D 3/20|C11D 11/00|C11D 3/04|G03F 7/039|G03F 7/32,,,"본 발명은 레지스트 제거용 조성물에 관한 것으로서, 보다 상세하게는 산소이중 결합을 갖는 고리형 화합물, 글리콜계 화합물, 및 카보네이트계 화합물로 이루어진 군에서 선택되는 화합물을 이용하는 레지스트 제거용 조성물에 관한 것이다. 본 발명의 레지스트 제거용 조성물은 락톤계 화합물, 아민 또는 유기산, 산화제, 또는 이들의 혼합물을 더 포함할 수 있다. 본 발명의 레지스트 제거용 조성물은 전자회로 또는 표시소자의 금속배선을 패턴하는 레지스트(resist) 제거에 사용되어, 패턴된 금속막의 상부에 잔류하는 레지스트를 제거하는 제거력이 우수하고, 고온에서 휘발에 따른 조성변화 및 약액 피로도가 미세하며, 패턴된 금속막의 부식을 최소화 할 수 있다. 레지스트 제거용 조성물, 용매, 락톤계 화합물, 산화제, 아민 또는 유기산",,,,http://plus.kipris.or.kr/openapi/fileToss.jsp?arg=452306798ef1fd035bfb5ff666db4c9cfe49d03e6a3dce0146264293a09d9dc8dfef07084ce7403affaef89ad1158dca,False,False,True,1,data\반도체\동진쎄미켐\tech\source\dongjin_semichem_kipris_plus_bibliographic_raw.csv,,73
1020080110624,1020080110624,1020100051451,1020100051451,1013758490000,1013758490000,소멸,소멸,소멸 소멸,잉크 조성물 및 이를 이용한 액정표시장치의 제조방법,잉크 조성물 및 이를 이용한 액정표시장치의 제조방법,엘지디스플레이 주식회사|주식회사 동진쎄미켐,엘지디스플레이 주식회사|주식회사 동진쎄미켐,,20081107,2008,20100517,20100517,20140310,20140310,C09D 11/02|G02B 5/20|G02F 1/133,C09D 11/02|G02B 5/20|G02F 1/133,,,"본 발명의 잉크 조성물 및 이를 이용한 액정표시장치의 제조방법은 임프린트 리소그래피(imprint lithography) 및 롤 프린트(roll print)공정을 이용하여 액정표시장치의 패턴을 형성하는데 있어, 고온에도 견딜 수 있는 고분자 수지 및 첨가제를 포함하는 고내열성 잉크 조성물을 이용함으로써 패턴의 선폭 및 선 간격을 일정하게 유지시켜 정밀한 미세 패턴을 형성하기 위한 것으로, 노블락 수지 5 내지 45 중량부; 열적 안정성을 유지하기 위해 첨가하며, 말단이 -OH기로 이루어져 있는 메틸갈레이트 또는 프로필갈레이트의 저분자 첨가제 5 내지 45 중량부; 및 유기용매 50 내지 90 중량부를 포함하며, 상기 저분자 첨가제의 열정 안정성으로 인해 90 ~ 250℃의 고온에서 열처리 후에도 패턴의 선폭의 변화가 없는 것을 특징으로 한다. 잉크 조성물, 임프린트 리소그래피, 롤 프린트, 고분자 수지, 첨가제",,,,http://plus.kipris.or.kr/openapi/fileToss.jsp?arg=2ba38663aa11ff0f6ca91af6061a2e00764a657db17909001c7ed09d0c99166760213ca8934b349d430f1a48996110fbdeebd659d98b61b601e5ef8cddf95bff5566279acbe2c4ab,True,False,True,0,data\반도체\동진쎄미켐\tech\source\dongjin_semichem_kipris_plus_bibliographic_raw.csv,,74
1020160168600,1020160168600,1020180067153,1020180067153,,,거절,거절,거절 거절,트리아미노 구아니딘 염 화합물을 포함하는 발포제 조성물,트리아미노 구아니딘 염 화합물을 포함하는 발포제 조성물,주식회사 동진쎄미켐,주식회사 동진쎄미켐,,20161212,2016,20180620,20180620,,,C08K 5/31|C08J 9/10|C08J 3/22|C08L 101/00,C08K 5/31|C08J 9/10|C08J 3/22|C08L 101/00,,,"본 발명은 트리아미노 구아니딘 염 화합물, 이의 제조 방법 및 이를 포함하는 발포제 조성물에 관한 것으로, 종래 발포제 화합물에 비해 개선된 발포 성능을 가지면서도 유해가스인 포름아미드 및 암모니아 가스를 생성하지 않는다.",,,,http://plus.kipris.or.kr/openapi/fileToss.jsp?arg=2ba38663aa11ff0f6ca91af6061a2e0054f44c78882dbe91f778cc0bf7bc8b995a8e3e888822121a6d05be1f31cfac79ff58599252f059cf17363ff0bdc3bed81c80b7d53e858997,False,False,True,0,data\반도체\동진쎄미켐\tech\source\dongjin_semichem_kipris_plus_bibliographic_raw.csv,,75
1020180064389,1020180064389,1020180133230,1020180133230,1026046980000,1026046980000,등록,등록,등록 등록,높은 식각비를 갖는 유기 반사 방지막 형성용 조성물,높은 식각비를 갖는 유기 반사 방지막 형성용 조성물,주식회사 동진쎄미켐,주식회사 동진쎄미켐,,20180604,2018,20181213,20181213,20231116,20231116,G03F 7/09|G03F 7/11|G03F 7/004|C09D 175/06,G03F 7/09|G03F 7/11|G03F 7/004|C09D 175/06,,,"반사방지 기능을 가지면서, 공정의 단순화에 유용하고, 패턴 프로파일이 우수한, 높은 식각비를 갖는 유기반사방지막 형성용 조성물 및 그 형성방법이 개시된다. 상기 유기반사방지막 형성용 조성물은 하기 화학식 1-1, 화학식 1-2 및 화학식 1-3 로 표시되는 반복단위를 포함하는 반사방지 고분자; 하기 화학식 2로 표시되는 부분을 하나 이상 포함하는 이소시아누레이트 화합물; 및 상기 성분들을 용해시키는 유기 용매를 포함한다. [화학식 1-1] [화학식 1-2] [화학식 1-3] [화학식 2] 상기 화학식 1-1 내지 1-3에서 R 1 은 수소 또는 메틸기이고, R 2 는 수소, 메틸기 또는 0 내지 2의 헤테로원자를 포함하는 탄소수 1 내지 5의 탄화수소기이고, R 3 는 발색단을 포함하지 않는 0 내지 2의 헤테로원자를 포함하는 탄소수 1 내지 12의 탄화수소기이고, R 4 는, 0 내지 2의 헤테로원자를 포함하는 탄소수 6 내지 20의 사슬형 또는 고리형의 포화 또는 불포화 탄화수소기로 발색단을 포함하는 탄화수소기이며, 상기 화학식 2에서, R은 수소 또는 메틸기이고, R'는 각각 독립적으로 0 내지 6개의 헤테로원자를 포함하는 탄소수 1 내지 15의 사슬형 또는 탄소수 3 내지 15의 고리형의 포화 또는 불포화 탄화수소기이고, R""는 각각 독립적으로 0 내지 8개의 헤테로원...(이하생략)",,,,http://plus.kipris.or.kr/openapi/fileToss.jsp?arg=6c650beb4cee9ce4122b704b88878c935f29277ba2e6efc1fbffc9e4e45eeb9422e8797b3f9f024d55b94b05ece432a98e7b6eab9ca473717ded068d54f07f5119eda88cca3a8b79,True,True,False,0,data\반도체\동진쎄미켐\tech\source\dongjin_semichem_kipris_plus_bibliographic_raw.csv,,76
1020030035683,1020030035683,1020040104161,1020040104161,1009513640000,1009513640000,소멸,소멸,소멸 소멸,포토레지스트 제거용 씬너 조성물,포토레지스트 제거용 씬너 조성물,주식회사 동진쎄미켐,주식회사 동진쎄미켐,,20030603,2003,20041210,20041210,20100330,20100330,G03F 7/42|G03F 7/16|G03F 7/32,G03F 7/42|G03F 7/16|G03F 7/32,,,"본 발명은 반도체 소자 및 액정 디스플레이 소자의 제조공정에서 사용되는 포토레지스트 제거용 씬너(thinner) 조성물에 관한 것으로, 보다 상세하게는 a) 프로필렌글리콜 모노알킬에테르(propyleneglycol monoalkyl ether); b) 알킬 에타노에이트(alkyl ethanoate); 및 c) 씨클로 펜타논, 씨클로 헥사논, 및 시클로 헵타논으로 이루어진 군으로부터 1 종 이상 선택되는 씨클로 케톤(cyclo ketone)을 포함하는 씬너 조성물에 관한 것이다. 본 발명의 씬너 조성물은 d) 폴리에틸렌옥사이드계 계면활성제, 및 e) 플루오리네이티드 아크릴릭 코폴리머로 이루어진 군으로부터 1 종 이상 선택되는 화합물을 더욱 포함할 수 있다. 본 발명에 따른 포토레지스트 제거용 씬너 조성물은 액정 디스플레이 디바이스와 유기EL의 제조에 사용되는 기판 글래스 기판, 및 반도체 제조에 사용되는 웨이퍼의 가장자리와 후면 부위에 사용되어 불필요하게 부착되어진 포토레지스트를 단시간에 효율적으로 제거할 수 있고, 계면의 단차를 줄이며 특히 포토레지스트에 대한 계면침투현상을 억제할 수 있어 다양한 공정에 적용 가능하게 하고 경제적인 사용은 물론, 제조공정의 간편화 및 생산수율을 향상시킬 수 있는 효과가 있다. 씬너 조성물, 프로필렌글리콜 모노알킬에테르, 폴리에틸렌옥사이드계 축합물, 플루오리네이티...(이하생략)",,,,,True,False,True,4,data\반도체\동진쎄미켐\tech\source\dongjin_semichem_kipris_plus_bibliographic_raw.csv,,77
1020160086880,1020160086880,1020170007185,1020170007185,1026095350000,1026095350000,등록,등록,등록 등록,포토레지스트 패턴 코팅용 조성물 및 이를 이용한 미세 패턴 형성 방법,포토레지스트 패턴 코팅용 조성물 및 이를 이용한 미세 패턴 형성 방법,주식회사 동진쎄미켐,주식회사 동진쎄미켐,,20160708,2016,20170118,20170118,20231129,20231129,G03F 7/11|G03F 7/40,G03F 7/11|G03F 7/40,,,"포토레지스트 패턴 표면에 코팅막을 형성하여 포토레지스트 패턴의 선폭을 축소할 수 있는 포토레지스트 패턴 코팅용 조성물 및 이를 이용한 미세 패턴 형성 방법이 개시된다. 상기 포토레지스트 패턴 코팅용 조성물은, 화학식 1로 표시되는 반복단위를 포함하는 고분자 수지, 화학식 2로 표시되는 산성 가교제 및 용매를 포함한다.",,,,http://plus.kipris.or.kr/openapi/fileToss.jsp?arg=6c650beb4cee9ce4122b704b88878c93ebb61319f4bbac3451cb5eefe8eb62587141f7e516b9fac9cbf9bfd7acfabf6a255637e7400ee49e8aff1a1dec00437811896fc08934f2c5,True,True,False,0,data\반도체\동진쎄미켐\tech\source\dongjin_semichem_kipris_plus_bibliographic_raw.csv,,78
1020230060555,1020230060555,1020230158419,1020230158419,,,공개,공개,공개 공개,금속막 형성용 전구체 화합물 및 이를 이용한 금속막,금속막 형성용 전구체 화합물 및 이를 이용한 금속막,주식회사 동진쎄미켐,주식회사 동진쎄미켐,,20230510,2023,20231120,20231120,,,C23C 16/455|C23C 16/18|C23C 16/34|C07F 11/00,C23C 16/455|C23C 16/18|C23C 16/34|C07F 11/00,,,"본 발명은 기판 또는 반응 가스와의 반응성이 우수하고, 높은 휘발성을 가지며, 넓은 온도 구간, 특히 저온에서도, 불순물 함량이 낮은 금속 박막을 형성할 수 있는 몰리브덴을 포함한 금속막 형성용 전구체 화합물 및 이를 이용한 금속막에 관한 것이다.",,,,http://plus.kipris.or.kr/openapi/fileToss.jsp?arg=6c650beb4cee9ce4122b704b88878c93a2d678329cfea7459f4b409ed5d921f54f5af9ab6a594a2fcbbe4d1ad26243c3432bf8aff0c3bb4a0c0c02c8c3e1f6e92e7624fb718fa3bb,False,False,False,2,data\반도체\동진쎄미켐\tech\source\dongjin_semichem_kipris_plus_bibliographic_raw.csv,,79
1020180065105,1020180065105,1020190138535,1020190138535,1026028540000,1026028540000,등록,등록,등록 등록,폴리이미드 조성물 및 이를 이용하여 제조한 자외선 안정성이 우수한 폴리이미드 필름,폴리이미드 조성물 및 이를 이용하여 제조한 자외선 안정성이 우수한 폴리이미드 필름,주식회사 동진쎄미켐,주식회사 동진쎄미켐,,20180605,2018,20191213,20191213,20231113,20231113,C08J 5/18|C08L 79/08|C08K 5/3475|C08K 5/3495|C08K 5/00|C08K 5/1545,C08J 5/18|C08L 79/08|C08K 5/3475|C08K 5/3495|C08K 5/00|C08K 5/1545,,,"디스플레이에 사용되는 폴리이미드 조성물 및 이를 이용하여 제조한 자외선 안정성이 우수한 폴리이미드계 필름이 개시된다. 상기 폴리이미드 또는 폴리아마이드-이미드 공중합체; 및 2-하이드록시페닐벤조트리아졸 유도체, 2-하이드록시페닐트리아진 유도체, 힌더드 아민 유도체 및 이들의 혼합물로 이루어진 군으로부터 1종 이상 선택되는 광 안정제; 를 포함하고, 상기 광 안정제는 폴리이미드 또는 폴리아마이드-이미드 공중합체 100 중량부에 대하여, 0.01 내지 6 중량부인 폴리이미드계 필름을 제공한다.",,,,,True,True,False,0,data\반도체\동진쎄미켐\tech\source\dongjin_semichem_kipris_plus_bibliographic_raw.csv,,80
1020100028731,1020100028731,1020110109139,1020110109139,1017006150000,1017006150000,소멸,소멸,소멸 소멸,"금속 나노입자의 제조방법, 이에 의해 제조된 금속 나노입자 및 이를 포함하는 금속 잉크 조성물","금속 나노입자의 제조방법, 이에 의해 제조된 금속 나노입자 및 이를 포함하는 금속 잉크 조성물",주식회사 동진쎄미켐,주식회사 동진쎄미켐,,20100330,2010,20111006,20111006,20170123,20170123,B22F 9/24|B22F 1/00|C09D 11/52|G02F 1/13,B22F 9/24|B22F 1/00|C09D 11/52|G02F 1/13,,,"본 발명은 금속 나노입자의 제조방법, 이에 의해 제조된 금속 나노입자 및 이를 포함하는 금속 잉크 조성물에 관한 것으로서, 본 발명의 제조방법에 의해 프린팅 성능(전사 특성) 및 패턴 형성 안정성이 우수하며 저온 소성이 가능한 금속 나노입자를 고수율로 제조할 수 있다. 또한 상기 금속 나노입자는 각종 전자 기기에서의 연성인쇄회로기판 또는 액정표시장치의 게이트 전극 형성용 잉크에 유용하게 적용될 수 있다.",,,,http://plus.kipris.or.kr/openapi/fileToss.jsp?arg=2ba38663aa11ff0f6ca91af6061a2e004615b069a8287d5f6eb2ce9d2a1c2e5f0df54ae52980b027ff6e4882205d590f6f522a3a0111d0d078835b9f24c91093c3867ae3aea15486,True,False,True,1,data\반도체\동진쎄미켐\tech\source\dongjin_semichem_kipris_plus_bibliographic_raw.csv,,81
1020030026517,1020030026517,1020040092267,1020040092267,1009037670000,1009037670000,소멸,소멸,소멸 소멸,LCD 흑색 컬러 레지스트용 감광성 수지 조성물,LCD 흑색 컬러 레지스트용 감광성 수지 조성물,주식회사 동진쎄미켐,주식회사 동진쎄미켐,,20030425,2003,20041103,20041103,20090612,20090612,G03F 7/027|G03F 7/00|G03F 7/032|G03F 7/033|G03F 7/075|G03F 7/031|G03F 7/023,G03F 7/027|G03F 7/00|G03F 7/032|G03F 7/033|G03F 7/075|G03F 7/031|G03F 7/023,,,"본 발명은 알칼리 수용액에서 현상이 가능한 안료를 포함하는 감광성 수지 조성물에 관한 것으로, 더욱 상세하게는 빛에 의해 경화될 수 있는 산변성 비스페놀 에폭시 아크릴레이트 수지를 포함하여 감도가 뛰어나고 현상 마진 및 내열성이 우수한 흑색 컬러 레지스트용 감광성 수지 조성물에 관한 것이다. 산변성 비스페놀 에폭시 아크릴레이트 수지, 현상성, 보관안정성, 패턴 직진성",,,,http://plus.kipris.or.kr/openapi/fileToss.jsp?arg=452306798ef1fd035bfb5ff666db4c9c1531c25f200555179fc764d23b290e100b6ff005147eeb140f1bfd0592cda42f,True,False,True,0,data\반도체\동진쎄미켐\tech\source\dongjin_semichem_kipris_plus_bibliographic_raw.csv,,82
1020180138164,1020180138164,1020200055195,1020200055195,1025918060000,1025918060000,등록,등록,등록 등록,"은 함유 박막의 식각 조성물, 이를 이용한 패턴 형성 방법 및 표시장치의 제조 방법","은 함유 박막의 식각 조성물, 이를 이용한 패턴 형성 방법 및 표시장치의 제조 방법",삼성디스플레이 주식회사|주식회사 동진쎄미켐,삼성디스플레이 주식회사|주식회사 동진쎄미켐,,20181112,2018,20200521,20200521,20231017,20231017,C23F 1/30|C23F 1/44|C09K 13/06|H10K 50/00,C23F 1/30|C23F 1/44|C09K 13/06|H10K 50/00,,,"은 함유 박막의 식각 조성물은 무기산 화합물, 카르복시산 화합물, 술폰산 화합물, 글리콜 화합물, 질소 함유 디카르보닐 화합물, 금속 산화제 및 물을 포함한다.",,,,http://plus.kipris.or.kr/openapi/fileToss.jsp?arg=6c650beb4cee9ce4122b704b88878c934da50dbbe2d59e42bcac2e08a342acbbdd32d9b085f8138b7493cb973c5e3383f4fbb08a10cc6a1792bb78ee12d823719b6dd704114b5a4a,True,True,False,0,data\반도체\동진쎄미켐\tech\source\dongjin_semichem_kipris_plus_bibliographic_raw.csv,,83
1020170125278,1020170125278,1020190036262,1020190036262,1025838530000,1025838530000,등록,등록,등록 등록,신규 화합물 및 이를 포함하는 유기 발광 소자,신규 화합물 및 이를 포함하는 유기 발광 소자,주식회사 동진쎄미켐,주식회사 동진쎄미켐,,20170927,2017,20190404,20190404,20230927,20230927,C07D 307/91|C07D 333/76|H10K 99/00|H10K 50/00,C07D 307/91|C07D 333/76|H10K 99/00|H10K 50/00,,,"본원은 신규한 화합물, 및 이를 포함하는 유기 발광 소자에 관한 것으로, 본 발명의 일 구현예에 따른 신규한 화합물은 유기 발광 소자에 적용되어 유기발광소자의 고효율, 장수명, 낮은 구동전압 및 구동 안정성을 확보할 수 있다.",,,,http://plus.kipris.or.kr/openapi/fileToss.jsp?arg=6c650beb4cee9ce4122b704b88878c931c9e99fc41e1d7d97632f336ab4daba2953d19b12c35bc2faffeaabc46988ba5d4490e8b847a3a1492309ebd7bf4730abd8a972830321f67,True,True,False,1,data\반도체\동진쎄미켐\tech\source\dongjin_semichem_kipris_plus_bibliographic_raw.csv,,84
1020030022006,1020030022006,1020040087562,1020040087562,1006104520000,1006104520000,소멸,소멸,소멸 소멸,포토레지스트 폴리머 제거용 세정제 조성물,포토레지스트 폴리머 제거용 세정제 조성물,에스케이하이닉스 주식회사|주식회사 동진쎄미켐,에스케이하이닉스 주식회사|주식회사 동진쎄미켐,,20030408,2003,20041014,20041014,20060801,20060801,G03F 7/32,G03F 7/32,,,"본 발명은 반도체 제조공정 중의 건식 식각 또는 에싱 공정 후 포토레지스트 폴리머를 제거하기 위한 세정제 조성물에 관한 것으로, (a) 황산 5∼15 중량%, (b) 과산화수소 1∼5 중량% 또는 오존 0.0001∼0.05 중량%, (c) 초산 0.1∼5 중량%, (d) 암모늄 플로라이드 0.0001∼0.5 중량% 및 (e) 잔량의 물을 포함하는 본 발명의 세정제 조성물은, 건식 식각 및 에싱 공정 중 포토레지스트가 식각 및 에싱 가스와 반응하여 하부 금속막질 및 기타 막질에 생성된 측벽 및 바닥부 레지스트 폴리머를 단시간 내에 용이하게 제거할 수 있으며, 특히 알루미늄, 알루미늄 합금 또는 텅스텐 등의 하부 금속막질에서 측벽 및 바닥부 레지스트 폴리머를 제거하는데 유용할 뿐만 아니라, 포토레지스트 폴리머 제거시에 하부 금속막질에 대한 부식을 최소화 할 수 있다.",,,,http://plus.kipris.or.kr/openapi/fileToss.jsp?arg=452306798ef1fd035bfb5ff666db4c9c1531c25f200555175983c500385505699eccfbf91911d295ccd87f88bedcd3f9,True,False,True,1,data\반도체\동진쎄미켐\tech\source\dongjin_semichem_kipris_plus_bibliographic_raw.csv,,85
1020170156682,1020170156682,1020180058207,1020180058207,1025808960000,1025808960000,등록,등록,등록 등록,중합성 화합물 및 이를 포함하는 액정 조성물,중합성 화합물 및 이를 포함하는 액정 조성물,주식회사 동진쎄미켐,주식회사 동진쎄미켐,,20171122,2017,20180531,20180531,20230915,20230915,C08F 20/18|C09K 19/30|C09K 19/12|C09K 19/34|C09K 19/16,C08F 20/18|C09K 19/30|C09K 19/12|C09K 19/34|C09K 19/16,,,"본 발명은 중합성 화합물 및 상기 중합성 화합물을 포함하는 액정 조성물에 관한 것으로, 보다 상세하게는 고분자 안정화 배향(PSA: Polymer Stabilized Alignment) 또는 고분자 안정화 수직 배향(PS-VA: Polymer Stabilized-Vertical Aligned) 모드의 액정 표시 장치의 제조에 이용되는 중합성 화합물과, 상기 중합성 화합물을 포함하는 액정 조성물에 관한 것이다. 본 발명에 따른 화합물은 저온 안정성을 나타내며, 자외선에 의한 광중합시 액정의 선경 사각을 개선할 수 있는 효과를 획득한다.",,,,http://plus.kipris.or.kr/openapi/fileToss.jsp?arg=6c650beb4cee9ce4122b704b88878c93320f4b99069ea053c1a3ebc22b674938a80848aafe2cfeae7a8e8c86f160b8de19e57153bdac84b95c6f0e2f0453118ee6d9402bcc473775,True,True,False,0,data\반도체\동진쎄미켐\tech\source\dongjin_semichem_kipris_plus_bibliographic_raw.csv,,86
1020160065874,1020160065874,1020160140508,1020160140508,1025820930000,1025820930000,등록,등록,등록 등록,2종 이상의 아민을 포함하는 기능화 그래핀 및 그 제조방법,2종 이상의 아민을 포함하는 기능화 그래핀 및 그 제조방법,주식회사 동진쎄미켐,주식회사 동진쎄미켐,,20160527,2016,20161207,20161207,20230919,20230919,C01B 32/194|C08K 3/04,C01B 32/194|C08K 3/04,,,"열 가소성 고분자와의 계면결합력 및 균일한 분산을 가능하게 함으로써, 전기적, 열적, 기계적 특성이 우수한 2종 이상의 아민을 포함하는 기능화 그래핀 및 그 제조방법이 개시된다. 상기 기능화 그래핀은 그래핀, 환원된 그래핀, 산화 그래핀 및 이들의 혼합물로 이루어진 군으로부터 선택되는 탄소 소재; 및 상기 탄소 소재에 결합된, 1 가 아민기 및 2 가 이상의 아민기를 포함하는, 아민기를 포함한다.",,,,http://plus.kipris.or.kr/openapi/fileToss.jsp?arg=6c650beb4cee9ce4122b704b88878c933ad40313ac4d95b55ed84d8066e5882402f161eeeeb99f7c019bfd6a3202438de74ce11556650191c230780290beab375ea4e404dfd7678c,True,True,False,1,data\반도체\동진쎄미켐\tech\source\dongjin_semichem_kipris_plus_bibliographic_raw.csv,,87
1020180037636,1020180037636,1020190114635,1020190114635,1025851550000,1025851550000,등록,등록,등록 등록,신규 화합물 및 이를 포함하는 유기 발광 소자,신규 화합물 및 이를 포함하는 유기 발광 소자,주식회사 동진쎄미켐,주식회사 동진쎄미켐,,20180330,2018,20191010,20191010,20230926,20230926,C07D 307/91|C07D 409/14|C07D 333/76|H10K 99/00|C09K 11/06|H10K 50/00,C07D 307/91|C07D 409/14|C07D 333/76|H10K 99/00|C09K 11/06|H10K 50/00,,,"본원은 신규한 화합물, 및 이를 포함하는 유기 발광 소자에 관한 것으로, 본 발명의 일 구현예에 따른 신규한 화합물은 유기 발광 소자에 적용되어 유기 발광 소자의 고효율, 장수명, 낮은 구동전압 및 구동 안정성을 확보할 수 있다.",,,,http://plus.kipris.or.kr/openapi/fileToss.jsp?arg=6c650beb4cee9ce4122b704b88878c9367e202351212a420c5441dd88e0606853db73d4a4c573cd66db137c758570df6fc4d010de64a1451195dcd62c082a869b60be333bfb772be,True,True,False,1,data\반도체\동진쎄미켐\tech\source\dongjin_semichem_kipris_plus_bibliographic_raw.csv,,88
1020150190927,1020150190927,1020170079896,1020170079896,1025804550000,1025804550000,등록,등록,등록 등록,"폴리이미드고분자 조성물, 이의 제조 방법 및 이를 이용한 폴리이미드 필름의 제조 방법","폴리이미드고분자 조성물, 이의 제조 방법 및 이를 이용한 폴리이미드 필름의 제조 방법",주식회사 동진쎄미켐,주식회사 동진쎄미켐,,20151231,2015,20170710,20170710,20230914,20230914,C08G 73/10|C08J 5/18|C08J 3/24|C08L 79/08,C08G 73/10|C08J 5/18|C08J 3/24|C08L 79/08,,,"본 발명은 폴리이미드 고분자 조성물, 이의 제조 방법 및 이를 이용한 폴리이미드 필름의 제조 방법에 관한 것이다.",,,,,True,True,False,0,data\반도체\동진쎄미켐\tech\source\dongjin_semichem_kipris_plus_bibliographic_raw.csv,,89
1020040072921,1020040072921,1020060024478,1020060024478,,,취하,취하,취하 취하,포토레지스트 박리액 조성물,포토레지스트 박리액 조성물,주식회사 동진쎄미켐,주식회사 동진쎄미켐,,20040913,2004,20060317,20060317,,,G03F 7/42|G03F 7/32|C11D 3/00,G03F 7/42|G03F 7/32|C11D 3/00,,,"본 발명은 포토레지스트 박리액 조성물에 관한 것으로, 고리형 아민, 용제 및 박리 촉진제를 포함하는 포토레지스트 박리액 조성물을 제공한다. 또한, 본 발명은 고리형 아민, 용제, 부식 방지제 및 박리 촉진제를 포함하는 포토레지스트 박리액 조성물을 제공한다. 본 발명의 포토레지스트 박리액 조성물은 현재 LCD 모듈 제작에서 이소프로필알콜(이하,'IPA'라 함) 린스를 적용하는 일반적인 공정뿐만 아니라, IPA 린스 공정을 생략하는 최근의 공정에 적용시 금속배선에 대한 추가적인 부식 영향이 없으면서, 특히 박리력을 크게 향상시킬 수 있다. 포토레지스트 박리액 조성물, 박리력 향상",,,,http://plus.kipris.or.kr/openapi/fileToss.jsp?arg=452306798ef1fd035bfb5ff666db4c9ccf2ab65a398793481a42363f9117cef116a65cf489fd09b072053b52d2190a38,False,False,True,0,data\반도체\동진쎄미켐\tech\source\dongjin_semichem_kipris_plus_bibliographic_raw.csv,,90
1020050037022,1020050037022,1020060114849,1020060114849,1007412950000,1007412950000,소멸,소멸,소멸 소멸,감광성 수지 조성물,감광성 수지 조성물,주식회사 동진쎄미켐,주식회사 동진쎄미켐,,20050503,2005,20061108,20061108,20070713,20070713,G03F 7/033|G03F 7/027|G03F 7/00|G03F 7/032|G03F 7/022|G03F 7/023|G03F 7/075|G03F 7/028,G03F 7/033|G03F 7/027|G03F 7/00|G03F 7/032|G03F 7/022|G03F 7/023|G03F 7/075|G03F 7/028,,,"본 발명은 감광성 수지 조성물에 관한 것으로, 특히 이미다졸 이량체계 광개시제를 함유하는 감광성 수지 조성물에 있어서, a) 트리아릴메탄계 광증감제, 및 b) 싸이올 작용기를 포함하는 헤테로 방향족계 광증감제를 포함하는 감광성 수지 조성물에 관한 것이다. 본 발명에 따른 감광성 수지 조성물은 반도체 레이져 광원의 조도편차에 무관하게 균일한 선폭의 패턴을 형성할 수 있어 350∼410 ㎚ 영역의 반도체 다이오드 레이져를 이용한 직접 조광에 적합할 뿐만 아니라, 동시에 알칼리 수용액에 현상이 가능하며, 감도, 해상도, 기판에 대한 밀착성, 및 보관안정성이 우수하다. 반도체 레이져, 이미다졸 이량체, 트리아릴메탄, 싸이올 작용기",,,,http://plus.kipris.or.kr/openapi/fileToss.jsp?arg=452306798ef1fd035bfb5ff666db4c9c592fb536ea920a4d87f41dc603ae757bfa0ba04e5e777853bd45939819bafdeb,True,False,True,2,data\반도체\동진쎄미켐\tech\source\dongjin_semichem_kipris_plus_bibliographic_raw.csv,,91
1020010059748,1020010059748,1020030026666,1020030026666,,,거절,거절,거절 거절,감광성 수지 조성물,감광성 수지 조성물,주식회사 동진쎄미켐,주식회사 동진쎄미켐,,20010926,2001,20030403,20030403,,,G03F 7/023|G03F 7/027|G03F 7/039|G03F 7/033|G03F 7/022|G03F 7/038,G03F 7/023|G03F 7/027|G03F 7/039|G03F 7/033|G03F 7/022|G03F 7/038,,,"본 발명은 포지형 감광성 경화막 수지 조성물에 관한 것으로, 보다 상세하게는 (A)ⅰ) 불포화 카르본산, 불포화 카르본산 무수물, 또는 이들의 혼합물; ⅱ) 에폭시기 함유 불포화화합물; 및 ⅲ) 올레핀계 불포화 화합물의 공중합체의 미반응 모노머와 중합개시제의 면적이 5% 이하이며, 폴리스타이렌 환산중량평균분자량이 5000 ∼ 20000인 아크릴계 공중합체; (B) 1,2-퀴논디아지드 화합물; 및 (C) 알칸올기가 포함된 질소함유 가교제를 포함하는 감광성 수지 조성물에 관한 것이다. 본 발명에 따른 감광성 수지 조성물은 현상성, 잔막율, 내약품성, 내열성 등의 여러 가지 성능이 뛰어나며, 특히 층간 절연막으로서 패턴 형성이 용이하고 두꺼운 막에서도 투과율이 우수하여 액정표시소자, 집적회로소자 등의 층간 절연막을 형성하기 위한 재료로 적합하다. 감광성 화합물, 알칸올기, 질소함유 가교제, 투과율",,,,http://plus.kipris.or.kr/openapi/fileToss.jsp?arg=452306798ef1fd035bfb5ff666db4c9cfad0bf93f73520e6ad3e5a5567d9bfb31288370fd1fb513d9e0791b56d623643,False,False,True,1,data\반도체\동진쎄미켐\tech\source\dongjin_semichem_kipris_plus_bibliographic_raw.csv,,92
1020010031518,1020010031518,1020020092726,1020020092726,,,거절,거절,거절 거절,포지티브 포토레지스트 조성물,포지티브 포토레지스트 조성물,주식회사 동진쎄미켐,주식회사 동진쎄미켐,,20010605,2001,20021212,20021212,,,G03F 7/039|G03F 7/022|G03F 7/023|G03F 7/075|G03F 7/004,G03F 7/039|G03F 7/022|G03F 7/023|G03F 7/075|G03F 7/004,,,"본 발명은 하기 화학식 1의 화합물을 포함하는 감도 및 열적 안정성이 개선된 포지티브 포토레지스트 조성물을 제공한다: [화학식 1] (상기 화학식 1에서, R 1 ∼ R 10 은 각각 동일하거나 다를 수 있으며, 각각 독립적으로 수소원자, 알킬기 또는 알콕시기이고; n은 1 내지 20의 정수이다) 감광성 화합물, 퀴논디아지드 화합물, 포토레지스트 조성물.",,,,http://plus.kipris.or.kr/openapi/fileToss.jsp?arg=452306798ef1fd035bfb5ff666db4c9cfad0bf93f73520e64bccecfbf5adaa2f7be4e398aa65088585fc551a0e5cbbc7,False,False,True,0,data\반도체\동진쎄미켐\tech\source\dongjin_semichem_kipris_plus_bibliographic_raw.csv,,93
1020000066127,1020000066127,1020020036117,1020020036117,1004810120000,1004810120000,소멸,소멸,소멸 소멸,내산성을 지닌 감광성 보호막 조성물,내산성을 지닌 감광성 보호막 조성물,주식회사 동진쎄미켐,주식회사 동진쎄미켐,,20001108,2000,20020516,20020516,20050325,20050325,G03F 7/023|G03F 7/033|G03F 7/004|C08G 8/08|G03F 7/027|G03F 7/075,G03F 7/023|G03F 7/033|G03F 7/004|C08G 8/08|G03F 7/027|G03F 7/075,,,"본 발명은 반도체 디바이스 제조공정 중 미세 회로가 형성된 웨이퍼를 산 세정용액으로 웨이퍼 후면을 세정하는 공정에서, 산으로부터 미세 회로 패턴을 보호하기 위한 감광성 보호막 조성물에 관한 것으로서, 보다 상세하게는 고분자 수지, 감광성 화합물 및 유기 용매를 포함하는 감광성 보호막 수지 조성물에 있어서, 상기 고분자 수지가 노볼락 수지와 아크릴 수지로 구성되고, 감광성 화합물이 디아지드계 화합물이며, 유기 용매가 에틸 락테이트와 1-메톡시-2-프로판올의 혼합물인 것을 특징으로 한다. 본 발명의 감광성 보호막 조성물은 산에 대해 웨이퍼 보호 능력이 뛰어날 뿐 아니라 현상공정 진행 후에도 잔사 불량이 발생되지 않으며 감광성 성분을 포함하고 있어 추가적인 보호막 코팅 및 제거 공정이 필요 없으므로, 생산성을 극대화할 수 있으며 제품 불량률을 최소화할 수 있는 장점이 있다. 감광성 보호막 조성물, 감광성 화합물, 디아지드계 화합물, 내산성, 노볼락 수지, 아크릴 수지",,,,http://plus.kipris.or.kr/openapi/fileToss.jsp?arg=452306798ef1fd035bfb5ff666db4c9c20f465ffcfa45303616523b905d6d6424313c4a109921e0cfaefec9817067c7e,True,False,True,2,data\반도체\동진쎄미켐\tech\source\dongjin_semichem_kipris_plus_bibliographic_raw.csv,,94
1020100113002,1020100113002,1020120051519,1020120051519,,,취하,취하,취하 취하,"폴리아진계 중합체, 폴리아진계 중합체를 포함하는 전해질막, 및 전해질막을 포함하는 연료전지","폴리아진계 중합체, 폴리아진계 중합체를 포함하는 전해질막, 및 전해질막을 포함하는 연료전지",주식회사 동진쎄미켐,주식회사 동진쎄미켐,,20101112,2010,20120522,20120522,,,C08G 61/12|C08G 73/02|C08G 75/02|H01M 8/1004|H01M 8/1097|C08J 5/22|H01M 8/0241,C08G 61/12|C08G 73/02|C08G 75/02|H01M 8/1004|H01M 8/1097|C08J 5/22|H01M 8/0241,,,"폴리아진계 중합체, 폴리아진계 중합체를 포함하는 전해질막, 및 전해질막을 포함하는 연료전지가 개시된다. 본 발명에 따른 아진 관능기를 포함한 폴리아진계 중합체는 가공성 및 물리적 특성이 우수하여 향상된 이온교환능 및 금속이온 흡착능을 가져 전해질막, 양이온 교환수지 및 양이온 교환막 등으로 다양한 응용이 가능하다.",,,,http://plus.kipris.or.kr/openapi/fileToss.jsp?arg=452306798ef1fd03bf8e5ba4e1dbf7262ba5e20ed5205cf799a86d700d8e92f25dac0d7bb4809d09d533d31f473de5f2c8c16acc843befb2c4c72019456f824dcdb9f72053b30c82,False,False,True,0,data\반도체\동진쎄미켐\tech\source\dongjin_semichem_kipris_plus_bibliographic_raw.csv,,95
1020080013202,1020080013202,1020090087758,1020090087758,,,취하,취하,취하 취하,"스파이로락톤 부분을 포함하는 모노머, 폴리머 및 이를포함하는 포토레지스트 조성물","스파이로락톤 부분을 포함하는 모노머, 폴리머 및 이를포함하는 포토레지스트 조성물",주식회사 동진쎄미켐,주식회사 동진쎄미켐,,20080213,2008,20090818,20090818,,,G03F 7/004,G03F 7/004,,,"화학증폭형 레지스트 조성물의 광산 발생제에서 발생한 산에 의하여, 스파이로락톤 고리가 열림으로써, 현상액에 대한 용해도가 증가하는, 스파이로락톤 부분을 포함하는, 하기 화학식으로 표시되는 모노머가 개시된다. 상기 화학식에서, R 1 은 수소 원자(H) 또는 메틸기(CH 3 )이고; R 2 , R 3 및 R 4 는 각각 독립적으로, 수소 원자(H), 할로겐 원소, 이소티오시아네이트기(S=C=N-), 니트로기(-NO 2 ), 히드록시기(-OH), 탄소수 1 내지 20의 사슬형 알킬기, 싸이클로알킬기 또는 멀티싸이클로알킬기, -OR 또는 -SR (여기서, R은 탄소수 1 내지 20의 탄화수소기) 등이고; A는 수소 원자(H) 또는 탄소수 1 내지 20의 탄화수소기이고; X는 각각 독립적으로 산소(O) 또는 황(S)이고; Y는 존재하지 않거나, 산소(O) 또는 황(S)이고, n은 0 내지 10의 정수이다. 포토레지스트, 스파이로락톤, 모노머",,,,http://plus.kipris.or.kr/openapi/fileToss.jsp?arg=452306798ef1fd035bfb5ff666db4c9c8b05d8ff1d829251290022747b66dd4bc5d0d1c38ded05345c08a731019211ff,False,False,True,0,data\반도체\동진쎄미켐\tech\source\dongjin_semichem_kipris_plus_bibliographic_raw.csv,,96
1020070033302,1020070033302,1020080090149,1020080090149,1013189520000,1013189520000,소멸,소멸,소멸 소멸,플라즈마 디스플레이 패널 전극 형성용 감광성 페이스트,플라즈마 디스플레이 패널 전극 형성용 감광성 페이스트,주식회사 동진쎄미켐,주식회사 동진쎄미켐,,20070404,2007,20081008,20081008,20131010,20131010,G03F 7/004|H01J 11/22,G03F 7/004|H01J 11/22,,,"본 발명은 PDP 전극 형성용 감광성 페이스트에 관한 것으로, 특히 a) 전극용 금속분말; b) 흑색 유리 프릿; c) 흑색안료; d) 감광성 유기성분; e) 소결조제를 포함하는 것을 특징으로 하는 PDP 전극 형성용 감광성 페이스트에 관한 것이다. 본 발명의 PDP 전극 형성용 감광성 페이스트는 종래의 흑색층과 도전층으로 이루어지는 PDP 전극을 일체화된 전극으로 형성하는데 특히 적합하며, 2단계 공정을 1단계로 줄임에 따라 PDP 전극제조에 있어서 공정을 단순화하고, 흑색안료의 사용량을 감소시켜 PDP 제조비용을 현저히 절감할 수 있으며, PDP 전극제조에 따른 불량을 크게 감소시킬 수 있다. PDP, 전극, 흑색층, 도전층, 페이스트, 유리프릿, 흑색안료, 알루미늄",,,,http://plus.kipris.or.kr/openapi/fileToss.jsp?arg=2ba38663aa11ff0f6ca91af6061a2e000bde3f26daae24e1a1c8769b38d4425f38d9f62055bb68e48adaeba0a86e76985c3931e3179c77c79629c54b6760ecd5274edfa11ab4768e,True,False,True,0,data\반도체\동진쎄미켐\tech\source\dongjin_semichem_kipris_plus_bibliographic_raw.csv,,97
1020050017756,1020050017756,1020060098582,1020060098582,,,취하,취하,취하 취하,코팅성이 우수한 전도성 코팅 조성물 및 이를 이용한 코팅막의 제조방법,코팅성이 우수한 전도성 코팅 조성물 및 이를 이용한 코팅막의 제조방법,주식회사 동진쎄미켐,주식회사 동진쎄미켐,,20050303,2005,20060919,20060919,,,C09D 5/24|C09D 7/00|B05D 5/12|C08L 75/04|C09D 165/00,C09D 5/24|C09D 7/00|B05D 5/12|C08L 75/04|C09D 165/00,,,"CRT, LCD, PDP 등 디스플레이 외면 유리의 대전방지 또는 전자파 차단용 코팅막, LCD 등의 편광판 또는 백라이트 유닛의 보호 코팅막, 포장필름, 반도체 소자 운반용 트레이, 포장시트의 코팅막 등의 형성에 사용될 수 있으며, 코팅성이 우수한 전도성 코팅 조성물 및 이를 이용한 코팅 방법이 개시된다. 상기 코팅 조성물은 전체 코팅 조성물에 대하여, 1 내지 50중량%의 폴리에틸렌 디옥시티오펜 수분산액; 3 내지 25중량%의 바인더 수지 수분산액; 5 내지 40중량%의 알코올 용매; 3 내지 40중량%의 프로필렌글리콜메틸에테르, N-부틸카비톨아세테이트, 에틸-3-에톡시프로피오네이트, 프로필렌글리콜모노메틸에테르아세테이트, 멘사놀, 부틸 카비톨, 디메틸설폭사이드, N-메틸피롤리돈 및 이들의 혼합물로 이루어진 군으로부터 선택되는 유기 용매; 및 20 내지 60중량%의 물을 포함한다. 또한 상기 코팅 방법은 상기 전도성 코팅 조성물을 기판에 코팅하는 단계; 및 상기 코팅된 조성물을 건조시키는 단계를 포함한다. 대전방지, 전도성, 코팅성, 조성물, 폴리에틸렌 디옥시티오펜, 유기 용매",,,,http://plus.kipris.or.kr/openapi/fileToss.jsp?arg=452306798ef1fd035bfb5ff666db4c9c592fb536ea920a4defa8dd49c08946e84d4854673c732bac7fe9e63d6a5218ba,False,False,True,3,data\반도체\동진쎄미켐\tech\source\dongjin_semichem_kipris_plus_bibliographic_raw.csv,,98
1020040076011,1020040076011,1020060027158,1020060027158,,,취하,취하,취하 취하,유기 반사방지막 형성용 조성물 및 이를 이용한 반도체소자 패턴의 형성방법,유기 반사방지막 형성용 조성물 및 이를 이용한 반도체소자 패턴의 형성방법,주식회사 동진쎄미켐,주식회사 동진쎄미켐,,20040922,2004,20060327,20060327,,,G03F 7/004,G03F 7/004,,,"포토리소그래피 공정에서, 노광원을 흡수하기 위하여 피식각층과 포토레지스트막 사이에 위치하는 유기 반사방지막을 형성하기 위한 조성물 및 이를 이용한 반도체 소자 패턴의 형성방법이 개시된다. 상기 유기 반사방지막 형성용 조성물은 하기 화학식으로 표시되는 광흡수제, 유기 중합체 및 용매를 포함한다. 상기 광흡수제는 ArF 등 다양한 노광원의 흡수도, 유기 중합체 등 고분자 물질과의 상용성, 유기 반사방지막 형성용 조성물의 용매에 대한 용해도 및 광가교제와의 가교 반응성이 우수하다. 상기 화학식에서, X 및 R 1 내지 R 9 는 명세서에서 정의한 바와 같다. ArF, 방사선, 흡수도, 건식 식각공정, 유기 반사방지막, 반도체 소자 패턴, 광흡수제, 유기 중합체, 상용성, 수축안정성",,,,http://plus.kipris.or.kr/openapi/fileToss.jsp?arg=452306798ef1fd035bfb5ff666db4c9ccf2ab65a39879348197e51576dafeb07ca3f9ccba67595c6be02e30453d21d73,False,False,True,2,data\반도체\동진쎄미켐\tech\source\dongjin_semichem_kipris_plus_bibliographic_raw.csv,,99
1019930006484,1019930006484,1019940024023,1019940024023,,,거절,거절,거절 거절,발포제조성물,발포제조성물,주식회사 동진쎄미켐,주식회사 동진쎄미켐,,19930417,1993,19941117,19941117,,,C09K 3/00,C09K 3/00,,,"[목적]분해시 열량을 낮출 수 있고, 칼슘포스페이트와 같은 열안정제가 혼합되어 저장안정성이 뛰어난 발포제 조성물을 제공한다.[구성]아조디카본아미드, 디니트로소펜타메틸렌트라아민 요소계 발포조제를 혼합하고, 열안정제로서 칼슘포스페이트를 혼합하여 발포제 조성물을 제조한다. 이와같이 제조된 발포제 조성물은 저장안정성이 뛰어나고 분해시 열량을 낮출 수 있다.",,,,,False,False,True,0,data\반도체\동진쎄미켐\tech\source\dongjin_semichem_kipris_plus_bibliographic_raw.csv,,100
1019930006483,1019930006483,1019940023853,1019940023853,,,거절,거절,거절 거절,아조디카본아미드의제조방법,아조디카본아미드의제조방법,주식회사 동진쎄미켐,주식회사 동진쎄미켐,,19930417,1993,19941117,19941117,,,C07C 245/04,C07C 245/04,,,"[목적]유기 발포제로서 합성수지 및 고무류의 발포체 성형에 매우 유용한 아조디카본아미드의 새로운 제조방법에 관한 것으로, 히드라조카본아미드를 산화크롬, 소디움브로마이드 및 액체염소를 사용하는 반응으로 산화시켜 아조디카본아미드를 제조하는 방법을 제공한다.[구성]소디움브로마이드를 히드라조디카본아미드에 대하여 0.7-1.8중량부 첨가하고 반응 개시온도를 섭씨 4-5도의 저온에서 산화 반응시킴으로써 아조디카본아미드를 제조한다. 따라서, 제조된 아조디카본아미드는 유기 발포제로서 합성수지 및 고무류의 발포체 성형에 매우 유용하다.",,,,,False,False,True,0,data\반도체\동진쎄미켐\tech\source\dongjin_semichem_kipris_plus_bibliographic_raw.csv,,101
1019930006485,1019930006485,1019940023865,1019940023865,,,거절,거절,거절 거절,옥시비스벤젠설포닐하이드라지드의제조방법,옥시비스벤젠설포닐하이드라지드의제조방법,주식회사 동진쎄미켐,주식회사 동진쎄미켐,,19930417,1993,19941117,19941117,,,C07C 303/44|C07C 303/38|C07C 311/49,C07C 303/44|C07C 303/38|C07C 311/49,,,"[목적]디페닐 옥사이드와 클로로설폰산을 원료로 하여 옥시비스벤젠 설포닐 클로라이드를 제조하고, 옥시비스벤젠 설포닐 클로라이드를 하이드라진과 반응시켜 옥시비스벤젠 설포닐 하이드라지드를 제조하는 방법을 제공한다.[구성]디페닐옥사이드와 클로로설폰산을 원료로 하여 옥시비스벤젠 설포닐 클로라이드를 제조한다. 옥시비스벤젠 설포닐 클로라이드 합성 반응액을 염화메틸렌을 사용하여 옥시비스벤젠 설포닐 클로라이드와 산폐액층을 분지 정제하므로서 옥시비스벤젠 설포닐 하이드라진드를 제조한다.",,,,,False,False,True,0,data\반도체\동진쎄미켐\tech\source\dongjin_semichem_kipris_plus_bibliographic_raw.csv,,102
1019950014526,1019950014526,1019970002444,1019970002444,,,거절,거절,거절 거절,컬러브라운관용감광성조성물,컬러브라운관용감광성조성물,주식회사 동진쎄미켐,주식회사 동진쎄미켐,,19950601,1995,19970124,19970124,,,G03F 7/004|C08F 220/56|C08F 226/08,G03F 7/004|C08F 220/56|C08F 226/08,,,"본 발명은 현재 컬러 브라운관의 제조시 블랙매트릭스 형성공정에 사용될 수 있는 새로운 감광성 조성물에 관한 것으로서, 새로운 수용성 고분자를 합성하고, 합성된 수용성 고분자를 이용한 감광성 조성물에 관한 것으로, 아민류의 첨가제를 사용하여 보존안정성을 크게 향상시켜 기존에 사용되던 제품에 비하여 약 3배 이상의 사용기간을 확보하였다. 본 발명의 잇점은 기존에 사용되고 있는 폴리비닐피롤리돈과 비스아자이드 혼합조성물 또는 아크릴아미드-디아세톤아크릴아마이드 공중합체와 비스아자이드의 혼합조성물에 비하여, 전자보다는 감도의 향상을 나타내며 후자에 비하여는 감광성 조성물의 박리의 용이성 및 보존안정성의 향상을 가져왔다. 따라서 본 발명에서 얻어진 감광성 조성물은 막특성이 우수하고, 감도가 향상되어, 고화질의 브라운관을 안정적으로 생산해 낼 수 있는 장점을 확보할 수가 있다. 본 발명에서 합성한 고분자는 비닐피롤리돈-아크릴아마이드 공중합체로서, 이것은 상반측불궤특성을 지니는 수용성 고분자이다. 기존의 제품이 제품의 변형을 가져올 수 있는 실란류의 접착력 향상제를 사용하고 있어 안정성이 결여되므로, 본 발명의 첨가제로 사용된 아민류를 첨가시켜 안정성을 크게 향상시킬 수 있다.",,,,http://plus.kipris.or.kr/openapi/fileToss.jsp?arg=452306798ef1fd035bfb5ff666db4c9c5ec4703edc859e46529f3a89a6e9aa06f12900ebfba5a28922a471e9078359d3,False,False,True,0,data\반도체\동진쎄미켐\tech\source\dongjin_semichem_kipris_plus_bibliographic_raw.csv,,103
