application_number,open_number,register_number,register_status,final_disposal,invention_title,right_holder
1020170180723,1020190078928,1024304310000,소멸,소멸,반도체 패키지 처리장치 및 반도체 패키지 처리방법,한미반도체 주식회사
1020230162777,1020250075375,,공개,공개,열압착 본딩장치,한미반도체 주식회사
1020150046069,,1016273360000,등록,등록,반도체 패키지 정렬장치 및 반도체 패키지 정렬방법,한미반도체 주식회사
1020130127230,1020150047305,1015194700000,등록,등록,반도체 자재 절단장치 및 반도체 자재 절단방법,한미반도체 주식회사
1020180035634,1020190113231,1025318170000,등록,등록,반도체 자재의 부분 차폐방법,한미반도체 주식회사
1020070083036,1020090018539,1014046640000,등록,등록,반도체 패키지 제조장치,한미반도체 주식회사
1020090002285,1020100082963,1015194770000,등록,등록,반도체 패키지 방향전환장치,한미반도체 주식회사
1020120120573,1020140054728,1014045160000,등록,등록,전자부품 실장장치의 교정방법,한미반도체 주식회사
1020210164855,1020230077511,,공개,공개,반도체 자재 연삭장치 및 이의 연삭방법,한미반도체 주식회사
1020200175188,1020220085263,1029488140000,등록,등록,본딩장치,한미반도체 주식회사
1020050092232,,1006611270000,소멸,소멸,반도체 패키지 이송장치,한미반도체 주식회사
1020230122181,1020250039579,,공개,공개,레이저 셋팅방법,한미반도체 주식회사
1020210036860,1020220131754,,공개,공개,반도체 자재 절단장치의 절단 셋팅방법,한미반도체 주식회사
1020120118437,,1013917040000,등록,등록,반도체 패키지 핸들러 및 그 운용방법,한미반도체 주식회사
1020160141800,1020180046549,1021086030000,등록,등록,렌즈유닛 분류장치 및 이를 구비하는 렌즈유닛 분류 시스템,한미반도체 주식회사
1020110040629,1020120122461,1012597770000,등록,등록,반도체 패키지 적재 장치 및 방법,한미반도체 주식회사
1020210077464,1020220167994,,공개,공개,반도체 자재 연마장치,한미반도체 주식회사
1020110110200,1020110124188,1013912000000,등록,등록,반도체 패키지 가공 방법,한미반도체 주식회사
1020140105728,1020160020705,1016176710000,등록,등록,와플 트레이 공급장치 및 이를 구비하는 반도체칩 본딩 시스템,한미반도체 주식회사
1020080012139,1020090086708,1013912580000,등록,등록,플립퍼링 장치 및 이를 구비하는 쏘잉 앤 플레이스먼트 장비,한미반도체 주식회사
1020110097139,1020130033203,1012600220000,등록,등록,"반도체 성형 장치, 이를 포함하는 반도체 제조 장치 및 반도체 제조 방법",한미반도체 주식회사
1020100081376,1020120018503,1016178060000,등록,등록,반도체 패키지 제조장치용 픽커 헤드의 위치 설정 방법,한미반도체 주식회사
1020120142080,,1013917060000,등록,등록,진공흡착 테이블 및 그 제조방법,한미반도체 주식회사
1020210071122,1020220162550,,거절,거절,반도체 자재 절단장치의 절단방법,한미반도체 주식회사
1020240122547,1020260036888,,공개,공개,본딩장치 및 이의 제어방법,한미반도체 주식회사
102020030033208,,2003386060000,소멸,소멸,반도체 소자 제조용 몰드 어셈블리 지그,한미반도체 주식회사
102020080004461,2020090010248,2004681560000,소멸,소멸,반도체 이송용 쏘팅픽커,한미반도체 주식회사
102019930013204,2019950004829,2001000310000,소멸,소멸,반도체팩키지의리이드성형장치,한미반도체 주식회사
102019830010130,2019850004488,2000300850000,소멸,소멸,반도체모울드부동장치,한미반도체 주식회사
102019930004881,2019940023578,2000998270000,소멸,소멸,반도체금형의체이스어셈블리구조,한미반도체 주식회사
1020070013822,1020080074542,,포기,포기,반도체 패키지 처리 장치,한미반도체 주식회사
1019980029362,1020000009146,1002911050000,소멸,소멸,타블렛 자동공급장치,한미반도체 주식회사
1020120090839,1020140024627,1014151620000,등록,등록,반도체 제조장치용 흡착유닛,한미반도체 주식회사
1020020071428,1020040043240,1005161790000,소멸,소멸,워킹빔구동수단를 갖춘 반도체제조장치,한미반도체 주식회사
1020100090689,1020120028686,,취하,취하,반도체 패키지 제조용 몰딩장치,한미반도체 주식회사
1020100048752,1020110129229,1012756970000,등록,등록,반도체 자재 정렬방법,한미반도체 주식회사
1020210058998,1020220152452,1025548410000,등록,등록,반도체 자재 검사 장치,한미반도체 주식회사
1020080036854,1020080095189,1014467240000,등록,등록,반도체 패키지용 흡착 패드,한미반도체 주식회사
1020230095167,1020250014705,1028548990000,등록,등록,반도체 자재 절단장치,한미반도체 주식회사
1020190003231,1020200086892,1027042040000,등록,등록,반도체 자재 절단 및 핸들러 장치,한미반도체 주식회사
1020190052616,1020200128325,,취하,취하,마이크로 LED 소자용 본딩장치 및 마이크로 LED 소자용 본딩 방법,한미반도체 주식회사
1020220098676,1020240020521,1028381760000,등록,등록,바형 자재 절단장치 및 이의 정렬방법,한미반도체 주식회사
1019930011348,1019950001960,1001057730000,소멸,소멸,리이드프레임(LEADFRAME)적재및이송장치,한미반도체 주식회사
1020210064359,1020220156379,,거절,거절,반도체 자재 절단 장치,한미반도체 주식회사
1020130146268,1020150062216,1015389740000,등록,등록,반도체 자재 절단장치,한미반도체 주식회사
1020150079479,1020160143202,,취하,취하,반도체 자재 정렬방법,한미반도체 주식회사
1020190076906,1020210002187,1022801960000,등록,등록,반도체 제조장치,한미반도체 주식회사
1020120023647,1020130102423,1013249460000,소멸,소멸,반도체 자재 절단장치,한미반도체 주식회사
1020030018957,1020040084128,,거절,거절,반도체 쏘잉장치의 척테이블,한미반도체 주식회사
1020090083431,1020110025390,1015669880000,등록,등록,반도체 패키지 가공용 척테이블,한미반도체 주식회사
1020230106994,1020250025949,,공개,공개,반도체 자재 절단장치,한미반도체 주식회사
1020050049430,1020060128193,1007007050000,소멸,소멸,반도체 쏘팅시스템 및 쏘팅방법,한미반도체 주식회사
1019930003936,1019940022813,1000969490000,소멸,소멸,반도체팩키지의리드형상교정용금형과리드형상재성형방법,한미반도체 주식회사
1020100064300,1020120003605,1013158920000,등록,등록,반도체 패키지 비전 검사방법,한미반도체 주식회사
1020160098627,1020170056415,1017880210000,등록,등록,열압착 본딩장치,한미반도체 주식회사
1020100030551,1020110111140,1015669970000,등록,등록,반도체 패키지 비전 검사 장치 및 방법,한미반도체 주식회사
1020070013836,1020080074550,1009044950000,소멸,소멸,트레이 픽커 어셈블리,한미반도체 주식회사
1020060022833,1020070092541,,포기,포기,반도체 패키지 제조장비의 건조장치,한미반도체 주식회사
1020160062369,,1017879890000,소멸,소멸,몰딩 파우더 공급장치 및 이를 이용한 몰딩 파우더 공급방법,한미반도체 주식회사
1020070088478,1020090022830,,포기,포기,반도체 패키지 제조장치의 반도체 패키지 반송장치,한미반도체 주식회사
1020160070411,1020170138249,1025070650000,등록,등록,반도체칩 본딩장치,한미반도체 주식회사
1020070038178,1020080094145,1008895910000,등록,등록,반도체 패키지 이송장치용 흡착패드,한미반도체 주식회사
1020120085696,,1013404860000,등록,등록,플립칩 본딩장치 및 이의 제어방법,한미반도체 주식회사
1020210049001,1020220142670,1026217930000,등록,등록,스퍼터링 전처리 방법,한미반도체 주식회사
1020110105269,,1012369990000,등록,등록,반도체 패키지의 레이저 가공방법,한미반도체 주식회사
1020050112044,,1006394010000,소멸,소멸,기준마크가 구비된 흡착패드 및 이를 이용한 흡착패드얼라인 방법,한미반도체 주식회사
1020020048388,1020040016140,1004662210000,소멸,소멸,트리밍장치의 프레스금형,한미반도체 주식회사
1020050049429,,1006393990000,소멸,소멸,반도체 처리장치,한미반도체 주식회사
1020090132859,1020110076212,,취하,취하,반도체 패키지 테스트 및 레이저 마킹 장치,한미반도체 주식회사
1020030011417,1020040076086,1005065040000,소멸,소멸,반도체 패키지용 비젼검사블록,한미반도체 주식회사
1020060114073,1020080045027,,포기,포기,반도체 패키지 언로딩 핸들러,한미반도체 주식회사
1020190048538,,1021425360000,등록,등록,반도체 자재 절단 장치,한미반도체 주식회사
1020190071267,1020200143791,,취하,취하,반도체 패키지 분리장치,한미반도체 주식회사
1020070084013,1020090019514,,거절,거절,반도체 패키지 제조용 반송유닛 및 이를 갖는 세척장치,한미반도체 주식회사
1020030070357,1020050034443,1006183920000,소멸,소멸,반도체 비젼시스템의 백라이트블럭,한미반도체 주식회사
1020070055136,,1008544380000,소멸,소멸,반도체 패키지 제조용 볼마운팅 시스템의 플럭스 도포장치,한미반도체 주식회사
1020170165188,1020190065726,,거절,거절,반도체 자재 절단 장치 및 반도체 자재 절단 방법,한미반도체 주식회사
1020070029344,,1008544370000,등록,등록,반도체 패키지 이송장치의 흡착패드,한미반도체 주식회사
1020070091177,1020090025952,,거절,거절,반도체 패키지 제조용 성형모듈 및 이를 갖는 금형장치,한미반도체 주식회사
1020120042548,1020130119615,,포기,포기,반도체자재의 절단방법,한미반도체 주식회사
1020150135791,1020170036518,1017672240000,소멸,소멸,압축 몰딩장치,한미반도체 주식회사
1020040052528,1020060003590,1005597830000,소멸,소멸,반도체 처리장치,한미반도체 주식회사
1020060120788,,1007959650000,등록,등록,반도체 패키지 싱귤레이션장치,한미반도체 주식회사
1020150101672,1020170009501,1020422980000,소멸,소멸,반도체 몰딩장치,한미반도체 주식회사
1020210016225,1020220112545,1026921460000,등록,등록,마스킹 테이프 박리장치,한미반도체 주식회사
1020050042625,1020060119524,1007007040000,소멸,소멸,반도체 제조공정용 플립퍼링장치,한미반도체 주식회사
1020120044473,,1012751340000,소멸,소멸,반도체 자재 검사장치 및 반도체 자재 검사방법,한미반도체 주식회사
1020070013803,1020080074530,1013053460000,등록,등록,반도체 패키지 절단 및 핸들링 장치,한미반도체 주식회사
1020100091825,1020120029778,1011608880000,등록,등록,"웨이퍼 마킹 장치, 웨이퍼 마킹 시스템 및 웨이퍼 마킹 방법",한미반도체 주식회사
1020050032858,,1006040980000,소멸,소멸,반도체 패키지 픽업장치,한미반도체 주식회사
1020130079000,1020150005269,,거절,거절,반도체 자재 절단 적재장치와 이를 이용하는 반도체 자재 절단 적재방법,한미반도체 주식회사
1020040074365,1020060025640,1011106660000,소멸,소멸,반도체 패키지 영상촬영장치,한미반도체 주식회사
1020050029083,1020060107085,,포기,포기,반도체 패키지 픽업시스템 및 픽업방법,한미반도체 주식회사
1020060133327,1020080059696,,포기,포기,반도체 패키지 제조용 볼마운트장치,한미반도체 주식회사
1020200085729,1020220007466,,포기,포기,로더 픽커,한미반도체 주식회사
1020060114075,,1008037280000,소멸,소멸,반도체 패키지 언로딩 핸들러의 보트 반송장치,한미반도체 주식회사
1020020061461,1020040032357,1004505830000,소멸,소멸,상향식 싱귤레이션장치의 반도체패키지 이송장치,한미반도체 주식회사
1020080121186,1020100062517,,거절,거절,반도체 패키지 흡착패드,한미반도체 주식회사
1020150048589,,1016405330000,등록,등록,반도체칩 픽업 시스템,한미반도체 주식회사
1020040048571,1020050122909,,취하,취하,반도체 패키지 픽커,한미반도체 주식회사
1020030071204,1020050035934,1005486920000,소멸,소멸,튜브형 패키지 적재장치의 패키지 투입블럭,한미반도체 주식회사
1020080054586,1020090128707,,포기,포기,반도체 패키지 제조장치용 비전검사장치,한미반도체 주식회사
1020070023463,,1008382650000,소멸,소멸,반도체 패키지 핸들링장치,한미반도체 주식회사
1020100023349,1020110104285,,거절,거절,반도체 패키지 제조장치용 불량품 제거장치,한미반도체 주식회사
1020080107040,1020100048048,1014462740000,등록,등록,반도체 패키지 제조장치용 가이드슈트,한미반도체 주식회사
1020120040103,1020130117191,,포기,포기,작업유닛 이송장치,한미반도체 주식회사
1020040102453,1020060063318,1007499170000,소멸,소멸,반도체 패키지 제조공정용 절단 및 핸들러시스템,한미반도체 주식회사
1020170158756,1020190060493,1020193770000,등록,등록,반도체 자재 절단장치,한미반도체 주식회사
1020060114076,,1007959640000,소멸,소멸,반도체 패키지 언로딩 핸들러의 보트 회수장치,한미반도체 주식회사
1020180063002,1020190136824,1024580500000,등록,등록,마이크로 LED 소자용 본딩장치 및 마이크로 LED 소자용 본딩 방법,한미반도체 주식회사
1020020004563,1020020027395,,취하,취하,대기압플라즈마 세정장치,한미반도체 주식회사
1020070095952,1020080077540,1008748560000,등록,등록,반도체 패키지 제조용 절단 및 핸들링 장치,한미반도체 주식회사
1020050049428,1020060128192,1007240420000,소멸,소멸,반도체 처리장치 및 처리방법,한미반도체 주식회사
1020210039902,1020220134351,1028736940000,등록,등록,반도체 기판 절단장치,한미반도체 주식회사
1020020052388,1020020079651,1004399560000,소멸,소멸,반도체 패키지의 흡착이송장치,한미반도체 주식회사
1020020073829,1020040046027,1004636690000,소멸,소멸,반도체패키지 적재장치의 반도체패키지 이송블록,한미반도체 주식회사
1020070069237,1020090005859,1009209340000,등록,등록,반도체 패키지 안착용 테이블,한미반도체 주식회사
1020050023915,,1006394000000,소멸,소멸,리드 픽 앤 플레이스 장비,한미반도체 주식회사
1020050042627,1020060119526,1006854550000,소멸,소멸,반도체 제조공정용 플립퍼링장치,한미반도체 주식회사
1020050008420,,1005845170000,소멸,소멸,반도체 패키지 처리장치,한미반도체 주식회사
1020040032326,1020040104366,1005745840000,소멸,소멸,반도체 패키지 제조공정용 절단 및 핸들러시스템,한미반도체 주식회사
1020110043631,1020120125896,,취하,취하,반도체 패키지의 제조방법,한미반도체 주식회사
1020190125607,1020210042711,1023341380000,등록,등록,반도체 자재 절단 장치,한미반도체 주식회사|에스케이하이닉스 주식회사
1020100090619,1020120028639,,거절,거절,트랜스퍼 몰딩장치,한미반도체 주식회사
1020030019917,1020040085280,1004794170000,소멸,소멸,반도체 패키지 제조공정용 쏘잉 장치 및 그 제어방법,한미반도체 주식회사
1020120048631,,1013256340000,등록,등록,반도체 패키지용 회로기판의 검사방법,한미반도체 주식회사
1020080035611,1020090110032,1013158890000,등록,등록,반도체 패키지 반송장치의 제어방법,한미반도체 주식회사
1020020052387,1020020083963,1004399550000,소멸,소멸,반도체 패키지 이송용 안내장치,한미반도체 주식회사
1020060114074,1020080045028,,포기,포기,반도체 패키지 언로딩 핸들러의 보트 정렬장치,한미반도체 주식회사
1020070071223,1020090007967,,포기,포기,반도체 패키지 제조용 원형 패키지 집합체 절단장치 및절단방법,한미반도체 주식회사
1020020027464,1020030089302,1004412750000,소멸,소멸,반도체 패키지의 리드 검사방법,한미반도체 주식회사
1020120013082,1020130091835,1013472260000,등록,등록,반도체자재 절단장치 및 반도체자재의 절단방법,한미반도체 주식회사
1020120131385,1020140064255,,포기,포기,전자부품 실장장치 및 이의 인포지션 판정 방법,한미반도체 주식회사
1020080126416,1020100067844,,거절,거절,반도체 패키지 검사장치,한미반도체 주식회사
1020240117489,1020260031836,,공개,공개,반도체 자재 세척 및 건조방법,한미반도체 주식회사
1020210039897,1020220134350,,거절,거절,반도체 자재 절단장치의 절단방법,한미반도체 주식회사
1020200122699,1020220040010,1029322230000,등록,등록,반도체 자재 절단 및 세척방법,한미반도체 주식회사
1020060128282,,1008148900000,등록,등록,가공장치 및 반도체스트립 가공시스템,한미반도체 주식회사
1020080055036,1020090128991,1013806530000,등록,등록,비전검사장비의 비전검사방법,한미반도체 주식회사
1020070011975,,1008142840000,등록,등록,쏘잉 앤 플레이스먼트 장비의 비전 시스템,한미반도체 주식회사
1020120148387,,1013723800000,등록,등록,반도체 자재 절단장치,한미반도체 주식회사
1020130005017,,1013806270000,등록,등록,플립칩 본딩장치 및 그 제어방법,한미반도체 주식회사
1020120145309,1020140076828,1019622040000,등록,등록,진공흡착식 픽업장치,한미반도체 주식회사
1020080067379,1020100006989,1015085070000,등록,등록,비전검사장비의 픽커 유니트,한미반도체 주식회사
1020120063195,1020130139595,1013723790000,등록,등록,반도체 패키지용 회로기판의 검사방법,한미반도체 주식회사
1020060026689,1020070096386,1007961890000,등록,등록,반도체 제조장비의 테입 어태치 장치,한미반도체 주식회사
1020030062706,1020040064588,1005701590000,소멸,소멸,반도체 처리장치,한미반도체 주식회사
1020240082960,,1027549140000,등록,등록,본딩장치,한미반도체 주식회사
1020050007682,1020060087018,1006183080000,소멸,소멸,솔더볼 흡착장치 및 흡착방법,한미반도체 주식회사
1020120018616,1020130096976,1013030240000,등록,등록,플립칩 본딩장치,한미반도체 주식회사
1020230119243,1020250036590,1027997360000,등록,등록,본딩장치의 본딩 포스 제어방법,한미반도체 주식회사
1019930005089,1019940022777,1001173250000,소멸,소멸,반도체팩키지의분리장치,한미반도체 주식회사
1020100019377,1020110100411,1012286230000,등록,등록,적층형 반도체 패키지의 제조방법,한미반도체 주식회사
1020230143132,1020250059131,,공개,공개,플럭스 공급장치,한미반도체 주식회사
1020240064235,1020250164911,,공개,공개,반도체칩 본딩장치,한미반도체 주식회사
1019990005741,1020000056425,,취하,취하,비지에이 반도체칩용 기판의 볼마운팅장치,한미반도체 주식회사
1020050007683,1020060086736,1006183070000,소멸,소멸,솔더볼 공급장치,한미반도체 주식회사
1020050033150,1020060110669,,취하,취하,웨이퍼의 플럭스 도포용 마스크와 이를 구비한 플럭스 도포장치의 제어방법,한미반도체 주식회사
1020120050068,,1012751330000,등록,등록,플립칩 본딩장치,한미반도체 주식회사
1020230162742,1020250075363,,공개,공개,본딩장치,한미반도체 주식회사
1020110144707,1020130076206,1013723780000,소멸,소멸,반도체 제조 장치 및 이의 제어 방법,한미반도체 주식회사
1020230143128,1020250059127,,공개,공개,본딩장치,한미반도체 주식회사
1020100066911,1020120006271,1014147190000,등록,등록,반도체 패키지 집합체 정렬방법,한미반도체 주식회사
1020230162778,1020250075376,,공개,공개,본딩장치,한미반도체 주식회사
1020230126584,1020250043161,,공개,공개,열압착 본딩헤드의 제어방법,한미반도체 주식회사
1020170026773,1020180099379,,거절,거절,플립핑 장치 및 플립핑 장치의 제어방법,한미반도체 주식회사
1020230143131,1020250059130,,공개,공개,본딩장치,한미반도체 주식회사
1020050024495,,1006147670000,소멸,소멸,웨이퍼의 솔더볼 부착장치,한미반도체 주식회사
1020240081233,1020240149362,1027549130000,등록,등록,열압착 본딩장치,한미반도체 주식회사
1020210034267,1020220129403,1027996090000,등록,등록,반도체 자재 절단장치의 절단 셋팅방법,한미반도체 주식회사
1020200177668,1020220087195,1028192710000,등록,등록,본딩장치 및 본딩방법,한미반도체 주식회사
1020120088804,1020140022582,,취하,취하,플립칩 본딩장치 및 본딩장치의 교정방법,한미반도체 주식회사
1020090088339,1020110030760,,취하,취하,반도체 패키지 제조용 플럭스 공급장치,한미반도체 주식회사
1020230044948,1020240149241,1028438350000,등록,등록,열압착 본딩장치,한미반도체 주식회사
1020060063849,1020080004919,1008039530000,소멸,소멸,반도체 제조장비의 오토 리드 어태치/프레스 장치 및 시트블럭,한미반도체 주식회사
1020100043528,1020110124000,1014543190000,등록,등록,반도체 패키지 제조용 싱귤레이션장치,한미반도체 주식회사
1020050069224,1020070014520,1011741340000,등록,등록,반도체 금형장치,한미반도체 주식회사
1020170037607,1020180108178,1020751980000,등록,등록,본딩장치 및 이의 제어방법,한미반도체 주식회사
1020210012566,1020220109194,1024973050000,등록,등록,전자파 차폐시트 부착장치,한미반도체 주식회사
1020160083279,1020180003766,1018312560000,등록,등록,반도체 스트립 정렬장치 및 반도체 스트립 정렬방법,한미반도체 주식회사
1020090014699,1020100095736,1011222400000,등록,등록,반도체 패키지 가공을 위한 레이저 빔 조사 위치 보정방법,한미반도체 주식회사
1020100041973,1020110122447,1012370560000,등록,등록,반도체 패키지 집합체 정렬방법,한미반도체 주식회사
1020150171254,1020170065162,1020751790000,등록,등록,반도체 패키지 적재장치,한미반도체 주식회사
1020100088833,1020120026745,1015949650000,등록,등록,반도체 패키지 싱귤레이션 장치,한미반도체 주식회사
1020080132262,1020100073552,1015116670000,소멸,소멸,몰딩용 타블렛 선별 및 공급 장치,한미반도체 주식회사
1020200110887,1020220029857,,취하,취하,컴프레션 몰딩장치,한미반도체 주식회사
1020060067367,1020080008013,,포기,포기,반도체 제조장비의 픽커용 흡착패드,한미반도체 주식회사
1020100139437,1020120077477,1011795690000,소멸,소멸,웨이퍼 분류 장치,한미반도체 주식회사
1019990021602,1020010002027,1003258220000,소멸,소멸,반도체 팩키지의 리드걸폼 성형장치,한미반도체 주식회사
1020110082372,1020130020020,,포기,포기,LED자재 절삭장치 및 LED자재 절삭방법,한미반도체 주식회사
1020100009947,1020110090262,,취하,취하,다이 본딩 장비의 스탬핑 장치,한미반도체 주식회사
1020070031716,1020080088877,1008716700000,등록,등록,반도체 패키지 반송장치,한미반도체 주식회사
1020080031170,1020090105612,1011840780000,등록,등록,반도체 패키지 절단 방법,한미반도체 주식회사
1020060127257,1020070006639,1007215290000,소멸,소멸,반도체 패키지 리버싱장치,한미반도체 주식회사
1020060098426,1020080032501,1008451870000,소멸,소멸,반도체 제조장치,한미반도체 주식회사
1020170035233,1020170126787,1018769340000,등록,등록,비전 검사장치,한미반도체 주식회사
1020090123809,1020110067280,,취하,취하,웨이퍼 핸들링장치용 픽커의 이물질 감지 및 제거 방법,한미반도체 주식회사
1020210178468,1020230089782,,거절,거절,반도체 제조장치,한미반도체 주식회사
1020100017230,1020110097403,1011608870000,소멸,소멸,압축 성형 장치 및 방법,한미반도체 주식회사
1020190035578,1020200114225,,취하,취하,미세 소자 레이저 전사시스템 및 전사방법,한미반도체 주식회사
1020090069036,1020110011405,,포기,포기,반도체 패키지 제조용 패키지 집합체,한미반도체 주식회사
1020100077810,1020120015589,,취하,취하,반도체 패키지 제조장치,한미반도체 주식회사
1020160011587,1020170090795,1024404510000,등록,등록,반도체 패키지 처리장치,한미반도체 주식회사
1020190126584,1020210043808,,취하,취하,반도체 자재 몰딩 시스템,한미반도체 주식회사
1020090065723,1020110008390,,포기,포기,잉곳 스퀘어링 및 그라인딩 장비의 클램프,한미반도체 주식회사
1020120061235,1020120064066,,거절,거절,반도체 패키지 가공방법,한미반도체 주식회사
1020080111094,1020100052182,,취하,취하,반도체 패키지 몰딩장치용 리트랙터 핀 장치,한미반도체 주식회사
1020070044175,1020080098829,,거절,거절,반도체 패키지 제조용 스트립 반송 픽커,한미반도체 주식회사
1020080049099,1020090123159,1014255400000,등록,등록,반도체 패키지 제조장치의 스트립 안착 오류 감지장치,한미반도체 주식회사
1020000079284,1020020049956,1003969820000,소멸,소멸,반도체패키지 적재 테이블장치,한미반도체 주식회사
1020060098971,1020080032886,,포기,포기,반도체 패키지 제조용 볼 마운터의 볼 공급장치,한미반도체 주식회사
1020070066990,1020080019536,1009092570000,소멸,소멸,패키지 고정용 지그 어셈블리,한미반도체 주식회사
1020150117376,1020170022428,,거절,거절,반도체패키지 스퍼터링 프레임 및 이를 이용한 스퍼터링 방법,한미반도체 주식회사
1020170082708,1020190002177,1023235390000,등록,등록,열압착 본딩장치 및 열압착 본딩방법,한미반도체 주식회사
1020020078522,1020040050658,1004637600000,소멸,소멸,반도체 패키지 적재장치,한미반도체 주식회사
1020080004688,1020090078861,,포기,포기,메모리카드의 챔퍼 가공장치,한미반도체 주식회사
1020070066991,1020080019537,1008840560000,소멸,소멸,지그 어셈블리,한미반도체 주식회사
1020130049273,1020140130820,,거절,거절,비전검사장치,한미반도체 주식회사
1020070013873,1020080074569,1009044960000,소멸,소멸,반도체 패키지 가공시스템 및 반도체 패키지 가공방법,한미반도체 주식회사
1020120134888,,1013974240000,소멸,소멸,압축 몰딩 검사방법,한미반도체 주식회사
1020080095941,1020100036626,,거절,거절,반도체 패키지의 절단 가공 방법,한미반도체 주식회사
1020090119667,1020110062827,,취하,취하,웨이퍼 분리장치,한미반도체 주식회사
1020080038757,1020090112953,1013808220000,소멸,소멸,메모리카드 가공장치 및 메모리카드 가공방법,한미반도체 주식회사
1019990003622,1020000055160,1003083460000,소멸,소멸,피더이송장치의 이송로드 연결구조,한미반도체 주식회사
1020100078208,1020120015787,,포기,포기,스탬핑 장치,한미반도체 주식회사
1020210159931,1020230073478,1026468860000,등록,등록,반도체 자재 연삭장치의 두께 측정방법,한미반도체 주식회사
1019940005620,1019950026790,1001323890000,소멸,소멸,반도체팩키지이송장치,한미반도체 주식회사
1020090105429,1020110048735,1010619090000,등록,등록,반도체 패키지의 레이저 가공방법,한미반도체 주식회사
1020080043750,1020080109604,1014488430000,등록,등록,반도체 패키지용 흡착 패드,한미반도체 주식회사
1020200165820,1020220076884,1024750980000,등록,등록,반도체 자재 처리 장치 및 이의 튜브 오프로딩 방법,한미반도체 주식회사
1020130107782,1020150029086,,거절,거절,반도체 장치의 Z축 높이 감지방법,한미반도체 주식회사
1020110110199,1020110122810,,거절,거절,반도체 패키지 제조방법,한미반도체 주식회사
1019980029361,1020000009145,,거절,거절,반도체팩키지용자동몰딩장치,한미반도체 주식회사
1020030033862,1020040102309,1004884870000,소멸,소멸,캠 프레스 싱귤레이션 시스템,한미반도체 주식회사
1020110066902,1020130005483,1015769450000,소멸,소멸,웨이퍼 검사장치,한미반도체 주식회사
1020070093640,,1008716710000,소멸,소멸,메모리카드 싱귤레이션장치,한미반도체 주식회사
1020120040262,1020130117256,,포기,포기,플립칩 본딩장치 및 플립칩 본딩방법,한미반도체 주식회사
1020100092518,1020120030784,1015603050000,소멸,소멸,기판 절단 시스템 및 기판 지지장치,한미반도체 주식회사
1020050008189,,1005845150000,소멸,소멸,반도체 제조공정용 흡착패드,한미반도체 주식회사
1020050066150,1020070011679,,취하,취하,반도체 자재 픽업 방법,한미반도체 주식회사
1020100010401,1020110090553,,취하,취하,다이 본딩 장비의 이젝팅 장치,한미반도체 주식회사
1020070025300,1020080022481,,포기,포기,반도체 제조장비용 픽앤플레이스장치의 워킹 테이블,한미반도체 주식회사
1020060098065,1020080032396,,거절,거절,척테이블,한미반도체 주식회사
1020040104785,1020060066248,1006040970000,소멸,소멸,반도체 제조공정용 플립퍼링장치,한미반도체 주식회사
1020030090473,1020050058554,,거절,거절,반도체 패키지 이송 메카니즘,한미반도체 주식회사
1019900005259,1019910018151,1000574570000,소멸,소멸,리이드프레임성형용의인라인모울딩시스템,한미반도체 주식회사
1020120067375,1020140003683,,포기,포기,이송장치,한미반도체 주식회사
1020060003413,1020070074426,,포기,포기,반도체 제조공정용 클리닝장치,한미반도체 주식회사
1020030094757,1020050063359,,거절,거절,반도체 패키지 이송 메카니즘 및 이송방법,한미반도체 주식회사
1020030021956,1020040087525,1004975050000,소멸,소멸,반도체 패키지의 싱귤레이션 방법 및 장치,한미반도체 주식회사
1019930002361,1019940019440,1001057620000,소멸,소멸,봉입성형용모울딩프레스장치의금형,한미반도체 주식회사
1020190173378,1020210081137,,취하,취하,몰딩 파우더 공급장치 및 몰딩 파우더 공급방법,한미반도체 주식회사
1020070066988,1020080019534,1008840570000,소멸,소멸,반도체 패키지 가공시스템 및 그 방법,한미반도체 주식회사
1020070057291,1020080109226,1013404980000,등록,등록,반도체 패키지 제조용 싱귤레이션장치의 불량품 제거장치,한미반도체 주식회사
1020050031520,1020060109186,1007100060000,소멸,소멸,반도체 금형장치,한미반도체 주식회사
1020060022045,1020070092787,,취하,취하,SD 카드 챔퍼 가공용 척테이블,한미반도체 주식회사
1020230162740,1020250075362,,공개,공개,본딩장치,한미반도체 주식회사
1020020052386,1020020092262,1004330150000,소멸,소멸,반도체 패키지 절단장치의 패키지 커버 조립체,한미반도체 주식회사
1020120147958,1020140078820,,포기,포기,절삭장치,한미반도체 주식회사
1020150163481,1020170059290,,포기,포기,스퍼터링 척테이블을 구비하는 어태칭 장치,한미반도체 주식회사
1020120108977,1020140042337,,취하,취하,흡착 테이블 장치,한미반도체 주식회사
1020030044636,1020050004452,1005597810000,소멸,소멸,반도체 금형장치,한미반도체 주식회사
1020080067380,1020100006990,,취하,취하,비전검사장비의 픽커 유니트,한미반도체 주식회사
1020070025301,1020080022482,1008671070000,소멸,소멸,반도체 제조장비용 픽앤플레이스장치의 패키지 보정방법,한미반도체 주식회사
1020070073543,1020090010441,,포기,포기,반도체 패키지 제조장치,한미반도체 주식회사
1019900020597,1019920011677,1000728210000,소멸,소멸,반도체금형의캐비티블럭내에이젝터핀호울을가공하는방법,한미반도체 주식회사
1020100013807,1020100096009,1012283340000,등록,등록,반도체 패키지 가공시스템,한미반도체 주식회사
1020070066989,1020080019535,,거절,거절,네스트유닛 및 이를 이용한 세척시스템,한미반도체 주식회사
1020080053642,1020090127588,,거절,거절,메모리카드 가공장치,한미반도체 주식회사
1020100093522,1020120032087,,거절,거절,웨이퍼 공급 시스템,한미반도체 주식회사
1020060098972,,1007777890000,소멸,소멸,반도체 패키지 제조용 볼마운트 헤드,한미반도체 주식회사
1020210181074,1020230092101,1027043590000,등록,등록,반도체 자재 절단장치,한미반도체 주식회사
1020210077463,1020220167993,1028827520000,등록,등록,반도체 자재 연마시스템,한미반도체 주식회사
1020020052389,1020020079652,,거절,거절,반도체 패키지 이송장치,한미반도체 주식회사
1020180078142,1020190038280,1021531680000,등록,등록,반도체 자재 어태칭 방법,한미반도체 주식회사
1020200129683,1020220046364,1028737310000,등록,등록,반도체 패키지의 레이저 가공방법,한미반도체 주식회사
1020230162741,,1027624170000,등록,등록,본딩장치,한미반도체 주식회사
1020050025609,,1005852000000,소멸,소멸,반도체 제조공정용 척테이블,한미반도체 주식회사
1020130086851,1020150011643,,취하,취하,LED 몰딩 금형,한미반도체 주식회사
1020050092231,1020070037034,,포기,포기,반도체 패키지의 피치 및 회전 조절 장치,한미반도체 주식회사
1020120108058,,1013600070000,등록,등록,플립칩 본딩장치,한미반도체 주식회사
1020060098427,1020080032502,1008266090000,소멸,소멸,반도체 제조장치,한미반도체 주식회사
1020200141480,1020220056683,,취하,취하,몰딩장치,한미반도체 주식회사
1020070044323,1020080098921,,거절,거절,레이저 가공 시스템,한미반도체 주식회사
1019990018642,1020000074595,1002966200000,소멸,소멸,반도체용 몰드금형,한미반도체 주식회사
1020040001572,1020050073223,1011356800000,소멸,소멸,반도체 패키지 몰딩장치,한미반도체 주식회사
1020210130128,1020230046750,1026341740000,등록,등록,반도체 자재 절단장치,한미반도체 주식회사
1020060063822,,1007497580000,소멸,소멸,반도체 제조장비의 리드 프레스 장치,한미반도체 주식회사
1020070017130,1020080077503,,거절,거절,반도체 패키지용 스트립 분할장치,한미반도체 주식회사
1020080038755,1020090112952,1014147170000,등록,등록,반도체 패키지 제조장치의 브러쉬 어셈블리,한미반도체 주식회사
1020060106273,1020080038834,,포기,포기,반도체 스트립의 보호필름 제거장치용 스트립 고정장치,한미반도체 주식회사
1020210096129,1020230016069,,거절,거절,절삭 블레이드 검출장치,한미반도체 주식회사
1020100048360,1020110128988,,거절,거절,웨이퍼 이송장치와 이를 구비한 위치 측정 시스템 및 비전 검사 시스템,한미반도체 주식회사
1020080130316,1020100071551,1015300090000,소멸,소멸,웨이퍼 비전검사장치,한미반도체 주식회사
1019850000805,1019860006826,1000248940000,소멸,소멸,리이드후레임의오토로우더,한미반도체 주식회사
1020060065159,,1007497590000,소멸,소멸,반도체 제조장비의 리드 스톱퍼 장치,한미반도체 주식회사
1020020036433,1020040001289,1004795350000,소멸,소멸,반도체 패키지의 리드촬영장치,한미반도체 주식회사
1020130087752,1020150012361,1015667140000,등록,등록,플립칩 본딩장치,한미반도체 주식회사
1020240063915,1020250164468,,공개,공개,열압착 본딩헤드,한미반도체 주식회사
1020160039658,1020170112524,,포기,포기,몰딩 파우더 공급방법,한미반도체 주식회사
1020080038119,1020090112309,,취하,취하,반도체 제조장비의 동시 컷팅 제어방법,한미반도체 주식회사
1020020056786,1020040025006,1004524230000,소멸,소멸,하향식 싱귤레이션장치,한미반도체 주식회사
1020190090610,,1021325620000,소멸,소멸,몰딩용 타블렛 공급장치,한미반도체 주식회사
1020070103147,1020090037683,1009044720000,등록,등록,반도체 제조장비의 튜브적재장치,한미반도체 주식회사
1020120108170,1020140041153,,거절,거절,반도체 제조장치 및 이의 제어방법,한미반도체 주식회사
1019960064585,1019980046276,1002159370000,소멸,소멸,반도체의 리드프레임을 가공하는 장치,한미반도체 주식회사
1020120088147,1020140022129,1014461770000,소멸,소멸,압축 성형장치,한미반도체 주식회사
1020110145950,1020130077311,,거절,거절,픽업유닛 및 픽업장치,한미반도체 주식회사
1020150163309,1020170059227,,거절,거절,반도체패키지 스퍼터링 프레임,한미반도체 주식회사
1020100092635,1020120030841,,거절,거절,"웨이퍼 마캉장치, 마킹위치 검사부재 및 웨이퍼 마킹장치의 제어방법",한미반도체 주식회사
1020120140418,1020140072656,1019250450000,등록,등록,도킹블럭유닛,한미반도체 주식회사
1020060002502,1020070074681,1010599140000,등록,등록,반도체 제조공정용 테이블,한미반도체 주식회사
1020100078209,,1011102330000,소멸,소멸,수지재 공급장치 및 이를 구비하는 스탬핑 시스템,한미반도체 주식회사
1020210091847,1020230011159,1026859630000,등록,등록,반도체 자재 절단방법,한미반도체 주식회사
1020030036285,1020040107557,1005161780000,소멸,소멸,반도체 이송용 피더 구동장치의 회전커버,한미반도체 주식회사
1019980009590,1019980019474,1002985140000,소멸,소멸,마이크로비지에이의싱귤레이션금형,한미반도체 주식회사
1020080039198,1020090113463,,거절,거절,반도체 제조장비의 인라인 쏘잉 시스템,한미반도체 주식회사
1020070071718,1020090008630,,포기,포기,반도체 패키지 제조용 기판 인입출장치,한미반도체 주식회사
1020080073448,1020100012189,1014543180000,소멸,소멸,이젝터 핀 어셈블리,한미반도체 주식회사
1020180103233,1020200025609,,거절,거절,흡착 테이블,한미반도체 주식회사
1020180007300,1020190088785,1024063850000,등록,등록,반도체 자재 절단장치,한미반도체 주식회사
1020120071421,1020140003281,,포기,포기,반도체칩 본딩 시스템,한미반도체 주식회사
1020070015494,1020080076063,,포기,포기,반도체 패키지용 리드프레임,한미반도체 주식회사
1020150129573,1020170031952,1020534800000,등록,등록,반도체 패키지 건조장치 및 이를 구비하는 반도체 스트립 절단 시스템,한미반도체 주식회사
1020040068433,1020060019780,1006183090000,소멸,소멸,반도체 장비 제어 시스템,한미반도체 주식회사
1020010017150,1020020076923,,거절,거절,반도체 금형 어셈블리의 변형 방지구조,한미반도체 주식회사
1020120085588,1020140019894,1013724590000,소멸,소멸,웨이퍼 검사 장비의 테스트용 시편,한미반도체 주식회사
1020010026420,1020020087296,1003835140000,소멸,소멸,소형반도체 패키지 이송장치,한미반도체 주식회사
1020210037705,1020220132766,1027142820000,등록,등록,스크랩 배출장치,한미반도체 주식회사
1020100106769,1020120045309,,포기,포기,웨이퍼 검사장치 및 이를 구비한 웨이퍼 검사 시스템,한미반도체 주식회사
1020210030811,1020220126478,,거절,거절,반도체 자재 오프로딩 장치,한미반도체 주식회사
1020060007349,1020060087422,1007600010000,등록,등록,반도체 제조 공정용 흡착패드 가공장치 및 가공방법,한미반도체 주식회사
1020190012950,1020200095179,1021437150000,등록,등록,테이핑 시스템 및 테이핑 방법,한미반도체 주식회사
1019970062141,1019990041537,1002591780000,소멸,소멸,반도체 가공장치의 메카니컬식 프레스장치에 상부금형을 고정하는 구조,한미반도체 주식회사
1020070106836,1020090041236,,포기,포기,반도체 패키지 이송장치의 흡착패드,한미반도체 주식회사
1019980005579,1019990070618,1002678790000,소멸,소멸,반도체 가공장치의 비젼시스템,한미반도체 주식회사
1020080004687,1020090078860,,포기,포기,메모리카드 가공장치,한미반도체 주식회사
1020170031360,1020180104800,1020085150000,등록,등록,반도체 제조장치 및 이의 제어방법,한미반도체 주식회사
1020110104133,1020130039520,1012758620000,등록,등록,반도체 제조 시스템 및 이의 제어방법,한미반도체 주식회사
1020100037307,1020110117848,1014543200000,등록,등록,반도체 패키지 제조장치의 스트립 로딩장치,한미반도체 주식회사
1020000079283,1020020049955,1003638510000,소멸,소멸,반도체 패키지 진공 흡착 이송 장치,한미반도체 주식회사
1020090088338,1020110030759,,취하,취하,반도체 패키지 제조용 플럭스 공급장치,한미반도체 주식회사
1019930031492,1019950021445,1001168470000,소멸,소멸,반도체팩키지성형용금형의리이드프레임정위치확인장치와그방법,한미반도체 주식회사
1020000027906,1020010106884,,취하,취하,마이크로비지에이 싱귤레이션 장치,한미반도체 주식회사
1019980064110,1020000047308,,거절,거절,반도체팩키지의싱귤레이션및적재시스템,한미반도체 주식회사
1020060046513,1020070112941,,포기,포기,패키지 가공 장치 및 방법,한미반도체 주식회사
1020070013824,1020080074544,1008806520000,등록,등록,반도체 패키지 처리 장치,한미반도체 주식회사
1020120023145,1020130102156,1013249690000,등록,등록,반도체 패키지 검사장치,한미반도체 주식회사
1019940008542,1019950030287,1001161560000,소멸,소멸,반도체팩키지성형용금형(AMOLDINGDEVICEOFSEMICONDUCTOR-PACKAGE),한미반도체 주식회사
1020080054440,1020090128612,,거절,거절,반도체 제조장비의 비전장치,한미반도체 주식회사
1020060098091,1020080032413,,포기,포기,반도체 제조장치,한미반도체 주식회사
1020090003105,1020100083630,,거절,거절,웨이퍼 검사장치,한미반도체 주식회사
1020020071427,1020040043239,1004524240000,소멸,소멸,플로터와 워킹빔을 갖춘 캠구동식 싱귤레이션장치,한미반도체 주식회사
1020130034278,1020140118418,1015433170000,등록,등록,본딩 부재 및 이를 구비하는 반도체칩 본딩장치,한미반도체 주식회사
1020150145138,,1016901080000,소멸,소멸,컴프레션 몰딩장치,한미반도체 주식회사
1020230150247,1020240093326,1028736860000,등록,등록,반도체 제조장치의 처리방법,한미반도체 주식회사
1019930031493,1019950021446,1001179420000,소멸,소멸,반도체팩키지금형의모듈구분방법과그장치,한미반도체 주식회사
1020180028174,1020190106545,,취하,취하,테이프 어태치 장치,한미반도체 주식회사
1020030020730,1020040085884,1005597790000,소멸,소멸,플로터를 갖춘 하향식 반도체 금형장치,한미반도체 주식회사
1020010017149,1020010087439,,포기,포기,반도체 금형용 펠릿 로딩장치,한미반도체 주식회사
1020030077831,1020050043069,,포기,포기,필름형 반도체 패키지 절단장치,한미반도체 주식회사
1020120130673,1020140063943,1014360560000,소멸,소멸,몰딩용 타블렛 공급장치,한미반도체 주식회사
1020090122572,1020110065888,,취하,취하,웨이퍼 핸들링장치용 픽커 및 이를 이용한 웨이퍼 핸들링방법,한미반도체 주식회사
1020060114741,1020080045524,1008544360000,등록,등록,반도체 패키지 핸들링장치,한미반도체 주식회사
1019890006978,1019900019190,1000545770000,소멸,소멸,반도체칩성형기의리드프레임이송장치,한미반도체 주식회사
1020210056730,1020220149866,,취하,취하,웨이퍼 마킹장치 및 이의 마킹방법,한미반도체 주식회사
1020200160708,1020220073035,1024578760000,등록,등록,레이저 가공 방법,한미반도체 주식회사
1020060117646,1020080047775,1013033140000,소멸,소멸,반도체 패키지 몰딩장치,한미반도체 주식회사
1020120079982,1020140013313,1013583730000,등록,등록,반도체 제조용 척테이블장치 및 이를 갖춘 반도체 제조장치,한미반도체 주식회사
1020100002710,1020100083726,1015536820000,소멸,소멸,성형장치용 컬 감지장치,한미반도체 주식회사
1020030022667,1020040088689,1004975270000,소멸,소멸,반도체 리드프레임 공급장치 및 공급방법,한미반도체 주식회사
1020100113693,1020120052502,1012074700000,소멸,소멸,웨이퍼 검사장치 및 이를 구비한 웨이퍼 검사 시스템,한미반도체 주식회사
1020130072185,1020150000148,,포기,포기,척테이블 및 척테이블 제조방법,한미반도체 주식회사
1019940006372,1019950028092,1001335410000,소멸,소멸,반도체팩키지의리이드재성형장치,한미반도체 주식회사
1020170035163,1020180106593,,거절,거절,압축 몰딩 시스템 및 이의 압축 몰딩 방법,한미반도체 주식회사
1020070064522,1020080104927,,취하,취하,번인 테스트용 소팅 핸들러,한미반도체 주식회사
1020060006011,,1006853730000,등록,등록,공압식 분할 시스템 및 펀치툴,한미반도체 주식회사
1020030011659,1020040076343,1005235470000,소멸,소멸,반도체 패키지의 리드프레임 성형용 금형,한미반도체 주식회사
1020120018730,1020130097034,,포기,포기,다이 소터,한미반도체 주식회사
1020050043246,1020060120980,1007240440000,소멸,소멸,반도체 제조 공정용 이송장치,한미반도체 주식회사
1019980050041,1020000033262,1002978520000,소멸,소멸,반도체팩키지의 리드걸폼 성형방법 및 그 금형,한미반도체 주식회사
1020190082838,,1021203510000,등록,등록,비전시스템의 조명 설정 방법,한미반도체 주식회사
1020040054734,1020060005778,1005634350000,소멸,소멸,셔틀슈트 및 이를 이용한 소팅방법,한미반도체 주식회사
1020080061282,1020100001395,,거절,거절,자재 이송용 쏘팅픽커,한미반도체 주식회사
1020230162738,1020250075361,,공개,공개,본딩장치,한미반도체 주식회사
1019970023677,1019990000650,1002455520000,소멸,소멸,반도체 가공장치의 팩키지 적재시스템,한미반도체 주식회사
1020030021955,1020040087524,1004975060000,소멸,소멸,반도체 스트립 소잉장치 및 이를 구비한 반도체 패키지의싱귤레이션 장치,한미반도체 주식회사
1020070025604,1020080084216,,취하,취하,번인 테스트용 소팅 핸들러,한미반도체 주식회사
1020200174522,1020220084744,1028915480000,등록,등록,본딩장치 및 본딩장치의 보정방법,한미반도체 주식회사
1020240035699,1020250139915,,공개,공개,반도체 자재 절단장치,한미반도체 주식회사
1020040096488,1020060057665,,취하,취하,반도체 제조공정용 쏘잉시스템,한미반도체 주식회사
1020060138017,,1008382400000,등록,등록,반도체 패키지 제조 장비의 듀얼 테이블 간섭 방지 장치 및방법,한미반도체 주식회사
1020170096944,,1019177200000,소멸,소멸,웨이퍼 마킹 장치 및 웨이퍼 마킹방법,한미반도체 주식회사
1020120007215,1020130086441,,거절,거절,반도체 패키지 처리장치 및 반도체 패키지 처리방법,한미반도체 주식회사
1020080089242,1020090028431,1014729690000,소멸,소멸,메모리카드 가공장치,한미반도체 주식회사
1020110058493,1020120138997,,거절,거절,반도체 자재용 또는 LED자재용 절단장치 및 반도체 자재 또는 LED자재의 절단방법,한미반도체 주식회사
1019940011169,1019950034725,1001306130000,소멸,소멸,반도체팩키지의리이드재성형장치,한미반도체 주식회사
1020020052390,1020020079653,,포기,포기,반도체 패키지 싱귤레이션 시스템,한미반도체 주식회사
1020000079282,1020020049954,1003858760000,소멸,소멸,반도체 패키지장치 절단용 핸들러 시스템,한미반도체 주식회사
1020110045614,1020120127864,,거절,거절,컬 제거장치,한미반도체 주식회사
1019940011168,1019950034694,1001306140000,소멸,소멸,반도체팩키지의튜브적치장치,한미반도체 주식회사
1019990005740,1020000056424,,취하,취하,플립칩용 디스펜싱 장치,한미반도체 주식회사
1020080055515,1020090129549,1014255420000,소멸,소멸,메모리카드 가공장치,한미반도체 주식회사
1020070118976,1020090052468,,거절,거절,자재 하프 컷팅 방법,한미반도체 주식회사
1020080114552,1020100055705,1014611180000,소멸,소멸,반도체 패키지 가공용 지그,한미반도체 주식회사
1020230145985,,1026731730000,등록,등록,반도체 자재 처리장치 및 이의 처리방법,한미반도체 주식회사
1020070072817,1020090009498,,거절,거절,테이프 부착장치,한미반도체 주식회사
1020030022583,1020040088633,1005141040000,소멸,소멸,에스이시에스 컨트롤러 및 이를 이용한 반도체장비네트워킹 시스템,한미반도체 주식회사
1020130051675,,1014461700000,등록,등록,"반도체 패키지 정렬장치, 반도체 패키지 절단 정렬장치, 및 반도체 패키지 절단 정렬방법",한미반도체 주식회사
1020100039929,1020110120494,,거절,거절,반도체 검사장비의 백라이트 유닛,한미반도체 주식회사
1020110084408,1020130021877,1012758630000,소멸,소멸,웨이퍼 검사장치,한미반도체 주식회사
1020100017191,1020110097377,,거절,거절,압축 성형장치 및 압축 성형방법,한미반도체 주식회사
1019980024250,1020000003130,1002892780000,소멸,소멸,에프-비지에이의 싱귤레이션 금형 방법과 그 금형장치,한미반도체 주식회사
1020040096957,,1005634340000,소멸,소멸,고무패드 가공방법,한미반도체 주식회사
1020080063310,1020090028397,,취하,취하,메모리카드 가공장치,한미반도체 주식회사
1020120036049,1020130113677,,거절,거절,웨이퍼 검사장치,한미반도체 주식회사
1020100069403,1020120009555,,거절,거절,트랜스퍼 몰딩장치,한미반도체 주식회사
1020170144013,1020190048797,,거절,거절,스퍼터링용 척테이블,한미반도체 주식회사
1020100118902,1020120057248,1015603060000,등록,등록,기판 이송 어셈블리,한미반도체 주식회사
1019950030554,1019970018466,1001642540000,소멸,소멸,반도체팩키지싱귤레이션장치,한미반도체 주식회사
1020110129899,1020130063402,,거절,거절,반도체 제조 장치,한미반도체 주식회사
1020050008190,,1005845160000,소멸,소멸,반도체 제조공정용 흡착패드,한미반도체 주식회사
1020020054082,1020020073473,1004433160000,소멸,소멸,반도체 패키지 몰딩장치,한미반도체 주식회사
1020100036566,1020110116894,,거절,거절,웨이퍼 마킹 시스템 및 웨이퍼 마킹방법,한미반도체 주식회사
1020090014698,1020100095735,1011799830000,등록,등록,반도체 패키지의 가공을 위한 레이저 빔 조사 궤적 생성방법,한미반도체 주식회사
1020030020189,1020040085492,1004795280000,소멸,소멸,쏘잉장치의 격자형 제1적재테이블,한미반도체 주식회사
1020060032010,1020070100566,1007777840000,소멸,소멸,패키지 핸들러,한미반도체 주식회사
1020100037291,1020110095091,1015194760000,소멸,소멸,잉곳 검사 장치 및 방법,한미반도체 주식회사
1020130009263,1020140096562,,포기,포기,반도체패키지 가공장치 및 그 가공방법,한미반도체 주식회사
1020070071222,1020090007966,1009154420000,등록,등록,반도체 패키지 제조용 싱귤레이션장치,한미반도체 주식회사
1020110065818,1020110094255,1014810800000,등록,등록,반도체 패키지의 레이저 가공방법,한미반도체 주식회사
1020040048570,1020050122908,,취하,취하,반도체 패키지 정렬방법,한미반도체 주식회사
1020070100511,1020090035301,,포기,포기,반도체 패키지 제조용 싱귤레이션 장치,한미반도체 주식회사
1020050014923,,1006074210000,소멸,소멸,반도체 금형장치,한미반도체 주식회사
1019970023676,1019990000649,1002455510000,소멸,소멸,반도체 가공장치의 반제품 이송장치,한미반도체 주식회사
1020060106274,1020080038835,1008382620000,등록,등록,반도체 스트립의 보호필름 분리헤드,한미반도체 주식회사
1020220007140,1020230111685,,거절,거절,픽커,한미반도체 주식회사
1020040110830,1020060066566,1005953630000,소멸,소멸,"자외선 조사장치, 자외선 조사장치를 구비한 반도체처리장치 및 웨이퍼 쏘잉 장치를 구비한 반도체 처리장치",한미반도체 주식회사
1020210034212,1020220129383,,거절,거절,반도체 자재 절단장비의 디스플레이 장치,한미반도체 주식회사
1020070013875,1020080074571,,포기,포기,반도체 패키지 고정장치,한미반도체 주식회사
1020080085871,1020100026748,,거절,거절,반도체 패키지 제조용 웨이퍼 프레임 반송 장치 및 방법,한미반도체 주식회사
1020070075028,1020090011444,1008840320000,소멸,소멸,반도체 패키지 제조장치의 반도체 패키지 집합체 인출장치,한미반도체 주식회사
1020100088462,1020120026311,1012284590000,소멸,소멸,웨이퍼 검사장치 및 이를 구비한 웨이퍼 검사 시스템,한미반도체 주식회사
1020060002456,1020070074401,,포기,포기,반도체 제조공정용 절단 및 처리장치,한미반도체 주식회사
1020020064070,1020040035283,1004882350000,소멸,소멸,하향식 반도체 금형장치,한미반도체 주식회사
1020160103218,1020170043997,1018206670000,등록,등록,반도체 패키지 처리장치,한미반도체 주식회사
1020060085551,,1007959500000,등록,등록,반도체 패키지 처리장치 및 그 제어방법,한미반도체 주식회사
1020080057287,1020090131424,1014147180000,등록,등록,반도체 패키지 제조용 금형,한미반도체 주식회사
1020070025302,1020080022483,,포기,포기,반도체 제조장비용 픽앤플레이스장치의 플립 오버 픽커,한미반도체 주식회사
1019960000394,1019970060428,1001907440000,소멸,소멸,리드프레임 위치설정 감지장치,한미반도체 주식회사
1020070066992,1020080019538,1009154440000,소멸,소멸,반도체 패키지 고정 어셈블리,한미반도체 주식회사
1020080089886,1020100030915,1014611240000,등록,등록,반도체 패키지 제조장치용 트레이 오프로더,한미반도체 주식회사
1020090110154,1020110053573,,취하,취하,웨이퍼 핸들링장치,한미반도체 주식회사
1020230143130,1020250059129,,공개,공개,본딩헤드,한미반도체 주식회사
1019970058885,1019990038980,1002582950000,소멸,소멸,반도체 가공장치의 팩키지 녹아웃을 감지하는 방법,한미반도체 주식회사
1020100022412,1020110103195,,거절,거절,태양전지 셀 검사장치,한미반도체 주식회사
1020200005785,1020210092422,1028187180000,등록,등록,레이저 본딩 시스템,한미반도체 주식회사
1020070013872,1020080019526,1008553610000,소멸,소멸,반도체 패키지 위치 제어시스템 및 제어방법,한미반도체 주식회사
1020230143129,1020250059128,,공개,공개,익스팬딩 장치,한미반도체 주식회사
1020090076202,1020110018636,,취하,취하,웨이퍼 검사장치,한미반도체 주식회사
1020060028168,1020070097239,1013031030000,등록,등록,반도체 패키지 제조장비의 스트립 로케이션 장치 및 방법,한미반도체 주식회사
1020070048382,1020080102061,,거절,거절,얼라인먼트 비전 방법 및 장치,한미반도체 주식회사
1020130033522,,1014256130000,등록,등록,플립칩 본딩장치 및 플립칩 본딩방법,한미반도체 주식회사
1020130075227,,1014606260000,소멸,소멸,반도체 자재 공급장치,한미반도체 주식회사
1020080030274,1020090105037,,포기,포기,메모리카드의 외형 가공장치,한미반도체 주식회사
1019940006874,1019950030327,1001204020000,소멸,소멸,리드프레임의절단및용접장치,한미반도체 주식회사
1020070013837,1020080074551,1008553600000,소멸,소멸,트레이 픽커,한미반도체 주식회사
1020080067378,1020100006988,1014609620000,등록,등록,비전검사장비의 로더장치,한미반도체 주식회사
1020060139252,1020080019524,1009209880000,소멸,소멸,위치변경장치 및 반도체 패키지 가공시스템,한미반도체 주식회사
1020180022195,1020190101796,1024173230000,등록,등록,반도체 자재의 부분 차폐방법,한미반도체 주식회사
1020150140969,1020170041488,,취하,취하,몰딩 파우더 공급방법,한미반도체 주식회사
1020030090474,1020050058555,1008144480000,소멸,소멸,반도체 패키지 건조시스템,한미반도체 주식회사
1020150120937,1020170026751,1020419570000,등록,등록,반도체 스트립 절단 및 정렬장치와 그 방법,한미반도체 주식회사
1020070093641,1020090028211,,포기,포기,메모리카드 가공용 지그,한미반도체 주식회사
1020150136675,1020170037289,,포기,포기,반도체 패키지 분리방법,한미반도체 주식회사
1020190024161,,1021530100000,등록,등록,픽커 흡착패드의 검사장치 및 픽커 흡착패드의 검사방법,한미반도체 주식회사
1020110119691,1020130053953,1016760060000,소멸,소멸,몰딩장치,한미반도체 주식회사
1020090116525,1020110060054,,거절,거절,웨이퍼 검사장비의 웨이퍼 이송장치,한미반도체 주식회사
1020060130244,,1007959660000,등록,등록,반도체 패키지 제조용 쏘잉장치의 척테이블,한미반도체 주식회사
1020120002196,1020130081170,1015900270000,등록,등록,칩고정장치 및 이를 구비하는 픽업 시스템,한미반도체 주식회사
1019940029484,1019960019624,1001514360000,소멸,소멸,스트립가공시스템의스트립이송장치,한미반도체 주식회사
1020070013823,1020080074543,,거절,거절,반도체 패키지 처리 장치,한미반도체 주식회사
1020110081374,1020130019302,1013033150000,등록,등록,반도체자재용 절삭장치 및 반도체자재의 절삭방법,한미반도체 주식회사
1020070083720,1020080047962,1008748520000,소멸,소멸,반도체 패키지 몰딩장치,한미반도체 주식회사
1019960040817,1019980021836,1001994460000,소멸,소멸,반도체팩키지 성형장치의 녹아웃감지기구,한미반도체 주식회사
1020150004292,,1016405250000,등록,등록,픽 앤 플레이스먼트 장치,한미반도체 주식회사
1020100057620,1020110137602,,취하,취하,다이 본딩 장치의 본드 헤드,한미반도체 주식회사
1020210077465,1020220167995,1028187210000,등록,등록,반도체 자재 세척장치,한미반도체 주식회사
1020070013874,1020080074570,,거절,거절,반도체 패키지 위치 보정시스템 및 위치 보정방법,한미반도체 주식회사
1020200025979,1020210111001,1027323840000,등록,등록,본딩 장치,한미반도체 주식회사
1020070072816,1020090009497,,거절,거절,반도체 패키지 제조장치의 기판 반송용 워크테이블,한미반도체 주식회사
1020110026446,1020120108505,1012284610000,소멸,소멸,적재 테이블,한미반도체 주식회사
1020100043628,1020110124058,,거절,거절,반도체 공정용 흡착패드 및 이를 구비한 반도체 공정용 진공 흡착장치,한미반도체 주식회사
1020080112108,1020100053125,,포기,포기,반도체 패키지 트랜스퍼장치,한미반도체 주식회사
1020110073885,1020130012631,,거절,거절,LED자재용 절삭장치 및 LED자재의 절삭방법,한미반도체 주식회사
1020050024684,,1006147970000,소멸,소멸,반도체 제조공정용 척테이블,한미반도체 주식회사
1020230162780,,1027799860000,등록,등록,본딩장치,한미반도체 주식회사
1020080097699,1020100038650,,취하,취하,잉곳 검사 장치 및 방법,한미반도체 주식회사
1020040102460,1020060063324,1006147980000,소멸,소멸,스크랩 배출장치,한미반도체 주식회사
1020110017937,1020120098168,1015508340000,등록,등록,반도체 패키지 제조방법,한미반도체 주식회사
1020020064596,1020040035447,,취하,취하,반도체패키지 적재장치,한미반도체 주식회사
1020030015632,1020040080702,1004975740000,소멸,소멸,반도체 제조장비의 픽앤플레이스 장치,한미반도체 주식회사
1020020065512,1020040036840,1005009170000,소멸,소멸,반도체패키지 튜브적재장치,한미반도체 주식회사
1020080073449,1020100012190,,취하,취하,기판 두께 보상 장치,한미반도체 주식회사
1020130012346,1020140099665,1014461740000,등록,등록,집진 방법 및 이를 이용하는 집진 장치,한미반도체 주식회사
1020220032091,1020230134823,,공개,공개,α-갈락토시다제 A의 융합단백질을 포함하는 동결 건조 제제,주식회사 녹십자|한미약품 주식회사
1020100027450,1020110108127,1011124210000,등록,등록,사례기반추론과 유전자알고리즘을 이용한 건축물의 공사비 예측시스템 및 방법,(주)한미글로벌건축사사무소|단국대학교 산학협력단|(주) 희림종합건축사사무소|서울시립대학교 산학협력단|서울대학교산학협력단|주식회사 건축사사무소건원엔지니어링
1020110002768,1020120081430,1012765280000,등록,등록,1일 생산성 정보 기반의 공기단축형 발주를 위한 낙찰자 선정 방법,서울시립대학교 산학협력단|서울대학교산학협력단|주식회사 건축사사무소건원엔지니어링|(주)한미글로벌건축사사무소|단국대학교 산학협력단|(주) 희림종합건축사사무소
1020210064538,1020210152943,,공개,공개,"암로디핀, 로사르탄 및 클로르탈리돈을 단층정에 포함하는 심혈관계 질환의 예방 또는 치료용 약제학적 복합제제",한미약품 주식회사
1020080054477,1020090128634,,거절,거절,CBR기반 공공아파트 설계단계 건축공사비 예측 모델,서울시립대학교 산학협력단|재단법인서울대학교산학협력재단|(주)한미글로벌건축사사무소|단국대학교 산학협력단|(주) 희림종합건축사사무소|한국건설기술연구원
1020210042319,1020210122200,1025452500000,등록,등록,신규한 면역 활성 인터루킨 2 아날로그,한미약품 주식회사
1020170014052,1020170091056,1029463630000,등록,등록,치료학적 효소류의 결합체,한미약품 주식회사
1020180079409,1020190005803,1024136860000,등록,등록,신규 치료학적 효소 융합단백질 및 이의 용도,한미약품 주식회사
1020190123214,1020200038878,,공개,공개,글루카곤 및 이를 포함하는 조합물의 치료학적 용도,한미약품 주식회사
1020190089585,1020190092344,1023958560000,등록,등록,"글루카곤 유도체, 이의 결합체, 및 이를 포함하는 조성물, 및 이의 치료적 용도",한미약품 주식회사
1020120145603,1020140076979,1019866830000,등록,등록,테트라졸 유도체를 활성 성분으로 포함하는 용해도가 개선된 고체 분산체,한미약품 주식회사
1020200155786,1020200135905,1022718630000,등록,등록,"비펩티드성 중합체 링커 화합물, 그 링커 화합물을 포함하는 결합체, 및 이들의 제조방법",한미약품 주식회사
1020190061853,1020190060749,1024018690000,등록,등록,"글루카곤, GLP-1 및 GIP 수용체 모두에 활성을 갖는 삼중 활성체의 지속형 결합체",한미약품 주식회사
1020190173150,1020200078413,,공개,공개,"글루카곤, GLP-1 및 GIP 수용체 모두에 활성을 갖는 삼중 활성체 및 인슐린을 포함하는 약학 조성물",한미약품 주식회사
1020190089584,1020190092343,1023958550000,등록,등록,신규 글루카곤 유도체 및 이의 지속형 결합체를 포함하는 조성물,한미약품 주식회사
1020200161534,1020220073454,,공개,공개,신규한 뇌 표적 지속형 단백질 결합체 및 이의 제조방법,한미약품 주식회사
1020230074093,1020230088656,1029463680000,등록,등록,신규한 면역 활성 인터루킨 2 아날로그,한미약품 주식회사
1020200011623,1020200096157,1024126320000,등록,등록,이미다조피리딘 유도체 화합물 및 이의 용도,한미약품 주식회사
1020240077657,1020240099117,,공개,공개,신규한 면역 활성 인터루킨 2 아날로그 결합체 및 이의 제조 방법,한미약품 주식회사
1020250130180,1020260038229,,공개,공개,GLP-1 수용체 작용제 및 이의 용도,한미약품 주식회사
1020140081242,1020150002550,1022466570000,등록,등록,타다라필 및 탐수로신을 함유하는 약학적 캡슐 복합 제제,한미약품 주식회사
1020060077377,1020070021079,1008245050000,등록,등록,개시 메티오닌 잔기가 제거된 면역글로불린 Fc 영역의대량 생산방법,한미사이언스 주식회사
1020200102034,1020220021319,1023864030000,등록,등록,신규한 디옥솔로이소퀴놀린온 유도체 화합물 및 이의 용도,한미약품 주식회사
1020190087240,1020210009980,,거절,거절,단백질 결합체의 신규 제조 방법,한미약품 주식회사
1020197009091,1020190055813,1022429900000,등록,등록,헤테로다이머 면역글로불린 구조체 및 이의 제조 방법,북경한미약품 유한공사
1020167027373,1020160124904,1018515710000,등록,등록,"탁산을 포함하는 무정형 고체 분산체, 그를 포함하는 정제 및 그를 제조하는 방법",한미약품 주식회사
1020197013134,1020190065375,1022477040000,등록,등록,항 PD-1/항 HER2 천연항체 구조 형태의 헤테로다이머 계의 이중특이성 항체 및 그 제조방법,북경한미약품 유한공사
1020120081475,1020140018462,1019683440000,등록,등록,옥신토모듈린 유도체를 포함하는 고지혈증 치료용 조성물,한미약품 주식회사
1020237026757,1020230129483,,공개,공개,PD-L1과 특이적으로 결합하는 항체 및 그 항원 결합 단편,베이징 한미 파마슈티컬 컴퍼니 리미티드
1020237026770,1020230129271,,공개,공개,항PD-L1/항4-1BB 천연항체 구조 형태의 헤테로다이머 이중특이성 항체 및 그 제조방법,베이징 한미 파마슈티컬 컴퍼니 리미티드
1020257002074,1020250034095,,공개,공개,항-PD-L1/항-4-1BB 이중 특이 항체를 위한 제형,베이징 한미 파마슈티컬 컴퍼니 리미티드
1020210185351,1020230095666,,공개,공개,간 표적 물질 및 이의 용도,한미약품 주식회사
1020210185350,1020230095665,,공개,공개,간 표적 약물 및 이의 용도,한미약품 주식회사
1020200087117,1020220008674,1029264910000,등록,등록,"링커-레진 화합물, 그 제조방법, 및 그 화합물을 이용한 펩타이드 제조방법",한미정밀화학주식회사
1020180010226,1020180088317,1019543690000,등록,등록,피리미딘 화합물 및 그의 의약 용도,한미약품 주식회사
1020180086768,,1019543700000,등록,등록,피리미딘 화합물 및 이를 포함하는 암의 예방 또는 치료용 약학 조성물,한미약품 주식회사
1020210083100,1020230000682,,공개,공개,심혈관 질환 또는 신장 기능장애 발생의 위험을 감소시키기 위한 에페글레나타이드,한미약품 주식회사
1020210175141,1020230086480,,공개,공개,신규한 아디포넥틴 아날로그 및 결합체,한미약품 주식회사
1020140038291,1020150002446,1018332800000,등록,등록,두타스테라이드를 포함하는 경구용 연질 캡슐 제형,한미약품 주식회사
1020210011403,,1023894400000,등록,등록,해저 파이프 연결용 클램핑 장치,정해식|정찬영|정찬민
1020200157048,1020210091032,,공개,공개,"글루카곤, GLP-1 및 GIP 수용체 모두에 활성을 갖는 삼중 활성체의 지속형 결합체의 폐질환의 치료 용도",한미약품 주식회사
1020207024231,1020200120648,1029099080000,등록,등록,항PD-1/항HER2 천연항체 구조 헤테로다이머계의 이중특이성 항체 및 그 제조방법,"북경한미약품 유한공사|이노벤트 바이오로직스 (쑤저우) 컴퍼니, 리미티드"
1020090060207,1020110002637,,거절,거절,CBR기반 공공아파트 기획 및 계획설계단계 건축공사비 예측 시스템 및 그 예측 모델,서울시립대학교 산학협력단|서울대학교산학협력단|(주)한미글로벌건축사사무소|단국대학교 산학협력단|(주) 희림종합건축사사무소|주식회사 건축사사무소건원엔지니어링
1020210086014,1020230004135,,공개,공개,"글루카곤, GLP-1 및 GIP 수용체 모두에 활성을 갖는 삼중 활성체를 포함하는 조합물의 치료학적 용도",한미약품 주식회사
1020210126416,1020220041764,,공개,공개,"글루카곤, GLP-1 및 GIP 수용체 모두에 활성을 갖는 삼중 활성체 또는 이의 결합체의 신경퇴행성 질환의 치료 용도",한미약품 주식회사
1020210138603,1020220050821,,공개,공개,글루카곤/GLP-1/GIP 삼중작용제 또는 이의 지속형 결합체를 포함하는 혈관염 예방 또는 치료용 약학적 조성물,한미약품 주식회사
1020250077976,1020250177378,,공개,공개,"GLP-1, GIP, 및 글루카곤 수용체 모두에 활성을 갖는 삼중 활성체 및 이를 포함하는 심혈관계 질환 예방 또는 치료용 약학적 조성물",한미약품 주식회사
1020210126417,1020220041765,,공개,공개,"글루카곤, GLP-1 및 GIP 수용체 모두에 활성을 갖는 삼중 활성체 또는 이의 결합체를 포함하는 골 질환에 대한 예방 또는 치료용 약학적 조성물",한미약품 주식회사
1020250077974,1020250177376,,공개,공개,"GLP-1, GIP, 및 글루카곤 수용체 모두에 활성을 갖는 삼중 활성체 및 이를 포함하는 신장 질환의 예방 또는 치료용 약학적 조성물",한미약품 주식회사
1020110047153,1020120129099,,거절,거절,건축 골조 공사비 예측 시스템,(주)한미글로벌건축사사무소|단국대학교 산학협력단|서울대학교산학협력단|서울시립대학교 산학협력단|주식회사 건축사사무소건원엔지니어링|(주) 희림종합건축사사무소
1020100076439,1020120014404,,거절,거절,형질전환 조류를 이용한 단백질의 생산방법,서울대학교산학협력단|한미약품 주식회사
1020210138604,1020220050822,,공개,공개,글루카곤/GLP-1/GIP 삼중작용제 또는 이의 지속형 결합체를 포함하는 루푸스-관련 질환의 예방 또는 치료용 약학적 조성물,한미약품 주식회사
1020210093028,1020220009354,,공개,공개,글루카곤 유도체 또는 이의 결합체의 간질환에 대한 치료적 용도,한미약품 주식회사
1020250077975,1020250177377,,공개,공개,"GLP-1, GIP, 및 글루카곤 수용체 모두에 활성을 갖는 삼중 활성체 및 이를 포함하는 당뇨 예방 또는 치료용 약학적 조성물",한미약품 주식회사
1020210108368,1020220021895,,공개,공개,"글루카곤, GLP-1 및 GIP 수용체 모두에 활성을 갖는 삼중 활성체를 포함하는 혈압 강하용 약학 조성물",한미약품 주식회사
1020210138700,1020220050824,,공개,공개,"글루카곤, GLP-1 및 GIP 수용체 모두에 활성을 갖는 삼중 활성체의 호흡기 감염 질환의 후유증의 치료 용도",한미약품 주식회사
1020250077973,1020250177375,,공개,공개,"GLP-1, GIP, 및 글루카곤 수용체 모두에 활성을 갖는 삼중 활성체 및 이를 포함하는 지질 대사 질환 예방 또는 치료용 약학적 조성물",한미약품 주식회사
1020210156862,1020220065720,,공개,공개,치료학적 효소 융합단백질의 파브리병에 기인하거나 동반되는 신경병증 예방 및 치료 용도,한미약품 주식회사
1020210156861,1020220065719,,공개,공개,치료학적 효소 융합단백질의 파브리병에 기인하거나 동반되는 신장질환 예방 및 치료 용도,한미약품 주식회사
1020210126418,1020220041766,,공개,공개,"글루카곤, GLP-1 및 GIP 수용체 모두에 활성을 갖는 삼중 활성체의 지속형 결합체의 다발성 경화증의 치료 용도",한미약품 주식회사
1020210093709,1020220010462,,공개,공개,3중 작용성 지속형 결합체 또는 3중 작용제를 포함하는 조합물의 치료학적 용도,한미약품 주식회사
1020210107599,1020220021890,,공개,공개,삼중 활성체 지속형 결합체를 유효성분으로 포함하는 약학 조성물,한미약품 주식회사
1020190098931,1020200033725,1023770070000,등록,등록,상피세포 성장인자 수용체 돌연변이 저해 효과를 갖는 신규 융합 피리미딘 골격 설폰아마이드 유도체,한미약품 주식회사
1020140040182,1020150115334,1022061040000,등록,등록,"실로도신을 포함하는 과립물, 및 이를 포함하는 약학적 조성물 및 제형",한미약품 주식회사
1020130011471,1020140098607,1020737480000,등록,등록,재조합 효모 형질전환체 및 이를 이용하여 면역글로불린 단편을 생산하는 방법,한미약품 주식회사
1020120154061,1020130079256,1014907610000,등록,등록,"단백질 키나아제 저해활성을 갖는 티에노[3,2-d]피리미딘 유도체",한미약품 주식회사
1020190061852,1020190062344,1023679970000,등록,등록,"글루카곤, GLP-1 및 GIP 수용체 모두에 활성을 갖는 삼중 활성체",한미약품 주식회사
1020170029139,1020170104409,1023728570000,등록,등록,폴리에틸렌 글리콜 유도체 및 이의 용도,한미약품 주식회사
1020200079585,1020210002055,1022274000000,등록,등록,"글루카곤, GLP-1 및 GIP 수용체 모두에 활성을 갖는 삼중 활성체 또는 이의 결합체의 간 질환에 대한 치료적 용도",한미약품 주식회사
1020100008720,1020110088960,1014832150000,등록,등록,단백질 키나아제 저해활성을 갖는 비시클릭 헤테로아릴 유도체,한미약품 주식회사|한국과학기술연구원
1020220110267,1020230032999,1028973800000,등록,등록,mRNA 캡 유사체와 및 이의 용도,한미정밀화학주식회사
1020220044574,1020220140443,,공개,공개,글루카곤 유도체를 포함하는 만성 신장 질환 예방 또는 치료용 약학 조성물,한미약품 주식회사
1020090119241,1020110062499,1010858590000,등록,등록,타올의 편직방법,한미타올주식회사
1020240125947,,1028879190000,등록,등록,근시 억제 및 개선이 가능한 안경렌즈,한미스위스광학 주식회사
1020240065656,,1028776720000,등록,등록,영구 자석형 전자식 조작 장치,(주)멕텍|한미기전 주식회사
1020090119239,1020110062497,1010858600000,등록,등록,타올의 편직방법,한미타올주식회사
1020210136458,,1023579560000,등록,등록,소방 시설 관리 장치 및 이를 포함하는 소방 시설 관리 시스템,한민지|(주)가나소방
1020200119259,1020220036720,1028836480000,등록,등록,"폴리에틸렌글리콜 유도체, 이를 포함하는 조성물 및 이를 이용한 생리활성 폴리펩타이드 결합체의 제조 방법",한미정밀화학주식회사|한미약품 주식회사
1020197010362,1020190045348,1023294900000,등록,등록,IL-17A에 특이적으로 결합하는 항체 및 그의 기능성 단편,베이징 한미 파마슈티컬 컴퍼니 리미티드
1020250040213,1020250148433,,공개,공개,"복수 KRAS 변이 펩티드가 연결된 항원 펩티드, 이를 코딩하는 핵산 및 이의 용도",한미약품 주식회사
1020237036682,1020230165795,,공개,공개,"벨바라페닙 및 코비메티닙 또는 벨바라페닙, 코비메티닙 및 아테졸리주맙을 이용한 병용 요법","제넨테크, 인크.|한미약품 주식회사|에프. 호프만-라 로슈 아게"
1020237038183,1020230167097,,공개,공개,RAF 억제제와 PD-1 축 억제제를 사용한 병용 요법,"제넨테크, 인크.|한미약품 주식회사"
1020167009680,1020160054014,1018794220000,등록,등록,BTK 및/또는 JAK3 키나제의 활성을 억제하는 화합물,베이징 한미 파마슈티컬 컴퍼니 리미티드
1020207018364,1020200084899,,포기,포기,"단백질 키나제에 대한 억제 활성을 갖는 티에노[3,2-d]피리미딘 화합물",한미약품 주식회사
1020187037359,1020190003805,,취하,취하,암 세포 성장을 저해하는 아민 유도체 또는 이의 약학적으로 허용가능한 염 및 저융점을 갖는 안정화제를 포함하는 약학적 조성물,한미약품 주식회사
1020140068660,1020150140177,,거절,거절,단백질 및 펩타이드의 면역원성을 감소시키는 방법,한미약품 주식회사
1020237033790,1020230156731,,공개,공개,뇌암 치료에 이용하기 위한 벨바라페닙,"제넨테크, 인크.|에프. 호프만-라 로슈 아게|한미약품 주식회사"
1020150076311,1020150138101,,거절,거절,지속형 인슐린 아날로그 결합체 및 지속형 인슐린 분비 펩타이드 결합체를 포함하는 당뇨병 치료용 조성물,한미약품 주식회사
1020207018365,1020200084049,1027779890000,등록,등록,"4-아미노-N-(1-((3-클로로-2-플루오로페닐)아미노)-6-메틸이소퀴놀린-5-일)티에노[3,2-d]피리미딘-7-카르복사미드의 염, 및 그의 결정질 형태",한미약품 주식회사
1020170175550,1020180071193,,취하,취하,뇌 표적 지속성 단백질 결합체,한미약품 주식회사
1020190037281,1020190114907,,거절,거절,"뇌 표적 지속성 단백질 결합체, 이의 제조 방법, 및 이를 포함하는 조성물",한미약품 주식회사
1020180047987,1020180054527,,거절,거절,"암로디핀, 로자탄 및 로수바스타틴을 포함하는 약제학적 복합제제",한미약품 주식회사
1020140038258,1020150113762,,취하,취하,"황 작용기를 포함하는 4,5-다이하이드로-1H-피라졸-3-카복스이미드아마이드 유도체, 이의 제조방법 및 이를 포함하는 약학 조성물",한미약품 주식회사
1020170082862,1020180002544,1020054570000,등록,등록,"글루카곤 유도체, 이의 결합체, 및 이를 포함하는 조성물, 및 이의 치료적 용도",한미약품 주식회사
1020140081343,1020160002257,,취하,취하,SGLT 저해제로서 인단 유도체 및 이를 포함하는 약학적 조성물,한미약품 주식회사
1020217010957,1020210046818,1028021290000,등록,등록,퀴나졸린 화합물 및 이의 염산염의 결정 형태,한미약품 주식회사
1020160183620,1020170080526,,거절,거절,"FGF21 아날로그, FGF21 결합체, 및 이의 용도",한미약품 주식회사
1020207021823,1020210010428,1023343150000,등록,등록,신규 중간체 제조를 통한 지속형 약물 결합체의 제조 방법,한미약품 주식회사
1020190037321,1020190114911,,취하,취하,뇌 표적 지속형 치료학적 효소 결합체,한미약품 주식회사
1020160183500,1020170080522,,거절,거절,"글루카곤, GLP-1 및 GIP 수용체 모두에 활성을 갖는 삼중 활성체의 지속형 결합체",한미약품 주식회사
1020217001979,1020210025064,,거절,거절,"항-HER1, HER2 또는 HER4 항체와 포지오티닙의 조합물 및 이의 사용 방법",스펙트럼 파마슈티컬즈 인크|한미약품 주식회사
1020207007715,1020200041954,,취하,취하,"화합물, 이의 약제학적 조성물, 및 이의 용도 및 응용",북경한미약품 유한공사
1020207025738,1020200120927,,포기,포기,항-PD-1/항-VEGF 천연 항체 구조-유사 이형이량체형 이중특이성 항체 및 그의 제조,베이징 한미 파마슈티컬 컴퍼니 리미티드
1020190037310,1020190114910,,취하,취하,상피세포 성장인자 수용체 돌연변이 저해 효과를 갖는 신규 설폰아마이드 유도체,한미약품 주식회사
1020160183499,1020170080521,,거절,거절,"글루카곤, GLP-1 및 GIP 수용체 모두에 활성을 갖는 삼중 활성체",한미약품 주식회사
1020180116837,1020190038456,,거절,거절,효력이 향상된 지속성 단백질 결합체,한미약품 주식회사
1020150069859,1020150135110,,취하,취하,p-당단백질의 저해제 및 p-당단백질의 기질 약물을 포함하는 약제학적 조성물,한미정밀화학주식회사
1020170081047,1020180002053,,취하,취하,신규한 헤테로시클릭 유도체 화합물 및 이의 용도,한미약품 주식회사
1020227045396,1020230031839,,공개,공개,암 치료에 사용하기 위한 벨바라페닙,"한미약품 주식회사|제넨테크, 인크."
1020207019202,1020200093639,,취하,취하,천연 항체 구조-유사 헤테로다이머 형태의 항 PD-L1/항 CD47 이중특이성 항체 및 이의 제조,북경한미약품 유한공사
1020217016468,1020210088611,,거절,거절,항TNFα/항IL-17A 천연항체 구조 형태의 헤테로다이머 이중특이성 항체 및 그 제조방법,베이징 한미 파마슈티컬 컴퍼니 리미티드
1020190076487,1020190084217,1020426260000,등록,등록,이베살탄 및 HMG-CoA 환원효소 억제제를 포함하는 약제학적 캡슐 복합제제,한미약품 주식회사
1020200175636,1020210002067,1024593660000,등록,등록,"글루카곤, GLP-1 및 GIP 수용체 모두에 활성을 갖는 삼중 활성체 또는 이의 결합체의 간 질환에 대한 치료적 용도",한미약품 주식회사
1020190106691,1020190104958,1021793920000,등록,등록,"글루카곤, GLP-1 및 GIP 수용체 모두에 활성을 갖는 삼중 활성체의 지속형 결합체",한미약품 주식회사
1020137007825,1020130121092,1015602270000,등록,등록,세포사멸 유도 활성을 갖는 퀴놀린 또는 퀴나졸린 유도체,한미사이언스 주식회사
1020120145650,1020140076998,1020607380000,등록,등록,에스오메프라졸 유리염기 또는 그의 알칼리염을 포함하는 고미가 차폐된 약학 제제 및 이의 제조방법,한미약품 주식회사
1020120038030,1020130115593,1019076900000,등록,등록,비스테로이드성 항염증약물 및 프로톤 펌프 저해제를 포함하는 약제학적 복합제제 및 이의 제조방법,한미약품 주식회사
1020217038443,1020220022899,1024785880000,등록,등록,신규 중간체 제조를 통한 지속형 약물 결합체의 제조 방법,한미약품 주식회사
1020190106690,1020190105542,1021793910000,등록,등록,"글루카곤, GLP-1 및 GIP 수용체 모두에 활성을 갖는 삼중 활성체",한미약품 주식회사
1020100024090,1020110105057,1010814750000,소멸,소멸,체외 조직배양 생장장치,주식회사 새한마이크로텍
1020230189789,1020240102887,1027320540000,등록,등록,"신규한 GLP-1, GIP, 및 글루카곤 수용체 모두에 활성을 갖는 삼중 활성체 및 이를 포함하는 비만의 예방 또는 치료용 약학적 조성물",한미약품 주식회사
1020220125748,1020230047047,,공개,공개,PIKfyve 키나아제 억제제,한미약품 주식회사
1020240018246,1020250122240,,공개,공개,신규한 함질소 헤테로고리 유도체 및 이의 용도,한미약품 주식회사
1020170012767,1020180088113,1027193870000,등록,등록,이미다조피리다진 화합물,한미약품 주식회사
1020220040626,1020220136285,1026801460000,등록,등록,신규한 면역 활성 인터루킨 2 아날로그 결합체 및 이의 제조 방법,한미약품 주식회사
1020190019544,1020200101219,1026896650000,등록,등록,신규한 헤테로트리시클릭 유도체 화합물 및 이의 용도,한미약품 주식회사
1020100040191,,1010599210000,등록,등록,롤러를 이용한 철골 기둥 파일 시공방법,(주)한미글로벌건축사사무소
1020240121740,1020250040515,,공개,공개,α-갈락토시다제 A의 융합단백질을 포함하는 신규한 동결 건조 제제,주식회사 녹십자|한미약품 주식회사
1020100021919,1020110102748,1011849150000,소멸,소멸,고순도 프라수그렐의 제조방법,한미사이언스 주식회사
1020200093189,1020200096184,1022853770000,등록,등록,"글루카곤, GLP-1 및 GIP 수용체 모두에 활성을 갖는 삼중 활성체",한미약품 주식회사
1020230188647,1020250097400,,공개,공개,YAP-TEAD 상호작용 억제를 위한 신규한 헤테로비시클릭 화합물 및 이를 포함하는 약학적 조성물,한미약품 주식회사
1020100080716,,1010258650000,소멸,소멸,제거식 앵커용 내부정착체 및 이를 이용한 제거식 앵커의 인장재 제거방법,(주)한미글로벌건축사사무소|(주) 효창이엔지
1020140195661,1020160082169,1022890110000,등록,등록,비스테로이드성 항염증제 및 프로톤 펌프 저해제를 포함하는 경구용 서방성 복합제제,한미약품 주식회사
1020180109856,1020190030192,1022842050000,등록,등록,피라졸 유도체 화합물 및 이의 용도,한미약품 주식회사
1020160142156,1020180046682,1018773500000,등록,등록,에스오메프라졸 함유 복합 캡슐제 및 그 제조방법,한미약품 주식회사
1020180088162,1020180090966,1020060000000,등록,등록,몬테루카스트 또는 이의 약학적으로 허용가능한 염 및 레보세티리진 또는 이의 약학적으로 허용가능한 염을 함유하는 캡슐 제제,한미약품 주식회사
1020220046925,1020220061057,1024491450000,등록,등록,지속형 인슐린 아날로그 결합체 및 지속형 인슐린 분비 펩타이드 결합체를 포함하는 당뇨병 치료용 조성물,한미약품 주식회사
1020170082868,1020180003470,1024342260000,등록,등록,ALK5 억제제로서의 신규 피라졸 유도체 및 이의 용도,한미약품 주식회사
1020200093190,1020200095436,1022853780000,등록,등록,"글루카곤, GLP-1 및 GIP 수용체 모두에 활성을 갖는 삼중 활성체의 지속형 결합체",한미약품 주식회사
1020210138602,1020220050820,,공개,공개,"GLP-1/GIP 이중작용제, 이의 지속형 결합체, 및 이를 포함하는 약학적 조성물",한미약품 주식회사
1020210138600,1020220050818,,공개,공개,"GIP 유도체, 이의 지속형 결합체, 및 이를 포함하는 약학적 조성물",한미약품 주식회사
1020197010360,1020190047013,1022667880000,등록,등록,PD-1에 특이적으로 결합하는 항체 및 그의 기능성 단편,베이징 한미 파마슈티컬 컴퍼니 리미티드
1020140020541,,1014007840000,등록,등록,파이프 재활용 장치,한상용|한민희
1020170020456,,1017745040000,등록,등록,"설계서버, 이를 포함하는 소방용 스프링클러 설비 설계 시스템 및 방법",주식회사 한미랩
1020100003483,1020110083317,1011653890000,소멸,소멸,실험대,주식회사 한미엘에스
1020090047535,1020100128876,,취하,취하,건물의 친환경 에너지 관리 시스템,(주)한미글로벌건축사사무소
1020230130729,1020250047488,,공개,공개,변형된 폴리아데닐 서열을 포함하는 핵산 분자,한미약품 주식회사
1020240132001,1020250047640,,공개,공개,비천연 3'비번역 영역 및 그의 용도,한미약품 주식회사
1020240085424,1020250047111,,공개,공개,SOS1 억제제로서의 신규한 프탈라진 유도체 화합물 및 이의 용도,한미약품 주식회사
1020240132004,1020250047207,,공개,공개,mRNA 캡 유사체 및 이의 용도,한미정밀화학주식회사
1020230130731,1020250047490,,공개,공개,변형된 폴리아데닐 서열 및 OX40L 단백질 코딩서열을 포함하는 핵산 분자,한미약품 주식회사
1020240132003,1020250047641,,공개,공개,p53 단백질을 코딩하는 핵산 구조체를 포함하는 암의 예방 또는 치료용 약학적 조성물,한미약품 주식회사
1020230130730,1020250047489,,공개,공개,변형된 폴리아데닐 서열 및 p53 단백질 코딩서열을 포함하는 핵산 분자,한미약품 주식회사
1020240132000,1020250047639,,공개,공개,비천연 5'비번역 영역 및 그의 용도,한미약품 주식회사
1020210051337,1020210129614,,공개,공개,"글루카곤, GLP-1 및 GIP 수용체 모두에 활성을 갖는 삼중 활성체 또는 이의 결합체를 포함하는 고지혈증 예방 또는 치료용 약학적 조성물 및 예방 또는 치료 방법",한미약품 주식회사
1020220012583,1020220110117,,취하,취하,GIP 유도체 또는 이의 지속형 결합체를 포함하는 폐질환의 예방 또는 치료용 약학적 조성물,한미약품 주식회사
1020220141352,1020240062226,1027501040000,등록,등록,갈색거저리 유충 효소처리물을 포함하는 근육세포 노화 억제용 조성물,가천대학교 산학협력단|주식회사 한미양행
1020220141351,1020240062225,1027501020000,등록,등록,갈색거저리 유충 효소처리물을 포함하는 인지기능 개선용 조성물,가천대학교 산학협력단|주식회사 한미양행
1020210138601,1020220050819,,취하,취하,GIP 유도체 또는 이의 지속형 결합체를 포함하는 루푸스-관련 질환의 예방 또는 치료용 약학적 조성물,한미약품 주식회사
1020210140237,1020230056331,,공개,공개,급성 골수성 백혈병의 치료를 위한 FLT3 저해제와 Bcl-2 저해제의 치료 유효적 조합,한미약품 주식회사
1020210179103,1020220090431,,공개,공개,SOS1 억제제로서의 신규한 퀴나졸린 유도체 화합물 및 이의 용도,한미약품 주식회사
1020240148791,1020240158214,,공개,공개,단백질 및 펩타이드의 면역원성을 감소시키는 방법,한미약품 주식회사
1020230171714,,1027259750000,등록,등록,인공지능 기반으로 비정형 데이터를 이용하여 건설공사 안전 정보를 제공하는 방법 및 이를 이용한 안전 정보 제공 서버,(주)한미글로벌건축사사무소
1020230014950,1020230023691,,거절,거절,단백질 및 펩타이드의 면역원성을 감소시키는 방법,한미약품 주식회사
1020240032672,1020240137492,,공개,공개,암의 예방 또는 치료를 위한 인터루킨 2 아날로그 또는 이의 결합체 및 면역관문 억제제의 병용 요법,한미약품 주식회사
1020240032671,1020240137491,,공개,공개,인터루킨 2 아날로그 또는 이의 결합체를 포함하는 암의 예방 또는 치료용 약학적 조성물,한미약품 주식회사
1020210028331,1020210112254,1026364520000,등록,등록,식물체에서 COVID-19 백신용 단백질을 발현하는 재조합 벡터 및 이를 이용한 백신 조성물의 제조방법,주식회사 바이오앱|한미사이언스 주식회사|주식회사 큐라티스|조선대학교산학협력단
1020230031991,1020230141482,1026924640000,등록,등록,mRNA 캡 유사체 및 이의 용도,한미정밀화학주식회사
1020230190347,1020240102892,,공개,공개,"복수 KRAS 변이 펩티드가 연결된 항원 펩티드, 이를 코딩하는 핵산 및 이의 용도",한미약품 주식회사
1020230190239,1020240102890,,공개,공개,GLP-2 유도체 또는 이의 지속형 결합체를 포함하는 이식편대숙주질환의 예방 또는 치료용 약학적 조성물,한미약품 주식회사
1020230189788,1020240102886,,공개,공개,면역 활성 인터루킨 2 아날로그 결합체를 포함하는 제제,한미약품 주식회사
1020170025042,1020170026424,1017807400000,소멸,소멸,5-α-환원효소 억제제-함유 필름 코팅층을 포함하는 복합제제 및 그 제조방법,한미약품 주식회사
1020200152905,1020220066645,,취하,취하,3차 아민 함유 아릴 화합물,한미정밀화학주식회사
1020210066452,1020210144609,,공개,공개,"글루카곤, GLP-1 및 GIP 삼중 활성체의 지속형 결합체의 액상 제제",한미약품 주식회사
1020210066282,1020210144606,,공개,공개,글루카곤 유도체의 지속형 결합체의 액상 제제,한미약품 주식회사
1020210046260,1020220140140,,취하,취하,캡핑된 올리고뉴클레오티드 프라이머 및 이의 용도,한미정밀화학주식회사
1020180015184,1020180091773,,거절,거절,"비펩티드성 중합체 링커 화합물, 그 링커 화합물을 포함하는 결합체, 및 이들의 제조방법",한미약품 주식회사
1020110025770,1020120108170,,거절,거절,루테인의 용출률 및 체내 생체이용률이 개선된 약학 조성물 및 이의 제조방법,한미약품 주식회사
1020230137057,1020240053545,,공개,공개,신규한 GLP-1 수용체 길항제 및 이를 포함하는 선천성 고인슐린증 또는 저혈당증의 예방 또는 치료용 약학적 조성물,한미약품 주식회사
1020230135954,1020240051859,,공개,공개,YAP-TEAD 상호작용 억제를 위한 신규한 헤테로비시클릭 화합물 및 이를 포함하는 약학적 조성물,한미약품 주식회사
1020230136978,1020240052700,,공개,공개,브루톤 티로신 키나제 저해 활성을 갖는 신규 피리미딘 유도체,한미약품 주식회사
1020230135955,1020240051860,,공개,공개,신규한 트리사이클 유도체 화합물 및 이의 용도,한미약품 주식회사
1020230135956,1020240051861,,공개,공개,YAP-TEAD 상호작용 억제를 위한 신규한 헤테로비시클릭 화합물 및 이를 포함하는 약학적 조성물,한미약품 주식회사
1020090077247,1020110019628,,취하,취하,"β-펜에틸아민계 화합물 및 피브레이트계 화합물을 포함하는, 비만 또는 비만 관련 질환의 예방 또는 치료용 약제학적 조성물",한미약품 주식회사
1020030069582,1020050033734,1005570930000,소멸,소멸,다약제 내성 저해 활성을 갖는 테트라졸 유도체 및 그의제조방법,한미사이언스 주식회사
1020230130734,1020240046082,,공개,공개,신규한 삼환식 헤테로고리 카바알데히드 화합물 및 이를 포함하는 IRE1α 저해를 위한 약학적 조성물,한미약품 주식회사
1020220032090,1020230134822,,공개,공개,α-갈락토시다제 A의 융합단백질을 포함하는 액상 제제,주식회사 녹십자|한미약품 주식회사
1020197031852,1020190139909,1026299050000,등록,등록,항-PD-L1/항-PD-1 천연 항체 구조-유사 헤테로다이머 이중특이성 항체 및 그의 제조,베이징 한미 파마슈티컬 컴퍼니 리미티드
1020070137878,1020090070022,,거절,거절,"인스턴트 메신저 서비스 시스템 및 방법, 인스턴트 메신저서비스 시스템에서의 서버와 단말 장치간 접속 관리 장치및 방법, 및 그 방법들을 실행시키기 위한 프로그램이기록된 컴퓨터로 판독 가능한 기록 매체",한미아이티 주식회사
1020200125920,1020210038366,,취하,취하,FLT3 저해제 및 MDM2 저해제를 포함하는 급성 골수성 백혈병 치료용 약학적 조성물,한미약품 주식회사
1020220128883,1020220146369,1025837680000,등록,등록,"글루카곤, GLP-1 및 GIP 수용체 모두에 활성을 갖는 삼중 활성체 또는 이의 결합체의 간 질환에 대한 치료적 용도",한미약품 주식회사
1020160127148,1020180036459,,거절,거절,복합 활성성분의 개선된 함량 균일성 및 높은 단위전달량을 갖는 흡입용 캡슐제 및 이의 제조방법,한미약품 주식회사
1020200079523,1020210002054,,취하,취하,아미노시아노피리딘 유도체 및 그의 용도,한미약품 주식회사
1020220076363,1020220098092,1025564110000,등록,등록,신규 치료학적 효소 융합단백질 및 이의 용도,한미약품 주식회사
1020210110349,1020210111190,,거절,거절,단백질 및 펩타이드의 면역원성을 감소시키는 방법,한미약품 주식회사
1020200004239,1020200009101,,취하,취하,"암로디핀, 로자탄 및 로수바스타틴을 포함하는 당뇨병을 동반한 심혈관계 질환의 예방 또는 치료용 약학 조성물 및 이를 포함하는 복합제제",한미약품 주식회사
1020190121809,1020210039228,,취하,취하,상피세포 성장인자 수용체 돌연변이 저해 효과를 갖는 피리미디나다이벤젠아사이클로헵타판 유도체,한미약품 주식회사
1020140079229,1020150002519,1016504020000,소멸,소멸,"카나비노이드 CB1 수용체 길항제로서의 1,5-디아릴-4,5-디하이드로-1H-피라졸-3-카복스아미딘 유도체, 이의 제조방법 및 이를 포함하는 약학 조성물",한미약품 주식회사
1020130116609,1020150037207,,취하,취하,FMS 키나아제 저해 활성을 갖는 피리미딘 화합물,한미약품 주식회사
1020130034509,1020140118488,,취하,취하,FMS 키나아제 저해 활성을 갖는 티에노피리미딘 유도체,한미약품 주식회사
1020120078349,1020140011209,,취하,취하,멜리사엽 추출물을 포함하는 혈관신생 또는 MMP 활성 매개 질환의 예방 또는 치료용 정제,한미약품 주식회사
1020100004639,1020100084996,,거절,거절,면역글로불린 단편을 이용한 생리활성 단백질 또는 펩타이드의 생산 방법,한미사이언스 주식회사
1019970025169,1019990001732,1002244650000,소멸,소멸,신규 2베타-치환페니실란산 유도체,한미사이언스 주식회사
1020150134922,1020160036000,,거절,거절,수용성 아줄렌 및 알킬피리디늄 할라이드를 포함하는 구강 스프레이 조성물,한미약품 주식회사
1020140096022,1020150056443,,취하,취하,타다라필 및 암로디핀을 포함하는 복합제제,한미약품 주식회사
1020120155972,1020140086002,,취하,취하,FMS 키나아제 저해 활성을 갖는 피리다진 접합고리 유도체,한미약품 주식회사
1020120078862,1020140011773,,취하,취하,이중 저해 활성을 갖는 헤테로고리 유도체,한미약품 주식회사
1020110111132,1020130009553,,거절,거절,몬테루카스트 또는 이의 약학적으로 허용가능한 염 및 레보세티리진 또는 이의 약학적으로 허용가능한 염을 함유하는 캡슐 제제,한미약품 주식회사
1020010009732,1020020069432,,거절,거절,4-히드록시페닐글리신 유도체를 이용한 세팔로스포린화합물의 제조방법,한미사이언스 주식회사
1019990058682,1020010056972,1003787480000,소멸,소멸,"말톨릴 파라-쿠마레이트, 이의 제조 방법 및 이를포함하는 치매 치료용 조성물",최진호|한미사이언스 주식회사|유병팔
1020170072728,1020180134675,,취하,취하,시클로프로필아민 유도체 화합물 및 이의 용도,한미약품 주식회사
1020140131887,1020160038598,,취하,취하,신규 하이드록사메이트 유도체 및 이를 포함하는 암의 예방 또는 치료용 약제학적 조성물,한미약품 주식회사
1020020042527,1020040008816,,거절,거절,파클리탁셀 또는 그의 유도체와 p-당단백질 저해제를함유하는 혈관재협착 방지를 위한 경구투여용 약학 조성물,한미사이언스 주식회사
1020100090327,1020110040671,1013012000000,소멸,소멸,엔테카비르의 신규한 제조방법 및 이에 사용되는 중간체,한미사이언스 주식회사
1020140194888,1020160002318,,취하,취하,피리미딘 유도체 화합물 및 이의 용도,한미약품 주식회사
1020130021478,1020140107016,,취하,취하,둘록세틴 염산염 및 히프로멜로스 프탈레이트를 포함하는 장용성 펠렛 제제 및 이의 제조방법,한미약품 주식회사
1020150093777,1020160002411,,거절,거절,5-α-환원효소 억제제-함유 필름 코팅층을 포함하는 복합제제 및 그 제조방법,한미약품 주식회사
1020140131917,1020150113801,,취하,취하,TAK1 저해 활성을 갖는 피라진 접합고리 유도체,한미약품 주식회사
1020130034467,1020140002476,,취하,취하,FMS 키나아제 저해 활성을 갖는 피리미딘 접합고리 유도체,한미약품 주식회사
1020120096477,1020140028971,,거절,거절,"아토바스타틴, 이르베살탄 및 탄산마그네슘을 포함하는 이층정 복합제제",한미약품 주식회사
1020060109137,1020070049572,1008325940000,소멸,소멸,다중저해제로서의 퀴나졸린 유도체 및 이의 제조방법,한미사이언스 주식회사
1020020069157,1020040040840,1005160750000,소멸,소멸,신규한 p-당단백질 저해제,한미사이언스 주식회사
1020150081984,1020160145396,,취하,취하,비강 분무용 약학 조성물 및 그 제조방법,한미약품 주식회사
1020120078904,1020140011780,,취하,취하,단백질 키나아제 저해활성을 갖는 이소퀴놀린-5-카복스아미드 유도체,한미약품 주식회사
1020110146934,1020130078147,,취하,취하,"일정한 입도를 갖는 4,5―디아릴―3(2H)―퓨라논 유도체를 포함하는 약학 조성물",한미약품 주식회사
1020110065014,1020110092253,,거절,거절,면역글로불린 단편을 이용한 인슐린분비 펩타이드 약물 결합체,한미사이언스 주식회사
1020200021501,1020200102948,,취하,취하,FLT3 저해제 및 IAP 길항제를 포함하는 급성 골수성 백혈병의 치료를 위한 약학적 조합물,한미약품 주식회사
1020070129014,1020090061972,,취하,취하,"베포타스틴 p-톨루엔술폰산염의 결정형, 이의 제조방법 및이를 포함하는 약학 조성물",한미사이언스 주식회사
1020170178061,1020190076339,,취하,취하,"신규한 2,6-나프티리딘 2-옥시드 유도체 화합물 및 이의 용도",한미약품 주식회사
1020050111724,1020060076186,1007356390000,소멸,소멸,암세포 성장 억제 효과를 갖는 퀴나졸린 유도체 및 이의제조방법,한미사이언스 주식회사
1020170151831,1020190054826,,거절,거절,암의 포지오티닙 치료에 대한 반응을 나타내는 바이오마커 및 그의 용도,한미약품 주식회사|국립암센터|사회복지법인 삼성생명공익재단
1020040016714,1020050091330,1005533980000,소멸,소멸,"티에노[3,2-c]피리딘 유도체의 제조 방법 및 이에사용되는 중간체",한미사이언스 주식회사
1020130127851,1020150047855,,취하,취하,단백질 카이네이즈 억제 효과를 갖는 2-사이아노-아크릴아마이드 유도체,한미약품 주식회사
1020130115571,1020150035245,,취하,취하,멜리사엽 추출물을 포함하는 정제의 제조방법,한미약품 주식회사
1020130034751,1020140118575,,취하,취하,신규한 하이드록사메이트 유도체,한미약품 주식회사
1019950058694,1019970042560,1001744320000,소멸,소멸,신규한 결정성 세프디니르 중간체 및 그의 제조방법,한미사이언스 주식회사
1019970009601,1019980073991,1002229160000,소멸,소멸,한국산 재래종 산양의 베타카제인 프로모터를 이용한 유선조직 특이적 발현시스템,한미사이언스 주식회사|한국과학기술원
1020190073055,1020200144875,,취하,취하,FGFR 저해활성을 갖는 신규한 헤테로시클릭 유도체 화합물 및 이의 용도,한미약품 주식회사
1020070117135,1020080056633,1009210360000,소멸,소멸,탁산유도체의 제조방법 및 이에 사용되는 중간체,한미사이언스 주식회사
1020020042005,1020040008377,1005031610000,소멸,소멸,"신규한 p-당단백질 저해제, 그의 제조방법 및 이를유효성분으로 하는 경구투여용 조성물",한미사이언스 주식회사
1019950058695,1019970042562,1001744310000,소멸,소멸,세프디니르의 제조방법,한미사이언스 주식회사
1020170131023,1020190040763,,취하,취하,피라졸로피리딘 유도체 화합물 및 이의 용도,한미약품 주식회사
1020150133883,1020160038767,,거절,거절,복합 활성성분의 안정성이 개선된 흡입 제형용 건조분말,한미약품 주식회사
1020130074446,1020150001353,,취하,취하,FMS 키나아제 저해 활성을 갖는 피리미딘 유도체,한미약품 주식회사
1020120096036,1020140030505,,거절,거절,이베살탄 및 HMG-CoA 환원효소 억제제를 포함하는 약제학적 캡슐 복합제제,한미약품 주식회사
1020110074706,1020130013199,,취하,취하,신규 피리미딘 유도체 및 이를 활성성분으로 포함하는 약학 조성물,한미약품 주식회사
1019980054116,1020000038941,1002769740000,소멸,소멸,아세클로페낙의 제조방법,한미사이언스 주식회사
1020100034833,1020110115369,,거절,거절,제품 검수장치,한미사이언스 주식회사
1020090005843,1020100086567,,취하,취하,L-아스코르빈산-2-인산 삼나트륨염을 포함하는 탈모 치료 및 발모 촉진용 외용제 조성물,한미약품 주식회사
1020180112376,1020190043076,,거절,거절,"암로디핀, 로자탄 및 로수바스타틴을 포함하는 당뇨병을 동반한 심혈관계 질환의 예방 또는 치료용 약학 조성물 및 이를 포함하는 복합제제",한미약품 주식회사
1020170131426,1020190040783,,취하,취하,라이신 특이적 데메틸라제-1 억제제로서의 피라졸 유도체,한미약품 주식회사
1020150045686,1020160117069,,거절,거절,복합 활성성분의 안정성이 개선된 흡입용 캡슐제,한미약품 주식회사
1020050129573,1020060079099,1007596080000,소멸,소멸,"2'-데옥시-2',2'-다이플루오로사이티딘의 제조 방법",한미사이언스 주식회사
1020030069803,1020050034024,1005807430000,소멸,소멸,다약제 내성 저해 활성을 갖는 신규한 크로몬 유도체 또는이의 약제학적으로 허용가능한 염 및 이들의 제조 방법,한미사이언스 주식회사
1020010020673,1020020080838,1004084300000,소멸,소멸,3-(Z)-프로페닐 세펨 화합물의 선택적인 제조 방법,한미사이언스 주식회사
1019980060263,1020000043839,1002839900000,소멸,소멸,에리스로마이신 A 유도체 및 그의 제조방법,한미사이언스 주식회사
1020080134756,1020100076640,1011502540000,소멸,소멸,신규 중간체 및 이를 활용한 엔테카비르 제조방법,한미사이언스 주식회사
1020160179320,1020180075228,,취하,취하,싸이에노피리미딘 화합물의 신규 제조방법 및 중간체,한미약품 주식회사
1020140195390,1020160081485,,취하,취하,티아졸리딘 유도체 화합물 및 이의 용도,한미약품 주식회사
1020130040860,1020130117678,,취하,취하,비시클릭 헤테로아릴 유도체 및 이를 포함하는 약학 조성물,한미약품 주식회사
1020030025158,1020040091346,1005028890000,소멸,소멸,조류 원시생식세포의 생식선 전이 효율의 개선방법,재단법인서울대학교산학협력재단|한미사이언스 주식회사|주식회사 옵티팜
1020140018700,1020150097901,,거절,거절,앞 뒤 문양이 동일한 타월 편직 방법,한미타올주식회사
1020060074952,1020080013440,,취하,취하,건설공사비지수의 산정을 위한 수량기반 기준시점가격지수의 개발,서울시립대학교 산학협력단|(주)한미글로벌건축사사무소
1020167015537,1020160083119,1018130920000,소멸,소멸,접합된 디스플레이 스크린에서 입력 영상을 포인트 투 포인트 디스플레이하는 방법,"딩, 워이캉|하, 저민"
1020000021922,1020010097652,1003768140000,소멸,소멸,이중압력법을 이용한 실내덕트시스템의 풍량제어장치,한미설비 주식회사
1020140017184,1020150096563,,거절,거절,이중층 문양 타월 편직 방법,한미타올주식회사
1020130028540,1020140114132,,거절,거절,동력전달장치,한민규
1020167023486,1020160113268,,거절,거절,"이기능 융합단백질,이의 제조방법 및 용도",베이징 한미 파마슈티컬 컴퍼니 리미티드
1020100133274,1020120071648,,거절,거절,식물을 이용한 고효율 냉각탑 시스템,(주)한미글로벌건축사사무소
1020090049730,1020100131053,,거절,거절,수평 강관 압입용 보링장치,한미에치비씨(주)
1020070046742,,1008352580000,등록,등록,용접불꽃 비산방지 기구,(주)한미글로벌건축사사무소
1020210017258,1020220114137,1029549150000,등록,등록,축분처리장치,한미이앤씨 주식회사
1020240172969,,1028801940000,등록,등록,안전 관리를 지원하기 위한 방법 및 시스템,이민욱|박찬미|최예린
1020150061096,1020160129268,1017420970000,등록,등록,세라믹 선재 및 그의 접합 방법,한미전선 주식회사|주식회사 서남
1020230079998,1020230098515,1029549160000,등록,등록,축분처리장치,한미이앤씨 주식회사
1020100042614,,1010369190000,등록,등록,기계부품 검사장치,(주) 한미산업
1020090061108,1020110003702,1010369000000,등록,등록,마그네틱 브라켓의 설치구조,(주)한미글로벌건축사사무소
1020210186751,1020230097346,,공개,공개,프로톤 펌프 저해제 및 제산제를 포함하는 경구용 복합정제의 제조방법 및 이에 의해 제조된 경구용 복합정제,한미약품 주식회사
1020180121886,,1019769970000,등록,등록,프로브핀 제조장치 및 제조방법,주식회사 새한마이크로텍
1020220128715,1020240048875,,공개,공개,용해성 마이크로니들 어레이 및 이의 제조방법,한미약품 주식회사
1020180139293,1020200055540,1021155490000,등록,등록,다용도 채칼,한미그린산업 주식회사
1020180101891,,1020032710000,등록,등록,고품질 순환 잔골재 생산용 이물질 제거 장치,안두혁|주식회사 한미이엔씨
1020200038886,,1021739140000,등록,등록,고방사 열전도성 방열판의 제조 방법,주식회사 케이넷츠|한미르 주식회사
1020160084346,,1017276660000,등록,등록,열전도성 조성물 및 그 제조방법,한미르 주식회사
1020210155522,1020220074740,1027390390000,등록,등록,방염성능을 갖는 불연세라믹 도료의 제조 방법 및 이에 의해 제조된 불연세라믹 도료,한미르 주식회사
1020230049897,1020240153693,1028532760000,등록,등록,액상 알카리금속 실리케이트 기반의 초고온 나노중공체 단열도료 및 이의 제조 방법,한미르 주식회사
1020120007272,,1011518870000,등록,등록,방염 페인트,한미르 주식회사
1020130167806,1020150080188,1015572050000,소멸,소멸,평벨트 구동 사행방지 자동 텐셔너,주식회사 한미이엔씨|대진대학교 산학협력단
1020190029721,1020200109907,1023866770000,등록,등록,고방사 열전도성 방열 시스템의 제조 방법 및 이에 의해 제조된 고방사 열전도성 방열 시스템,한미르 주식회사
1020160045102,1020170116876,1017975910000,등록,등록,재생 잔골재 세척장치 및 세척방법,주식회사 한미이엔씨
1020220175177,1020240092427,1028212800000,등록,등록,"고내열 무기 바인더를 포함하고, 향상된 불연성을 가지는 도료 조성물",한미르 주식회사
1020110040410,1020120122326,,거절,거절,골재 선별용 우레탄 스크린망 제조방법 및 그 제품,주식회사 한미이엔씨
1020180143720,,1019870810000,등록,등록,건식 재생 모래골재 분급 방법 및 건식 재생 모래골재 분급 설비,주식회사 한미이엔씨|안두혁
1020180161815,,1020972200000,등록,등록,건식 광물 선별시스템용 진동분리장치,주식회사 한미이엔씨|안두혁
1020140042344,1020150117329,1015729800000,등록,등록,친환경 건축소재용 조성물 및 이의 제조방법,한미르 주식회사
1020120070345,,1012467620000,등록,등록,나노구조를 갖는 열방벽용 유리 입자 제조방법,한미르 주식회사
1020210141825,1020220074728,1026224910000,등록,등록,1300도 이상 고온에 견디는 내열 불연접착제의 제조 방법 및 이에 의해 제조된 불연접착제,한미르 주식회사
1020130060624,1020140140210,1015133480000,등록,등록,골재 진동 선별기용 일체형 가진기,주식회사 한미이엔씨|대진대학교 산학협력단
1020090118264,1020110061758,,거절,거절,건식 모래 생산장치,주식회사 한미이엔씨
1020220087639,1020240010280,,공개,공개,아비라테론 아세테이트 또는 이의 약제학적으로 허용 가능한 염을 포함하는 약제학적 조성물,한미약품 주식회사
1020240121586,1020260035525,1029481010000,등록,등록,함침용 난연제 조성물 및 이의 제조방법,한미르 주식회사
1020210179591,1020230090650,1028341140000,등록,등록,세라믹 나노 Si계 실란을 적용한 산업용 불연방열 SiC 나노 코팅제의 제조방법 및 이에 의해 제조된 나노 코팅제,한미르 주식회사
1020090130887,1020110074042,,거절,거절,건식 모래 생산방법 및 장치,주식회사 한미이엔씨
1020110006302,1020120084958,1012584000000,등록,등록,내열 내화 페인트,한미르 주식회사
1020080011772,,1008382590000,등록,등록,골재용 진동 선별기,주식회사 한미이엔씨
1020090135540,1020110078673,,거절,거절,골재 선별용 조립식 스크린 철망 제조방법 및 그 제품,주식회사 한미이엔씨
1020210179592,1020230090651,1027390250000,등록,등록,소화전 및 소방 안전구역용 1000도 불연내화기능을 갖는 기능성 접착 코팅제의 제조 방법,한미르 주식회사
1020200162388,,1023323080000,등록,등록,불연접착제를 이용한 불연단열패널의 제조 방법 및 이에 의해 제조된 불연단열패널,한미르 주식회사
1020230100248,1020250019296,1028532830000,등록,등록,접착력이 강화된 세라믹 고온용 접착바인더의 제조방법 및 이에 의해 제조된 고온용 접착바인더,한미르 주식회사
1020200162358,1020220074170,1024568080000,등록,등록,세라믹 나노방열 코팅을 이용한 고효율 방열시스템의 제조 방법 및 이에 의해 제조된 고효율 방열시스템,한미르 주식회사
1020240105147,1020260021959,,공개,공개,갈색거저리 유충의 효소처리물을 함유하여 기호성이 증가된 츄어블 정제용 조성물,주식회사 한미양행
1020230038699,1020240143421,1028532870000,등록,등록,초고온 내열 불연페인트의 제조 방법 및 이에 의해 제조된 불연페인트,한미르 주식회사
1020130032403,1020140117223,1014711700000,등록,등록,공기 분급장치,주식회사 한미이엔씨
1020160045093,,1017850010000,등록,등록,건식 및 습식 혼용 재생 잔골재 생산방법,주식회사 한미이엔씨
1020220145860,,1025556740000,등록,등록,갈색거저리 유충 및 흰점박이꽃무지 유충의 효소처리물을 함유하는 여성 갱년기 증상의 예방 또는 치료용 조성물,주식회사 한미양행
1020220182573,1020240100685,,공개,공개,마이크로니들 어레이 및 이의 제조방법,한미약품 주식회사
1020240047395,1020250148958,,공개,공개,멀티 레이어를 갖는 직물 슬리브,한미케이블 주식회사
1020240076688,1020250176989,,공개,공개,"방오, 항균, 탈취, 내수성을 향상시킨 미네랄울 기반의 불연 복합 단열재",한미르 주식회사
1020240076685,1020250176988,,공개,공개,"방오, 항균, 탈취, 내수성을 향상시킨 페놀폼 기반의 불연 복합 단열재",한미르 주식회사
1020230001589,,1025397260000,등록,등록,선박 엔진용 연료분사밸브 테스트 장치,(주)한미유압기계
1020240071412,1020250171978,,공개,공개,엠파글리플로진 및 메트포르민을 포함하는 약제학적 복합제제,한미약품 주식회사
1020090063294,1020110005924,1010443120000,등록,등록,전선조인트 보호용 열수축 캡 제조 장치 및 제조 방법,한미케이블 주식회사
1020080011932,,1009011070000,등록,등록,기포혼합처리토 제조 방법 및 제조 장치,한미기초개발주식회사|정우섭|한국경량혼합토 주식회사
1020230000037,,1025255590000,등록,등록,신호 손실 방지용 테스트 소켓,주식회사 새한마이크로텍
1020150179106,,1017290690000,등록,등록,방열구가 형성된 배럴을 구비한 프로브,주식회사 새한마이크로텍
1020210139580,1020230055785,,공개,공개,약물 방출 속도가 개선된 니세르골린을 함유하는 약제학적 조성물 및 이의 제조 방법,한미약품 주식회사
1020210188477,,1023891360000,등록,등록,신호 손실 방지용 테스트 소켓,주식회사 새한마이크로텍
1020220002165,1020230106362,,공개,공개,바레니클린 옥살산염을 포함하는 안정성이 개선된 약제학적 제제,한미약품 주식회사
1020200130560,1020220047073,,공개,공개,유전독성 안정성이 개선된 메트포르민 또는 약학적으로 허용 가능한 그의 염을 포함하는 약학적 조성물,한미약품 주식회사
1020250087968,,1029372820000,등록,등록,전력시설물에 사용되는 천장 설치형 케이블 고정장치,(주)한미래엔지니어링
1020250096858,,1028804960000,등록,등록,기상 관측 기구,정찬민|임세영|정창운
1020120097660,,1012542000000,등록,등록,풍향 변환 제트 팬,주식회사 한미터보벤트
1020250120288,,1029501360000,등록,등록,스테비아 추출물 및 여주 추출물을 유효성분으로 함유하는 당뇨 예방 및 치료용 조성물,주식회사 한미양행
1020210166961,,1023808680000,소멸,소멸,제습 책갈피,채효진|소찬미|여채윤
1020250148947,,1029501680000,등록,등록,지반 침하 방지 및 액상화 보강을 위한 친환경 고화재 조성물 및 이를 이용한 지반 고화 방법,충북대학교 산학협력단|주식회사 한미그린텍|전욱
1020180108013,,1019649470000,등록,등록,마이크로웨이브를 이용한 건조장치,주식회사 한미산업|정중기|조성범|조인예|정승호
1020250120293,,1029501390000,등록,등록,스테비아 추출물을 유효성분으로 함유하는 항비만용 조성물,주식회사 한미양행
1020240046246,1020240149353,,공개,공개,개선된 안정성과 용출률이 확보된 사쿠비트릴-발사르탄 및 SGLT-2 억제제를 포함하는 복합제제,한미약품 주식회사
1020040092782,1020050047032,1007253150000,등록,등록,면역글로불린 단편을 이용한 단백질 결합체 및 그의제조방법,한미사이언스 주식회사
1020180171722,,1021011040000,등록,등록,다각형 마이크로 접촉 핀,주식회사 새한마이크로텍
1020090004261,1020100084886,1016198160000,등록,등록,면역글로불린 Fc 단편을 포함하는 올리고뉴클레오타이드 결합체,한미사이언스 주식회사
1020080046802,1020090120811,1009678330000,등록,등록,고순도의 폴리에틸렌글리콜 알데하이드 유도체의 제조방법,아이디비켐(주)|한미사이언스 주식회사
1020230114821,1020240044329,,공개,공개,아비라테론 아세테이트 및 프레드니솔론을 포함하는 경구용 복합정제,한미약품 주식회사
1020090015435,1020100096526,1011601520000,등록,등록,"스타틴 화합물 또는 그 염의 신규 제조방법, 및 이에 사용되는 중간체 화합물",한미사이언스 주식회사
1020147009223,1020140084023,1019906560000,등록,등록,인터페론 알파 결합체를 포함하는 암 치료용 약학적 조성물,한미사이언스 주식회사|베이징 한미 파마슈티컬 컴퍼니 리미티드
1020150035187,,1016358360000,등록,등록,검수 장치 및 방법,한미아이티 주식회사
1020200183241,1020210082120,,공개,공개,GLP-2 또는 이의 결합체를 포함하는 골 대사성 질환에 대한 예방 또는 치료용 약학적 조성물,한미약품 주식회사
1020120104177,1020140037697,1014099670000,등록,등록,보관 안정성이 개선된 전두유의 제조방법,한미헬스케어 주식회사
1020130107591,1020150028664,1015254780000,등록,등록,숙취해소용 식품 조성물,한미약품 주식회사
1020160010981,1020160092956,1025487470000,등록,등록,"라록시펜, 및 비타민 D 또는 그 유도체를 포함하는 복합 캡슐제",한미약품 주식회사
1020090125646,1020100070305,1011565880000,등록,등록,에제티밉의 제조방법 및 이에 사용되는 중간체,한미약품 주식회사
1020140045899,,1015200630000,등록,등록,RFID 태그 검수 장치 및 이를 포함하는 RFID 인코딩 시스템,한미아이티 주식회사
1020090090540,1020100086921,1011601510000,등록,등록,암로디핀 및 로자탄을 함유하는 고형 약제학적 조성물,한미사이언스 주식회사
1020160105937,1020180021427,,취하,취하,인삼소스 제조방법,한미선
1020200097113,1020220017538,1025454400000,등록,등록,모바일 단말을 이용한 사용자 지향적 복약관리시스템,한미사이언스 주식회사
1020180037670,1020190078455,1025457480000,등록,등록,플루르비프로펜 함유 스프레이 조성물 및 그 제조방법,한미약품 주식회사
1020140088530,1020150008011,1018725590000,등록,등록,FcRn 결합력이 유지되는 면역글로불린 Fc 결합체,한미약품 주식회사
1020210077231,1020210074268,1025490900000,등록,등록,카라기난을 유효성분으로 포함하는 보존성이 개선된 액상 제제,한미약품 주식회사
1020180096704,1020180096558,1019953760000,등록,등록,카라기난을 유효성분으로 포함하는 항-바이러스 조성물,한미약품 주식회사
1020140195662,1020160082170,1022718620000,등록,등록,리바록사반 함유 경구용 고형제제,한미약품 주식회사
1020190173205,1020200078414,,공개,공개,인슐린 및 글루카곤을 포함하는 약학 조성물,한미약품 주식회사
1020160105940,1020180021429,,취하,취하,치킨용 자장 소스 혼합물,한미선
1020210109688,1020210109491,1024136910000,등록,등록,신규한 인슐린 아날로그 및 이의 용도,한미약품 주식회사
1020160105929,1020180021425,,취하,취하,옻된장 성분의 한방 소스 제조방법,한미선
1020170085887,1020190005358,1019745910000,등록,등록,포인트 기초용 친환경 고기능성 고화재 조성물,케이에이치건설 주식회사|주식회사 씨엠디기술단|주식회사 한미그린텍
1020150138140,1020170038571,1017487960000,등록,등록,활성성분의 전달량이 향상된 흡입용 캡슐제,한미약품 주식회사
1020150009433,1020150087130,1024066540000,등록,등록,지속형 인슐린 및 그 용도,한미약품 주식회사
1020160105938,1020180021428,,취하,취하,딸기 소스 조성물 제조방법,한미선
1020240074988,1020250175520,,공개,공개,저장성 및 관능성이 향상된 흰목이 버섯 소스 제조방법,한미선
1020210009234,1020210095583,1025310450000,등록,등록,프로톤 펌프 저해제 및 제산제를 포함하는 약제학적 복합제제,한미약품 주식회사
1020160153696,,1017229660000,등록,등록,가스분사밸브 검사장치,(주)한미유압기계
1020110104374,1020130039797,1018613070000,등록,등록,정제를 포함하는 경질 캡슐 복합 제형,한미약품 주식회사
1020190161388,1020200070125,1024005860000,등록,등록,"히알루론산 가교물, 히알루론산 수화 겔 및 이들의 제조방법",한미약품 주식회사
1020160105933,1020180021426,,취하,취하,치킨덮밥용 소스 제조방법,한미선
1020140078388,1020160000762,1019777850000,등록,등록,에제티미브 및 로수바스타틴을 포함하는 경구용 복합제제 및 그 제조방법,한미약품 주식회사
1020180047553,1020190003323,1021103040000,등록,등록,레보세티리진 및 몬테루카스트를 포함하는 안정성 및 복약순응도가 향상된 복합 츄어블정 및 그 제조방법,한미약품 주식회사
1020090055868,1020100137696,1010332610000,등록,등록,곡면 콘크리트 구조체의 시공 방법,(주)한미글로벌건축사사무소
1020090102213,1020110045578,1011378250000,등록,등록,배면 요철식 인터록킹 블록,(주)한미글로벌건축사사무소
1020100067849,1020110115502,1011390610000,등록,등록,지하철 차량의 주행풍을 이용한 풍력발전장치,(주)한미글로벌건축사사무소
1020100102371,1020120040878,1012501850000,등록,등록,자체 토사 조절기능을 갖는 사방댐,박계연|최한미
1020050091325,1020070036377,1012373130000,소멸,소멸,약물 적하 노즐,한미약품 주식회사
1020250055456,1020250158924,,공개,공개,CRF2 수용체 작용제와 그 아실화 결합체의 용도,한미약품 주식회사
1020217025828,1020210118857,,공개,공개,생리활성 폴리펩타이드에 사용되는 신규한 중간체 및 이의 제조방법,한미정밀화학주식회사
1020220139132,,1025149260000,등록,등록,포고 핀용 탐침 및 이를 구비하는 포고 핀,주식회사 새한마이크로텍
1020230186003,1020250095833,,공개,공개,에페글레나타이드를 유효성분으로 포함하는 약학 조성물 및 이의 투여 요법,한미약품 주식회사
1020180139217,,1020946180000,등록,등록,마이크로 접촉 핀,주식회사 새한마이크로텍
1020227004778,1020220044286,,공개,공개,"항 PD-1/HER2 이중특이성 항체를 포함하는 제제, 이의 제조 방법 및 용도","이노벤트 바이오로직스 (쑤저우) 컴퍼니, 리미티드|베이징 한미 파마슈티컬 컴퍼니 리미티드"
1020220178195,1020240079115,,공개,공개,쿠에티아핀을 포함하는 약제학적 조성물,한미약품 주식회사
1020187007147,1020180035920,1021105730000,등록,등록,IRAK4억제제 및 이의 용도,베이징 한미 파마슈티컬 컴퍼니 리미티드
1020070039003,,1008407940000,등록,등록,고함량 글루코사민 정제용 조성물 및 글루코사민 정제의제조방법,주식회사 한미양행
1020210088347,,1023806740000,등록,등록,케이블 풀러 및 이를 이용한 케이블 포설 방법,주식회사 한미개발
1020210139537,1020230055762,,공개,공개,"메트포르민, 리나글립틴 및 메글루민을 포함하는 약제학적 복합제제",한미약품 주식회사
1020150045621,1020150113934,1023851200000,등록,등록,면역글로불린 Fc 단편 결합을 이용한 단백질 및 펩타이드의 용해도를 개선시키는 방법,한미약품 주식회사
1020170163882,1020180079176,1022402400000,등록,등록,다파글리플로진 L-프롤린과 항당뇨병제를 포함하는 약제학적 복합 제제,한미약품 주식회사
1020070132466,1020090065042,1009547550000,등록,등록,(R)-(-)-1-[(4-클로로페닐)페닐메틸]피페라진의 제조방법,한미사이언스 주식회사
1020140054401,1020150127483,1023914940000,등록,등록,몬테루카스트 또는 이의 약제학적으로 허용가능한 염을 포함하는 안정성이 개선된 액상 제제 및 이의 제조방법,한미약품 주식회사
