source,corp_code,company,company_dir,stock_code,year,fs_div,sj_div,sj_nm,account_id,account_nm,account_detail,thstrm_nm,amount,frmtrm_amount,currency,ord
OpenDART_fnlttSinglAcntAll,00369657,리노공업,leeno,058470,2021,OFS,BS,재무상태표,ifrs-full_CurrentAssets,유동자산,-,제 26 기,335723022270.0,257710373589.0,KRW,1
OpenDART_fnlttSinglAcntAll,00369657,리노공업,leeno,058470,2021,OFS,BS,재무상태표,ifrs-full_CashAndCashEquivalents,현금및현금성자산,-,제 26 기,77211544736.0,99439220422.0,KRW,2
OpenDART_fnlttSinglAcntAll,00369657,리노공업,leeno,058470,2021,OFS,BS,재무상태표,dart_ShortTermTradeReceivable,매출채권,-,제 26 기,35370079189.0,29113650402.0,KRW,3
OpenDART_fnlttSinglAcntAll,00369657,리노공업,leeno,058470,2021,OFS,BS,재무상태표,-표준계정코드 미사용-,기타채권,-,제 26 기,5434696862.0,3294524712.0,KRW,4
OpenDART_fnlttSinglAcntAll,00369657,리노공업,leeno,058470,2021,OFS,BS,재무상태표,ifrs-full_OtherCurrentFinancialAssets,기타금융자산,-,제 26 기,205759500000.0,112200525000.0,KRW,5
OpenDART_fnlttSinglAcntAll,00369657,리노공업,leeno,058470,2021,OFS,BS,재무상태표,ifrs-full_Inventories,재고자산,-,제 26 기,11596904125.0,12348851519.0,KRW,6
OpenDART_fnlttSinglAcntAll,00369657,리노공업,leeno,058470,2021,OFS,BS,재무상태표,dart_OtherCurrentAssets,기타자산,-,제 26 기,350297358.0,1313601534.0,KRW,7
OpenDART_fnlttSinglAcntAll,00369657,리노공업,leeno,058470,2021,OFS,BS,재무상태표,ifrs-full_NoncurrentAssets,비유동자산,-,제 26 기,130648011966.0,103822940951.0,KRW,8
OpenDART_fnlttSinglAcntAll,00369657,리노공업,leeno,058470,2021,OFS,BS,재무상태표,-표준계정코드 미사용-,기타채권,-,제 26 기,78349830.0,82046330.0,KRW,9
OpenDART_fnlttSinglAcntAll,00369657,리노공업,leeno,058470,2021,OFS,BS,재무상태표,ifrs-full_OtherNoncurrentFinancialAssets,기타금융자산,-,제 26 기,2893143704.0,4415647043.0,KRW,10
OpenDART_fnlttSinglAcntAll,00369657,리노공업,leeno,058470,2021,OFS,BS,재무상태표,ifrs-full_PropertyPlantAndEquipment,유형자산,-,제 26 기,124382380697.0,96289622638.0,KRW,11
OpenDART_fnlttSinglAcntAll,00369657,리노공업,leeno,058470,2021,OFS,BS,재무상태표,ifrs-full_IntangibleAssetsOtherThanGoodwill,무형자산,-,제 26 기,2026404881.0,2149884217.0,KRW,12
OpenDART_fnlttSinglAcntAll,00369657,리노공업,leeno,058470,2021,OFS,BS,재무상태표,ifrs-full_DeferredTaxAssets,이연법인세자산,-,제 26 기,1267732854.0,885740723.0,KRW,13
OpenDART_fnlttSinglAcntAll,00369657,리노공업,leeno,058470,2021,OFS,BS,재무상태표,ifrs-full_Assets,자산총계,-,제 26 기,466371034236.0,361533314540.0,KRW,14
OpenDART_fnlttSinglAcntAll,00369657,리노공업,leeno,058470,2021,OFS,BS,재무상태표,ifrs-full_CurrentLiabilities,유동부채,-,제 26 기,45990326198.0,21920276366.0,KRW,16
OpenDART_fnlttSinglAcntAll,00369657,리노공업,leeno,058470,2021,OFS,BS,재무상태표,dart_ShortTermTradePayables,매입채무,-,제 26 기,4695754441.0,4567741512.0,KRW,17
OpenDART_fnlttSinglAcntAll,00369657,리노공업,leeno,058470,2021,OFS,BS,재무상태표,-표준계정코드 미사용-,기타채무,-,제 26 기,5868163889.0,5299214854.0,KRW,18
OpenDART_fnlttSinglAcntAll,00369657,리노공업,leeno,058470,2021,OFS,BS,재무상태표,ifrs-full_CurrentTaxLiabilities,당기법인세부채,-,제 26 기,27844212227.0,10822180508.0,KRW,19
OpenDART_fnlttSinglAcntAll,00369657,리노공업,leeno,058470,2021,OFS,BS,재무상태표,dart_OtherCurrentLiabilities,기타부채,-,제 26 기,7475331734.0,1132529121.0,KRW,20
OpenDART_fnlttSinglAcntAll,00369657,리노공업,leeno,058470,2021,OFS,BS,재무상태표,ifrs-full_CurrentLeaseLiabilities,리스부채,-,제 26 기,106863907.0,98610371.0,KRW,21
OpenDART_fnlttSinglAcntAll,00369657,리노공업,leeno,058470,2021,OFS,BS,재무상태표,ifrs-full_NoncurrentLiabilities,비유동부채,-,제 26 기,2677520935.0,2271855662.0,KRW,22
OpenDART_fnlttSinglAcntAll,00369657,리노공업,leeno,058470,2021,OFS,BS,재무상태표,dart_PostemploymentBenefitObligations,순확정급여부채,-,제 26 기,1025760534.0,920175841.0,KRW,23
OpenDART_fnlttSinglAcntAll,00369657,리노공업,leeno,058470,2021,OFS,BS,재무상태표,ifrs-full_NoncurrentProvisionsForEmployeeBenefits,기타장기종업원급여부채,-,제 26 기,1502388706.0,1268567140.0,KRW,24
OpenDART_fnlttSinglAcntAll,00369657,리노공업,leeno,058470,2021,OFS,BS,재무상태표,ifrs-full_NoncurrentLeaseLiabilities,리스부채,-,제 26 기,149371695.0,83112681.0,KRW,25
OpenDART_fnlttSinglAcntAll,00369657,리노공업,leeno,058470,2021,OFS,BS,재무상태표,ifrs-full_Liabilities,부채총계,-,제 26 기,48667847133.0,24192132028.0,KRW,26
OpenDART_fnlttSinglAcntAll,00369657,리노공업,leeno,058470,2021,OFS,BS,재무상태표,ifrs-full_IssuedCapital,자본금,-,제 26 기,7621185000.0,7621185000.0,KRW,28
OpenDART_fnlttSinglAcntAll,00369657,리노공업,leeno,058470,2021,OFS,BS,재무상태표,dart_CapitalSurplus,자본잉여금,-,제 26 기,5601810444.0,5601810444.0,KRW,29
OpenDART_fnlttSinglAcntAll,00369657,리노공업,leeno,058470,2021,OFS,BS,재무상태표,dart_OtherCapitalAdjustments,자본조정,-,제 26 기,-2353516350.0,-2353516350.0,KRW,30
OpenDART_fnlttSinglAcntAll,00369657,리노공업,leeno,058470,2021,OFS,BS,재무상태표,ifrs-full_RetainedEarnings,이익잉여금,-,제 26 기,406833708009.0,326471703418.0,KRW,31
OpenDART_fnlttSinglAcntAll,00369657,리노공업,leeno,058470,2021,OFS,BS,재무상태표,ifrs-full_Equity,자본총계,-,제 26 기,417703187103.0,337341182512.0,KRW,32
OpenDART_fnlttSinglAcntAll,00369657,리노공업,leeno,058470,2021,OFS,BS,재무상태표,ifrs-full_EquityAndLiabilities,부채와자본총계,-,제 26 기,466371034236.0,361533314540.0,KRW,33
OpenDART_fnlttSinglAcntAll,00369657,리노공업,leeno,058470,2021,OFS,CIS,포괄손익계산서,ifrs-full_Revenue,매출액,-,제 26 기,280166833067.0,201335459350.0,KRW,0
OpenDART_fnlttSinglAcntAll,00369657,리노공업,leeno,058470,2021,OFS,CIS,포괄손익계산서,ifrs-full_CostOfSales,매출원가,-,제 26 기,148928526171.0,112557857773.0,KRW,1
OpenDART_fnlttSinglAcntAll,00369657,리노공업,leeno,058470,2021,OFS,CIS,포괄손익계산서,ifrs-full_GrossProfit,매출총이익,-,제 26 기,131238306896.0,88777601577.0,KRW,2
OpenDART_fnlttSinglAcntAll,00369657,리노공업,leeno,058470,2021,OFS,CIS,포괄손익계산서,dart_TotalSellingGeneralAdministrativeExpenses,판매비와관리비,-,제 26 기,14133953654.0,10895847887.0,KRW,3
OpenDART_fnlttSinglAcntAll,00369657,리노공업,leeno,058470,2021,OFS,CIS,포괄손익계산서,dart_OperatingIncomeLoss,영업이익,-,제 26 기,117104353242.0,77881753690.0,KRW,4
OpenDART_fnlttSinglAcntAll,00369657,리노공업,leeno,058470,2021,OFS,CIS,포괄손익계산서,-표준계정코드 미사용-,영업외손익,-,제 26 기,21788746915.0,-4329386133.0,KRW,5
OpenDART_fnlttSinglAcntAll,00369657,리노공업,leeno,058470,2021,OFS,CIS,포괄손익계산서,-표준계정코드 미사용-,기타수익,-,제 26 기,22318632875.0,4635955897.0,KRW,6
OpenDART_fnlttSinglAcntAll,00369657,리노공업,leeno,058470,2021,OFS,CIS,포괄손익계산서,-표준계정코드 미사용-,기타비용,-,제 26 기,2295840316.0,10976127474.0,KRW,7
OpenDART_fnlttSinglAcntAll,00369657,리노공업,leeno,058470,2021,OFS,CIS,포괄손익계산서,-표준계정코드 미사용-,금융수익,-,제 26 기,1773826051.0,2018563881.0,KRW,8
OpenDART_fnlttSinglAcntAll,00369657,리노공업,leeno,058470,2021,OFS,CIS,포괄손익계산서,-표준계정코드 미사용-,금융비용,-,제 26 기,7871695.0,7778437.0,KRW,9
OpenDART_fnlttSinglAcntAll,00369657,리노공업,leeno,058470,2021,OFS,CIS,포괄손익계산서,ifrs-full_ProfitLossBeforeTax,법인세비용차감전순이익,-,제 26 기,138893100157.0,73552367557.0,KRW,10
OpenDART_fnlttSinglAcntAll,00369657,리노공업,leeno,058470,2021,OFS,CIS,포괄손익계산서,ifrs-full_IncomeTaxExpenseContinuingOperations,법인세비용,-,제 26 기,35087285008.0,18173595387.0,KRW,11
OpenDART_fnlttSinglAcntAll,00369657,리노공업,leeno,058470,2021,OFS,CIS,포괄손익계산서,ifrs-full_ProfitLoss,당기순이익,-,제 26 기,103805815149.0,55378772170.0,KRW,12
OpenDART_fnlttSinglAcntAll,00369657,리노공업,leeno,058470,2021,OFS,CIS,포괄손익계산서,ifrs-full_OtherComprehensiveIncome,기타포괄손익,-,제 26 기,-675130558.0,-812025.0,KRW,13
OpenDART_fnlttSinglAcntAll,00369657,리노공업,leeno,058470,2021,OFS,CIS,포괄손익계산서,dart_OtherComprehensiveIncomeNetOfTaxGainsLossesOnRemeasurementsOfDefinedBenefitPlans,종업원급여재측정요소,-,제 26 기,-675130558.0,-812025.0,KRW,15
OpenDART_fnlttSinglAcntAll,00369657,리노공업,leeno,058470,2021,OFS,CIS,포괄손익계산서,ifrs-full_ComprehensiveIncome,포괄손익,-,제 26 기,103130684591.0,55377960145.0,KRW,16
OpenDART_fnlttSinglAcntAll,00369657,리노공업,leeno,058470,2021,OFS,CIS,포괄손익계산서,ifrs-full_BasicEarningsLossPerShare,기본주당이익,-,제 26 기,6839.0,3648.0,KRW,18
OpenDART_fnlttSinglAcntAll,00369657,리노공업,leeno,058470,2021,OFS,CF,현금흐름표,ifrs-full_CashFlowsFromUsedInOperatingActivities,영업활동으로 인한 현금흐름,-,제 26 기,130580737722.0,99804058912.0,KRW,0
OpenDART_fnlttSinglAcntAll,00369657,리노공업,leeno,058470,2021,OFS,CF,현금흐름표,-표준계정코드 미사용-,영업으로부터 창출된 현금흐름,-,제 26 기,147362296513.0,117120616140.0,KRW,1
OpenDART_fnlttSinglAcntAll,00369657,리노공업,leeno,058470,2021,OFS,CF,현금흐름표,ifrs-full_InterestReceivedClassifiedAsOperatingActivities,이자의 수취,-,제 26 기,1456731879.0,2403752021.0,KRW,2
OpenDART_fnlttSinglAcntAll,00369657,리노공업,leeno,058470,2021,OFS,CF,현금흐름표,ifrs-full_InterestPaidClassifiedAsOperatingActivities,이자의 지급,-,제 26 기,6588252.0,6396806.0,KRW,3
OpenDART_fnlttSinglAcntAll,00369657,리노공업,leeno,058470,2021,OFS,CF,현금흐름표,ifrs-full_IncomeTaxesPaidRefundClassifiedAsOperatingActivities,법인세의 납부,-,제 26 기,18231702418.0,19713912443.0,KRW,4
OpenDART_fnlttSinglAcntAll,00369657,리노공업,leeno,058470,2021,OFS,CF,현금흐름표,ifrs-full_CashFlowsFromUsedInInvestingActivities,투자활동으로 인한 현금흐름,-,제 26 기,-131720027625.0,-7673858585.0,KRW,5
OpenDART_fnlttSinglAcntAll,00369657,리노공업,leeno,058470,2021,OFS,CF,현금흐름표,dart_ProceedsFromSalesOfOtherCurrentFinancialAssets,금융자산(유동)의 처분,-,제 26 기,260394043372.0,274862807565.0,KRW,6
OpenDART_fnlttSinglAcntAll,00369657,리노공업,leeno,058470,2021,OFS,CF,현금흐름표,dart_ProceedsFromSalesOfShortTermLoansAndReceivables,기타채권(유동)의 감소,-,제 26 기,504045325.0,256298077.0,KRW,7
OpenDART_fnlttSinglAcntAll,00369657,리노공업,leeno,058470,2021,OFS,CF,현금흐름표,dart_ProceedsFromSalesOfOtherNonCurrentFinancialAssets,금융자산(비유동)의 처분,-,제 26 기,105368280.0,,KRW,8
OpenDART_fnlttSinglAcntAll,00369657,리노공업,leeno,058470,2021,OFS,CF,현금흐름표,dart_ProceedsFromSalesOfLongTermLoansAndReceivables,기타채권(비유동)의 감소,-,제 26 기,6052190.0,,KRW,9
OpenDART_fnlttSinglAcntAll,00369657,리노공업,leeno,058470,2021,OFS,CF,현금흐름표,ifrs-full_ProceedsFromSalesOfPropertyPlantAndEquipmentClassifiedAsInvestingActivities,유형자산의 처분,-,제 26 기,10567482045.0,512545.0,KRW,10
OpenDART_fnlttSinglAcntAll,00369657,리노공업,leeno,058470,2021,OFS,CF,현금흐름표,-표준계정코드 미사용-,유형자산 관련 기타채무의 증가,-,제 26 기,76743000.0,88050000.0,KRW,11
OpenDART_fnlttSinglAcntAll,00369657,리노공업,leeno,058470,2021,OFS,CF,현금흐름표,ifrs-full_DividendsReceivedClassifiedAsInvestingActivities,배당금의 수취,-,제 26 기,,,KRW,12
OpenDART_fnlttSinglAcntAll,00369657,리노공업,leeno,058470,2021,OFS,CF,현금흐름표,dart_PurchaseOfOtherCurrentFinancialAssets,금융자산(유동)의 취득,-,제 26 기,355851543372.0,256027262565.0,KRW,13
OpenDART_fnlttSinglAcntAll,00369657,리노공업,leeno,058470,2021,OFS,CF,현금흐름표,dart_PurchaseOfShortTermLoansAndReceivables,기타채권(유동)의 증가,-,제 26 기,504045325.0,256298077.0,KRW,14
OpenDART_fnlttSinglAcntAll,00369657,리노공업,leeno,058470,2021,OFS,CF,현금흐름표,dart_PurchaseOfOtherNonCurrentFinancialAssets,금융자산(비유동)의 취득,-,제 26 기,1590000000.0,2705000000.0,KRW,15
OpenDART_fnlttSinglAcntAll,00369657,리노공업,leeno,058470,2021,OFS,CF,현금흐름표,dart_PurchaseOfLongTermLoansAndReceivables,기타채권(비유동)의 증가,-,제 26 기,2355690.0,5000000.0,KRW,16
OpenDART_fnlttSinglAcntAll,00369657,리노공업,leeno,058470,2021,OFS,CF,현금흐름표,ifrs-full_PurchaseOfPropertyPlantAndEquipmentClassifiedAsInvestingActivities,유형자산의 취득,-,제 26 기,45110244006.0,21737455254.0,KRW,17
OpenDART_fnlttSinglAcntAll,00369657,리노공업,leeno,058470,2021,OFS,CF,현금흐름표,ifrs-full_PurchaseOfIntangibleAssetsClassifiedAsInvestingActivities,무형자산의 취득,-,제 26 기,227523444.0,724579129.0,KRW,18
OpenDART_fnlttSinglAcntAll,00369657,리노공업,leeno,058470,2021,OFS,CF,현금흐름표,-표준계정코드 미사용-,유형자산 관련 기타채무의 감소,-,제 26 기,88050000.0,1425931747.0,KRW,19
OpenDART_fnlttSinglAcntAll,00369657,리노공업,leeno,058470,2021,OFS,CF,현금흐름표,ifrs-full_CashFlowsFromUsedInFinancingActivities,재무활동으로 인한 현금흐름,-,제 26 기,-22902218748.0,-18343883194.0,KRW,20
OpenDART_fnlttSinglAcntAll,00369657,리노공업,leeno,058470,2021,OFS,CF,현금흐름표,ifrs-full_PaymentsOfFinanceLeaseLiabilitiesClassifiedAsFinancingActivities,리스부채의 상환,-,제 26 기,133538748.0,128939194.0,KRW,21
OpenDART_fnlttSinglAcntAll,00369657,리노공업,leeno,058470,2021,OFS,CF,현금흐름표,ifrs-full_DividendsPaidClassifiedAsFinancingActivities,배당금의 지급,-,제 26 기,22768680000.0,18214944000.0,KRW,22
OpenDART_fnlttSinglAcntAll,00369657,리노공업,leeno,058470,2021,OFS,CF,현금흐름표,ifrs-full_IncreaseDecreaseInCashAndCashEquivalentsBeforeEffectOfExchangeRateChanges,현금및현금성자산의 증가(감소),-,제 26 기,-24041508651.0,73786317133.0,KRW,23
OpenDART_fnlttSinglAcntAll,00369657,리노공업,leeno,058470,2021,OFS,CF,현금흐름표,dart_CashAndCashEquivalentsAtBeginningOfPeriodCf,기초 현금및현금성자산,-,제 26 기,99439220422.0,31868276461.0,KRW,24
OpenDART_fnlttSinglAcntAll,00369657,리노공업,leeno,058470,2021,OFS,CF,현금흐름표,ifrs-full_EffectOfExchangeRateChangesOnCashAndCashEquivalents,현금및현금성자산의 환율변동효과,-,제 26 기,1813832965.0,-6215373172.0,KRW,25
OpenDART_fnlttSinglAcntAll,00369657,리노공업,leeno,058470,2021,OFS,CF,현금흐름표,dart_CashAndCashEquivalentsAtEndOfPeriodCf,기말 현금및현금성자산,-,제 26 기,77211544736.0,99439220422.0,KRW,26
OpenDART_fnlttSinglAcntAll,00369657,리노공업,leeno,058470,2021,OFS,SCE,자본변동표,dart_EquityAtBeginningOfPeriod,기초자본,별도재무제표 [member],제 26 기,337341182512.0,300178166367.0,KRW,1
OpenDART_fnlttSinglAcntAll,00369657,리노공업,leeno,058470,2021,OFS,SCE,자본변동표,dart_EquityAtBeginningOfPeriod,기초자본,자본 [member]|이익잉여금 [member],제 26 기,326471703418.0,289308687273.0,KRW,1
OpenDART_fnlttSinglAcntAll,00369657,리노공업,leeno,058470,2021,OFS,SCE,자본변동표,dart_EquityAtBeginningOfPeriod,기초자본,자본 [member]|자본금 [member],제 26 기,7621185000.0,7621185000.0,KRW,1
OpenDART_fnlttSinglAcntAll,00369657,리노공업,leeno,058470,2021,OFS,SCE,자본변동표,dart_EquityAtBeginningOfPeriod,기초자본,자본 [member]|자본잉여금 [member],제 26 기,5601810444.0,5601810444.0,KRW,1
OpenDART_fnlttSinglAcntAll,00369657,리노공업,leeno,058470,2021,OFS,SCE,자본변동표,dart_EquityAtBeginningOfPeriod,기초자본,자본 [member]|자본조정,제 26 기,-2353516350.0,-2353516350.0,KRW,1
OpenDART_fnlttSinglAcntAll,00369657,리노공업,leeno,058470,2021,OFS,SCE,자본변동표,ifrs-full_ProfitLoss,당기순이익,별도재무제표 [member],제 26 기,103805815149.0,55378772170.0,KRW,3
OpenDART_fnlttSinglAcntAll,00369657,리노공업,leeno,058470,2021,OFS,SCE,자본변동표,ifrs-full_ProfitLoss,당기순이익,자본 [member]|이익잉여금 [member],제 26 기,103805815149.0,55378772170.0,KRW,3
OpenDART_fnlttSinglAcntAll,00369657,리노공업,leeno,058470,2021,OFS,SCE,자본변동표,-표준계정코드 미사용-,종업원급여재측정요소,별도재무제표 [member],제 26 기,-675130558.0,-812025.0,KRW,4
OpenDART_fnlttSinglAcntAll,00369657,리노공업,leeno,058470,2021,OFS,SCE,자본변동표,-표준계정코드 미사용-,종업원급여재측정요소,자본 [member]|이익잉여금 [member],제 26 기,-675130558.0,-812025.0,KRW,4
OpenDART_fnlttSinglAcntAll,00369657,리노공업,leeno,058470,2021,OFS,SCE,자본변동표,-표준계정코드 미사용-,총포괄손익 소계,자본 [member]|이익잉여금 [member],제 26 기,103130684591.0,55377960145.0,KRW,5
OpenDART_fnlttSinglAcntAll,00369657,리노공업,leeno,058470,2021,OFS,SCE,자본변동표,-표준계정코드 미사용-,총포괄손익 소계,별도재무제표 [member],제 26 기,103130684591.0,55377960145.0,KRW,5
OpenDART_fnlttSinglAcntAll,00369657,리노공업,leeno,058470,2021,OFS,SCE,자본변동표,ifrs-full_DividendsPaid,배당금의 지급,자본 [member]|이익잉여금 [member],제 26 기,-22768680000.0,-18214944000.0,KRW,6
OpenDART_fnlttSinglAcntAll,00369657,리노공업,leeno,058470,2021,OFS,SCE,자본변동표,ifrs-full_DividendsPaid,배당금의 지급,별도재무제표 [member],제 26 기,-22768680000.0,-18214944000.0,KRW,6
OpenDART_fnlttSinglAcntAll,00369657,리노공업,leeno,058470,2021,OFS,SCE,자본변동표,dart_TreasuryShareTransactions,자기주식 처분,별도재무제표 [member],제 26 기,,,KRW,7
OpenDART_fnlttSinglAcntAll,00369657,리노공업,leeno,058470,2021,OFS,SCE,자본변동표,dart_TreasuryShareTransactions,자기주식 처분,자본 [member]|자본잉여금 [member],제 26 기,,,KRW,7
OpenDART_fnlttSinglAcntAll,00369657,리노공업,leeno,058470,2021,OFS,SCE,자본변동표,dart_TreasuryShareTransactions,자기주식 처분,자본 [member]|자본조정,제 26 기,,,KRW,7
OpenDART_fnlttSinglAcntAll,00369657,리노공업,leeno,058470,2021,OFS,SCE,자본변동표,ifrs-full_Equity,기말자본,별도재무제표 [member],제 26 기,417703187103.0,337341182512.0,KRW,8
OpenDART_fnlttSinglAcntAll,00369657,리노공업,leeno,058470,2021,OFS,SCE,자본변동표,ifrs-full_Equity,기말자본,자본 [member]|이익잉여금 [member],제 26 기,406833708009.0,326471703418.0,KRW,8
OpenDART_fnlttSinglAcntAll,00369657,리노공업,leeno,058470,2021,OFS,SCE,자본변동표,ifrs-full_Equity,기말자본,자본 [member]|자본금 [member],제 26 기,7621185000.0,7621185000.0,KRW,8
OpenDART_fnlttSinglAcntAll,00369657,리노공업,leeno,058470,2021,OFS,SCE,자본변동표,ifrs-full_Equity,기말자본,자본 [member]|자본잉여금 [member],제 26 기,5601810444.0,5601810444.0,KRW,8
OpenDART_fnlttSinglAcntAll,00369657,리노공업,leeno,058470,2021,OFS,SCE,자본변동표,ifrs-full_Equity,기말자본,자본 [member]|자본조정,제 26 기,-2353516350.0,-2353516350.0,KRW,8
OpenDART_fnlttSinglAcntAll,00369657,리노공업,leeno,058470,2022,OFS,BS,재무상태표,ifrs-full_CurrentAssets,유동자산,-,제 27 기,377024805599.0,335723022270.0,KRW,1
OpenDART_fnlttSinglAcntAll,00369657,리노공업,leeno,058470,2022,OFS,BS,재무상태표,ifrs-full_CashAndCashEquivalents,현금및현금성자산,-,제 27 기,30366977656.0,77211544736.0,KRW,2
OpenDART_fnlttSinglAcntAll,00369657,리노공업,leeno,058470,2022,OFS,BS,재무상태표,dart_ShortTermTradeReceivable,매출채권,-,제 27 기,39326047673.0,35370079189.0,KRW,3
OpenDART_fnlttSinglAcntAll,00369657,리노공업,leeno,058470,2022,OFS,BS,재무상태표,-표준계정코드 미사용-,기타채권,-,제 27 기,6824703807.0,5434696862.0,KRW,4
OpenDART_fnlttSinglAcntAll,00369657,리노공업,leeno,058470,2022,OFS,BS,재무상태표,ifrs-full_OtherCurrentFinancialAssets,기타금융자산,-,제 27 기,286767000000.0,205759500000.0,KRW,5
OpenDART_fnlttSinglAcntAll,00369657,리노공업,leeno,058470,2022,OFS,BS,재무상태표,ifrs-full_Inventories,재고자산,-,제 27 기,13111076097.0,11596904125.0,KRW,6
OpenDART_fnlttSinglAcntAll,00369657,리노공업,leeno,058470,2022,OFS,BS,재무상태표,dart_OtherCurrentAssets,기타자산,-,제 27 기,629000366.0,350297358.0,KRW,7
OpenDART_fnlttSinglAcntAll,00369657,리노공업,leeno,058470,2022,OFS,BS,재무상태표,ifrs-full_NoncurrentAssets,비유동자산,-,제 27 기,154463323833.0,130648011966.0,KRW,8
OpenDART_fnlttSinglAcntAll,00369657,리노공업,leeno,058470,2022,OFS,BS,재무상태표,-표준계정코드 미사용-,기타채권,-,제 27 기,78349830.0,78349830.0,KRW,9
OpenDART_fnlttSinglAcntAll,00369657,리노공업,leeno,058470,2022,OFS,BS,재무상태표,ifrs-full_OtherNoncurrentFinancialAssets,기타금융자산,-,제 27 기,21153039181.0,2893143704.0,KRW,10
OpenDART_fnlttSinglAcntAll,00369657,리노공업,leeno,058470,2022,OFS,BS,재무상태표,ifrs-full_PropertyPlantAndEquipment,유형자산,-,제 27 기,128454852779.0,124382380697.0,KRW,11
OpenDART_fnlttSinglAcntAll,00369657,리노공업,leeno,058470,2022,OFS,BS,재무상태표,ifrs-full_IntangibleAssetsOtherThanGoodwill,무형자산,-,제 27 기,1821280539.0,2026404881.0,KRW,12
OpenDART_fnlttSinglAcntAll,00369657,리노공업,leeno,058470,2022,OFS,BS,재무상태표,dart_InvestedAssetForPostemploymentBenefit,순확정급여자산,-,제 27 기,1615926874.0,,KRW,13
OpenDART_fnlttSinglAcntAll,00369657,리노공업,leeno,058470,2022,OFS,BS,재무상태표,ifrs-full_DeferredTaxAssets,이연법인세자산,-,제 27 기,1339874630.0,1267732854.0,KRW,14
OpenDART_fnlttSinglAcntAll,00369657,리노공업,leeno,058470,2022,OFS,BS,재무상태표,ifrs-full_Assets,자산총계,-,제 27 기,531488129432.0,466371034236.0,KRW,15
OpenDART_fnlttSinglAcntAll,00369657,리노공업,leeno,058470,2022,OFS,BS,재무상태표,ifrs-full_CurrentLiabilities,유동부채,-,제 27 기,36383168010.0,45990326198.0,KRW,17
OpenDART_fnlttSinglAcntAll,00369657,리노공업,leeno,058470,2022,OFS,BS,재무상태표,dart_ShortTermTradePayables,매입채무,-,제 27 기,4668842895.0,4695754441.0,KRW,18
OpenDART_fnlttSinglAcntAll,00369657,리노공업,leeno,058470,2022,OFS,BS,재무상태표,-표준계정코드 미사용-,기타채무,-,제 27 기,6226684918.0,5868163889.0,KRW,19
OpenDART_fnlttSinglAcntAll,00369657,리노공업,leeno,058470,2022,OFS,BS,재무상태표,ifrs-full_CurrentTaxLiabilities,당기법인세부채,-,제 27 기,24669351193.0,27844212227.0,KRW,20
OpenDART_fnlttSinglAcntAll,00369657,리노공업,leeno,058470,2022,OFS,BS,재무상태표,dart_OtherCurrentLiabilities,기타부채,-,제 27 기,716179640.0,7475331734.0,KRW,21
OpenDART_fnlttSinglAcntAll,00369657,리노공업,leeno,058470,2022,OFS,BS,재무상태표,ifrs-full_CurrentLeaseLiabilities,리스부채,-,제 27 기,102109364.0,106863907.0,KRW,22
OpenDART_fnlttSinglAcntAll,00369657,리노공업,leeno,058470,2022,OFS,BS,재무상태표,ifrs-full_NoncurrentLiabilities,비유동부채,-,제 27 기,1921378596.0,2677520935.0,KRW,23
OpenDART_fnlttSinglAcntAll,00369657,리노공업,leeno,058470,2022,OFS,BS,재무상태표,dart_PostemploymentBenefitObligations,순확정급여부채,-,제 27 기,,1025760534.0,KRW,24
OpenDART_fnlttSinglAcntAll,00369657,리노공업,leeno,058470,2022,OFS,BS,재무상태표,ifrs-full_NoncurrentProvisionsForEmployeeBenefits,기타장기종업원급여부채,-,제 27 기,1781341349.0,1502388706.0,KRW,25
OpenDART_fnlttSinglAcntAll,00369657,리노공업,leeno,058470,2022,OFS,BS,재무상태표,ifrs-full_NoncurrentLeaseLiabilities,리스부채,-,제 27 기,140037247.0,149371695.0,KRW,26
OpenDART_fnlttSinglAcntAll,00369657,리노공업,leeno,058470,2022,OFS,BS,재무상태표,ifrs-full_Liabilities,부채총계,-,제 27 기,38304546606.0,48667847133.0,KRW,27
OpenDART_fnlttSinglAcntAll,00369657,리노공업,leeno,058470,2022,OFS,BS,재무상태표,ifrs-full_IssuedCapital,자본금,-,제 27 기,7621185000.0,7621185000.0,KRW,29
OpenDART_fnlttSinglAcntAll,00369657,리노공업,leeno,058470,2022,OFS,BS,재무상태표,dart_CapitalSurplus,자본잉여금,-,제 27 기,5601810444.0,5601810444.0,KRW,30
OpenDART_fnlttSinglAcntAll,00369657,리노공업,leeno,058470,2022,OFS,BS,재무상태표,dart_OtherCapitalAdjustments,자본조정,-,제 27 기,-2353516350.0,-2353516350.0,KRW,31
OpenDART_fnlttSinglAcntAll,00369657,리노공업,leeno,058470,2022,OFS,BS,재무상태표,ifrs-full_RetainedEarnings,이익잉여금,-,제 27 기,482314103732.0,406833708009.0,KRW,32
OpenDART_fnlttSinglAcntAll,00369657,리노공업,leeno,058470,2022,OFS,BS,재무상태표,ifrs-full_Equity,자본총계,-,제 27 기,493183582826.0,417703187103.0,KRW,33
OpenDART_fnlttSinglAcntAll,00369657,리노공업,leeno,058470,2022,OFS,BS,재무상태표,ifrs-full_EquityAndLiabilities,부채와자본총계,-,제 27 기,531488129432.0,466371034236.0,KRW,34
OpenDART_fnlttSinglAcntAll,00369657,리노공업,leeno,058470,2022,OFS,CIS,포괄손익계산서,ifrs-full_Revenue,매출액,-,제 27 기,322422803089.0,280166833067.0,KRW,0
OpenDART_fnlttSinglAcntAll,00369657,리노공업,leeno,058470,2022,OFS,CIS,포괄손익계산서,ifrs-full_CostOfSales,매출원가,-,제 27 기,167794521227.0,148928526171.0,KRW,1
OpenDART_fnlttSinglAcntAll,00369657,리노공업,leeno,058470,2022,OFS,CIS,포괄손익계산서,ifrs-full_GrossProfit,매출총이익,-,제 27 기,154628281862.0,131238306896.0,KRW,2
OpenDART_fnlttSinglAcntAll,00369657,리노공업,leeno,058470,2022,OFS,CIS,포괄손익계산서,dart_TotalSellingGeneralAdministrativeExpenses,판매비와관리비,-,제 27 기,17993551880.0,14133953654.0,KRW,3
OpenDART_fnlttSinglAcntAll,00369657,리노공업,leeno,058470,2022,OFS,CIS,포괄손익계산서,dart_OperatingIncomeLoss,영업이익,-,제 27 기,136634729982.0,117104353242.0,KRW,4
OpenDART_fnlttSinglAcntAll,00369657,리노공업,leeno,058470,2022,OFS,CIS,포괄손익계산서,-표준계정코드 미사용-,영업외손익,-,제 27 기,17440784590.0,21788746915.0,KRW,5
OpenDART_fnlttSinglAcntAll,00369657,리노공업,leeno,058470,2022,OFS,CIS,포괄손익계산서,-표준계정코드 미사용-,기타수익,-,제 27 기,18764320073.0,22318632875.0,KRW,6
OpenDART_fnlttSinglAcntAll,00369657,리노공업,leeno,058470,2022,OFS,CIS,포괄손익계산서,-표준계정코드 미사용-,기타비용,-,제 27 기,7019781090.0,2295840316.0,KRW,7
OpenDART_fnlttSinglAcntAll,00369657,리노공업,leeno,058470,2022,OFS,CIS,포괄손익계산서,-표준계정코드 미사용-,금융수익,-,제 27 기,5704898521.0,1773826051.0,KRW,8
OpenDART_fnlttSinglAcntAll,00369657,리노공업,leeno,058470,2022,OFS,CIS,포괄손익계산서,-표준계정코드 미사용-,금융비용,-,제 27 기,8652914.0,7871695.0,KRW,9
OpenDART_fnlttSinglAcntAll,00369657,리노공업,leeno,058470,2022,OFS,CIS,포괄손익계산서,ifrs-full_ProfitLossBeforeTax,법인세비용차감전순이익,-,제 27 기,154075514572.0,138893100157.0,KRW,10
OpenDART_fnlttSinglAcntAll,00369657,리노공업,leeno,058470,2022,OFS,CIS,포괄손익계산서,ifrs-full_IncomeTaxExpenseContinuingOperations,법인세비용,-,제 27 기,39711723245.0,35087285008.0,KRW,11
OpenDART_fnlttSinglAcntAll,00369657,리노공업,leeno,058470,2022,OFS,CIS,포괄손익계산서,ifrs-full_ProfitLoss,당기순이익,-,제 27 기,114363791327.0,103805815149.0,KRW,12
OpenDART_fnlttSinglAcntAll,00369657,리노공업,leeno,058470,2022,OFS,CIS,포괄손익계산서,ifrs-full_OtherComprehensiveIncome,기타포괄손익,-,제 27 기,-935595604.0,-675130558.0,KRW,13
OpenDART_fnlttSinglAcntAll,00369657,리노공업,leeno,058470,2022,OFS,CIS,포괄손익계산서,dart_OtherComprehensiveIncomeNetOfTaxGainsLossesOnRemeasurementsOfDefinedBenefitPlans,종업원급여재측정요소,-,제 27 기,-935595604.0,-675130558.0,KRW,15
OpenDART_fnlttSinglAcntAll,00369657,리노공업,leeno,058470,2022,OFS,CIS,포괄손익계산서,ifrs-full_ComprehensiveIncome,포괄손익,-,제 27 기,113428195723.0,103130684591.0,KRW,16
OpenDART_fnlttSinglAcntAll,00369657,리노공업,leeno,058470,2022,OFS,CIS,포괄손익계산서,ifrs-full_BasicEarningsLossPerShare,기본주당이익,-,제 27 기,7534.0,6839.0,KRW,18
OpenDART_fnlttSinglAcntAll,00369657,리노공업,leeno,058470,2022,OFS,CF,현금흐름표,ifrs-full_CashFlowsFromUsedInOperatingActivities,영업활동으로 인한 현금흐름,-,제 27 기,108593008315.0,130580737722.0,KRW,0
OpenDART_fnlttSinglAcntAll,00369657,리노공업,leeno,058470,2022,OFS,CF,현금흐름표,-표준계정코드 미사용-,영업으로부터 창출된 현금흐름,-,제 27 기,146161347623.0,147362296513.0,KRW,1
OpenDART_fnlttSinglAcntAll,00369657,리노공업,leeno,058470,2022,OFS,CF,현금흐름표,ifrs-full_InterestReceivedClassifiedAsOperatingActivities,이자의 수취,-,제 27 기,5098905185.0,1456731879.0,KRW,2
OpenDART_fnlttSinglAcntAll,00369657,리노공업,leeno,058470,2022,OFS,CF,현금흐름표,ifrs-full_InterestPaidClassifiedAsOperatingActivities,이자의 지급,-,제 27 기,7217826.0,6588252.0,KRW,3
OpenDART_fnlttSinglAcntAll,00369657,리노공업,leeno,058470,2022,OFS,CF,현금흐름표,ifrs-full_IncomeTaxesPaidRefundClassifiedAsOperatingActivities,법인세의 납부,-,제 27 기,42660026667.0,18231702418.0,KRW,4
OpenDART_fnlttSinglAcntAll,00369657,리노공업,leeno,058470,2022,OFS,CF,현금흐름표,ifrs-full_CashFlowsFromUsedInInvestingActivities,투자활동으로 인한 현금흐름,-,제 27 기,-117259026467.0,-131720027625.0,KRW,5
OpenDART_fnlttSinglAcntAll,00369657,리노공업,leeno,058470,2022,OFS,CF,현금흐름표,dart_ProceedsFromSalesOfOtherCurrentFinancialAssets,금융자산(유동)의 처분,-,제 27 기,645019104972.0,260394043372.0,KRW,6
OpenDART_fnlttSinglAcntAll,00369657,리노공업,leeno,058470,2022,OFS,CF,현금흐름표,dart_ProceedsFromSalesOfShortTermLoansAndReceivables,기타채권(유동)의 감소,-,제 27 기,558419717.0,504045325.0,KRW,7
OpenDART_fnlttSinglAcntAll,00369657,리노공업,leeno,058470,2022,OFS,CF,현금흐름표,dart_ProceedsFromSalesOfOtherNonCurrentFinancialAssets,금융자산(비유동)의 처분,-,제 27 기,,105368280.0,KRW,8
OpenDART_fnlttSinglAcntAll,00369657,리노공업,leeno,058470,2022,OFS,CF,현금흐름표,dart_ProceedsFromSalesOfLongTermLoansAndReceivables,기타채권(비유동)의 감소,-,제 27 기,,6052190.0,KRW,9
OpenDART_fnlttSinglAcntAll,00369657,리노공업,leeno,058470,2022,OFS,CF,현금흐름표,ifrs-full_ProceedsFromSalesOfPropertyPlantAndEquipmentClassifiedAsInvestingActivities,유형자산의 처분,-,제 27 기,326568730.0,10567482045.0,KRW,10
OpenDART_fnlttSinglAcntAll,00369657,리노공업,leeno,058470,2022,OFS,CF,현금흐름표,-표준계정코드 미사용-,유형자산 관련 기타채무의 증가,-,제 27 기,10488000.0,76743000.0,KRW,11
OpenDART_fnlttSinglAcntAll,00369657,리노공업,leeno,058470,2022,OFS,CF,현금흐름표,dart_PurchaseOfOtherCurrentFinancialAssets,금융자산(유동)의 취득,-,제 27 기,19324999477.0,355851543372.0,KRW,12
OpenDART_fnlttSinglAcntAll,00369657,리노공업,leeno,058470,2022,OFS,CF,현금흐름표,dart_PurchaseOfShortTermLoansAndReceivables,기타채권(유동)의 증가,-,제 27 기,558419717.0,504045325.0,KRW,13
OpenDART_fnlttSinglAcntAll,00369657,리노공업,leeno,058470,2022,OFS,CF,현금흐름표,dart_PurchaseOfOtherNonCurrentFinancialAssets,금융자산(비유동)의 취득,-,제 27 기,724826604972.0,1590000000.0,KRW,14
OpenDART_fnlttSinglAcntAll,00369657,리노공업,leeno,058470,2022,OFS,CF,현금흐름표,dart_PurchaseOfLongTermLoansAndReceivables,기타채권(비유동)의 증가,-,제 27 기,,2355690.0,KRW,15
OpenDART_fnlttSinglAcntAll,00369657,리노공업,leeno,058470,2022,OFS,CF,현금흐름표,ifrs-full_PurchaseOfPropertyPlantAndEquipmentClassifiedAsInvestingActivities,유형자산의 취득,-,제 27 기,18249507304.0,45110244006.0,KRW,16
OpenDART_fnlttSinglAcntAll,00369657,리노공업,leeno,058470,2022,OFS,CF,현금흐름표,ifrs-full_PurchaseOfIntangibleAssetsClassifiedAsInvestingActivities,무형자산의 취득,-,제 27 기,137333416.0,227523444.0,KRW,17
OpenDART_fnlttSinglAcntAll,00369657,리노공업,leeno,058470,2022,OFS,CF,현금흐름표,-표준계정코드 미사용-,유형자산 관련 기타채무의 감소,-,제 27 기,76743000.0,88050000.0,KRW,18
OpenDART_fnlttSinglAcntAll,00369657,리노공업,leeno,058470,2022,OFS,CF,현금흐름표,ifrs-full_CashFlowsFromUsedInFinancingActivities,재무활동으로 인한 현금흐름,-,제 27 기,-38069068174.0,-22902218748.0,KRW,19
OpenDART_fnlttSinglAcntAll,00369657,리노공업,leeno,058470,2022,OFS,CF,현금흐름표,ifrs-full_PaymentsOfFinanceLeaseLiabilitiesClassifiedAsFinancingActivities,리스부채의 상환,-,제 27 기,121268174.0,133538748.0,KRW,20
OpenDART_fnlttSinglAcntAll,00369657,리노공업,leeno,058470,2022,OFS,CF,현금흐름표,ifrs-full_DividendsPaidClassifiedAsFinancingActivities,배당금의 지급,-,제 27 기,37947800000.0,22768680000.0,KRW,21
OpenDART_fnlttSinglAcntAll,00369657,리노공업,leeno,058470,2022,OFS,CF,현금흐름표,ifrs-full_IncreaseDecreaseInCashAndCashEquivalentsBeforeEffectOfExchangeRateChanges,현금및현금성자산의 증가(감소),-,제 27 기,-46735086326.0,-24041508651.0,KRW,22
OpenDART_fnlttSinglAcntAll,00369657,리노공업,leeno,058470,2022,OFS,CF,현금흐름표,dart_CashAndCashEquivalentsAtBeginningOfPeriodCf,기초 현금및현금성자산,-,제 27 기,77211544736.0,99439220422.0,KRW,23
OpenDART_fnlttSinglAcntAll,00369657,리노공업,leeno,058470,2022,OFS,CF,현금흐름표,ifrs-full_EffectOfExchangeRateChangesOnCashAndCashEquivalents,현금및현금성자산의 환율변동효과,-,제 27 기,-109480754.0,1813832965.0,KRW,24
OpenDART_fnlttSinglAcntAll,00369657,리노공업,leeno,058470,2022,OFS,CF,현금흐름표,dart_CashAndCashEquivalentsAtEndOfPeriodCf,기말 현금및현금성자산,-,제 27 기,30366977656.0,77211544736.0,KRW,25
OpenDART_fnlttSinglAcntAll,00369657,리노공업,leeno,058470,2022,OFS,SCE,자본변동표,dart_EquityAtBeginningOfPeriod,기초자본,별도재무제표 [member],제 27 기,417703187103.0,337341182512.0,KRW,1
OpenDART_fnlttSinglAcntAll,00369657,리노공업,leeno,058470,2022,OFS,SCE,자본변동표,dart_EquityAtBeginningOfPeriod,기초자본,자본 [member]|이익잉여금 [member],제 27 기,406833708009.0,326471703418.0,KRW,1
OpenDART_fnlttSinglAcntAll,00369657,리노공업,leeno,058470,2022,OFS,SCE,자본변동표,dart_EquityAtBeginningOfPeriod,기초자본,자본 [member]|자본금 [member],제 27 기,7621185000.0,7621185000.0,KRW,1
OpenDART_fnlttSinglAcntAll,00369657,리노공업,leeno,058470,2022,OFS,SCE,자본변동표,dart_EquityAtBeginningOfPeriod,기초자본,자본 [member]|자본잉여금 [member],제 27 기,5601810444.0,5601810444.0,KRW,1
OpenDART_fnlttSinglAcntAll,00369657,리노공업,leeno,058470,2022,OFS,SCE,자본변동표,dart_EquityAtBeginningOfPeriod,기초자본,자본 [member]|자본조정,제 27 기,-2353516350.0,-2353516350.0,KRW,1
OpenDART_fnlttSinglAcntAll,00369657,리노공업,leeno,058470,2022,OFS,SCE,자본변동표,ifrs-full_ProfitLoss,당기순이익,별도재무제표 [member],제 27 기,114363791327.0,103805815149.0,KRW,3
OpenDART_fnlttSinglAcntAll,00369657,리노공업,leeno,058470,2022,OFS,SCE,자본변동표,ifrs-full_ProfitLoss,당기순이익,자본 [member]|이익잉여금 [member],제 27 기,114363791327.0,103805815149.0,KRW,3
OpenDART_fnlttSinglAcntAll,00369657,리노공업,leeno,058470,2022,OFS,SCE,자본변동표,-표준계정코드 미사용-,종업원급여재측정요소,자본 [member]|이익잉여금 [member],제 27 기,-935595604.0,-675130558.0,KRW,4
OpenDART_fnlttSinglAcntAll,00369657,리노공업,leeno,058470,2022,OFS,SCE,자본변동표,-표준계정코드 미사용-,종업원급여재측정요소,별도재무제표 [member],제 27 기,-935595604.0,-675130558.0,KRW,4
OpenDART_fnlttSinglAcntAll,00369657,리노공업,leeno,058470,2022,OFS,SCE,자본변동표,-표준계정코드 미사용-,총포괄손익 소계,자본 [member]|이익잉여금 [member],제 27 기,113428195723.0,103130684591.0,KRW,5
OpenDART_fnlttSinglAcntAll,00369657,리노공업,leeno,058470,2022,OFS,SCE,자본변동표,-표준계정코드 미사용-,총포괄손익 소계,별도재무제표 [member],제 27 기,113428195723.0,103130684591.0,KRW,5
OpenDART_fnlttSinglAcntAll,00369657,리노공업,leeno,058470,2022,OFS,SCE,자본변동표,ifrs-full_DividendsPaid,배당금의 지급,자본 [member]|이익잉여금 [member],제 27 기,37947800000.0,22768680000.0,KRW,6
OpenDART_fnlttSinglAcntAll,00369657,리노공업,leeno,058470,2022,OFS,SCE,자본변동표,ifrs-full_DividendsPaid,배당금의 지급,별도재무제표 [member],제 27 기,37947800000.0,22768680000.0,KRW,6
OpenDART_fnlttSinglAcntAll,00369657,리노공업,leeno,058470,2022,OFS,SCE,자본변동표,ifrs-full_Equity,기말자본,자본 [member]|자본조정,제 27 기,-2353516350.0,-2353516350.0,KRW,8
OpenDART_fnlttSinglAcntAll,00369657,리노공업,leeno,058470,2022,OFS,SCE,자본변동표,ifrs-full_Equity,기말자본,자본 [member]|자본잉여금 [member],제 27 기,5601810444.0,5601810444.0,KRW,8
OpenDART_fnlttSinglAcntAll,00369657,리노공업,leeno,058470,2022,OFS,SCE,자본변동표,ifrs-full_Equity,기말자본,자본 [member]|자본금 [member],제 27 기,7621185000.0,7621185000.0,KRW,8
OpenDART_fnlttSinglAcntAll,00369657,리노공업,leeno,058470,2022,OFS,SCE,자본변동표,ifrs-full_Equity,기말자본,별도재무제표 [member],제 27 기,493183582826.0,417703187103.0,KRW,8
OpenDART_fnlttSinglAcntAll,00369657,리노공업,leeno,058470,2022,OFS,SCE,자본변동표,ifrs-full_Equity,기말자본,자본 [member]|이익잉여금 [member],제 27 기,482314103732.0,406833708009.0,KRW,8
OpenDART_fnlttSinglAcntAll,00369657,리노공업,leeno,058470,2023,OFS,BS,재무상태표,ifrs-full_Assets,자산총계,-,제 28 기,582869465294.0,531488129432.0,KRW,7
OpenDART_fnlttSinglAcntAll,00369657,리노공업,leeno,058470,2023,OFS,BS,재무상태표,ifrs-full_CurrentAssets,유동자산,-,제 28 기,372372898847.0,377024805599.0,KRW,8
OpenDART_fnlttSinglAcntAll,00369657,리노공업,leeno,058470,2023,OFS,BS,재무상태표,dart_ShortTermTradeReceivable,매출채권,-,제 28 기,29831505651.0,39326047673.0,KRW,9
OpenDART_fnlttSinglAcntAll,00369657,리노공업,leeno,058470,2023,OFS,BS,재무상태표,-표준계정코드 미사용-,기타채권,-,제 28 기,3344483021.0,6824703807.0,KRW,10
OpenDART_fnlttSinglAcntAll,00369657,리노공업,leeno,058470,2023,OFS,BS,재무상태표,ifrs-full_CashAndCashEquivalents,현금및현금성자산,-,제 28 기,34165877177.0,30366977656.0,KRW,11
OpenDART_fnlttSinglAcntAll,00369657,리노공업,leeno,058470,2023,OFS,BS,재무상태표,ifrs-full_Inventories,재고자산,-,제 28 기,14252453441.0,13111076097.0,KRW,12
OpenDART_fnlttSinglAcntAll,00369657,리노공업,leeno,058470,2023,OFS,BS,재무상태표,ifrs-full_OtherCurrentAssets,기타자산,-,제 28 기,1606579557.0,629000366.0,KRW,13
OpenDART_fnlttSinglAcntAll,00369657,리노공업,leeno,058470,2023,OFS,BS,재무상태표,ifrs-full_OtherCurrentFinancialAssets,기타금융자산,-,제 28 기,289172000000.0,286767000000.0,KRW,14
OpenDART_fnlttSinglAcntAll,00369657,리노공업,leeno,058470,2023,OFS,BS,재무상태표,ifrs-full_NoncurrentAssets,비유동자산,-,제 28 기,210496566447.0,154463323833.0,KRW,15
OpenDART_fnlttSinglAcntAll,00369657,리노공업,leeno,058470,2023,OFS,BS,재무상태표,dart_InvestedAssetForPostemploymentBenefit,순확정급여자산,-,제 28 기,963350037.0,1615926874.0,KRW,16
OpenDART_fnlttSinglAcntAll,00369657,리노공업,leeno,058470,2023,OFS,BS,재무상태표,-표준계정코드 미사용-,기타채권,-,제 28 기,65625830.0,78349830.0,KRW,17
OpenDART_fnlttSinglAcntAll,00369657,리노공업,leeno,058470,2023,OFS,BS,재무상태표,ifrs-full_DeferredTaxAssets,이연법인세자산,-,제 28 기,942907564.0,1339874630.0,KRW,18
OpenDART_fnlttSinglAcntAll,00369657,리노공업,leeno,058470,2023,OFS,BS,재무상태표,ifrs-full_IntangibleAssetsOtherThanGoodwill,무형자산,-,제 28 기,1985707925.0,1821280539.0,KRW,19
OpenDART_fnlttSinglAcntAll,00369657,리노공업,leeno,058470,2023,OFS,BS,재무상태표,ifrs-full_OtherNoncurrentFinancialAssets,기타금융자산,-,제 28 기,23478459181.0,21153039181.0,KRW,20
OpenDART_fnlttSinglAcntAll,00369657,리노공업,leeno,058470,2023,OFS,BS,재무상태표,ifrs-full_PropertyPlantAndEquipment,유형자산,-,제 28 기,183060515910.0,128454852779.0,KRW,21
OpenDART_fnlttSinglAcntAll,00369657,리노공업,leeno,058470,2023,OFS,BS,재무상태표,dart_CapitalSurplus,자본잉여금,-,제 28 기,5601810444.0,5601810444.0,KRW,23
OpenDART_fnlttSinglAcntAll,00369657,리노공업,leeno,058470,2023,OFS,BS,재무상태표,dart_OtherCapitalAdjustments,자본조정,-,제 28 기,-2353516350.0,-2353516350.0,KRW,24
OpenDART_fnlttSinglAcntAll,00369657,리노공업,leeno,058470,2023,OFS,BS,재무상태표,ifrs-full_Equity,자본총계,-,제 28 기,557074198066.0,493183582826.0,KRW,25
OpenDART_fnlttSinglAcntAll,00369657,리노공업,leeno,058470,2023,OFS,BS,재무상태표,ifrs-full_IssuedCapital,자본금,-,제 28 기,7621185000.0,7621185000.0,KRW,26
OpenDART_fnlttSinglAcntAll,00369657,리노공업,leeno,058470,2023,OFS,BS,재무상태표,ifrs-full_RetainedEarnings,이익잉여금,-,제 28 기,546204718972.0,482314103732.0,KRW,27
OpenDART_fnlttSinglAcntAll,00369657,리노공업,leeno,058470,2023,OFS,BS,재무상태표,ifrs-full_EquityAndLiabilities,부채와자본총계,-,제 28 기,582869465294.0,531488129432.0,KRW,28
OpenDART_fnlttSinglAcntAll,00369657,리노공업,leeno,058470,2023,OFS,BS,재무상태표,ifrs-full_CurrentLiabilities,유동부채,-,제 28 기,23110842940.0,36383168010.0,KRW,30
OpenDART_fnlttSinglAcntAll,00369657,리노공업,leeno,058470,2023,OFS,BS,재무상태표,dart_ShortTermTradePayables,매입채무,-,제 28 기,2590942692.0,4668842895.0,KRW,31
OpenDART_fnlttSinglAcntAll,00369657,리노공업,leeno,058470,2023,OFS,BS,재무상태표,-표준계정코드 미사용-,기타채무,-,제 28 기,6481125252.0,6226684918.0,KRW,32
OpenDART_fnlttSinglAcntAll,00369657,리노공업,leeno,058470,2023,OFS,BS,재무상태표,ifrs-full_CurrentLeaseLiabilities,리스부채,-,제 28 기,88278451.0,102109364.0,KRW,33
OpenDART_fnlttSinglAcntAll,00369657,리노공업,leeno,058470,2023,OFS,BS,재무상태표,ifrs-full_CurrentTaxLiabilities,당기법인세부채,-,제 28 기,13212556823.0,24669351193.0,KRW,34
OpenDART_fnlttSinglAcntAll,00369657,리노공업,leeno,058470,2023,OFS,BS,재무상태표,ifrs-full_OtherCurrentLiabilities,기타부채,-,제 28 기,737939722.0,716179640.0,KRW,35
OpenDART_fnlttSinglAcntAll,00369657,리노공업,leeno,058470,2023,OFS,BS,재무상태표,ifrs-full_Liabilities,부채총계,-,제 28 기,25795267228.0,38304546606.0,KRW,36
OpenDART_fnlttSinglAcntAll,00369657,리노공업,leeno,058470,2023,OFS,BS,재무상태표,ifrs-full_NoncurrentLiabilities,비유동부채,-,제 28 기,2684424288.0,1921378596.0,KRW,37
OpenDART_fnlttSinglAcntAll,00369657,리노공업,leeno,058470,2023,OFS,BS,재무상태표,dart_PostemploymentBenefitObligations,순확정급여부채,-,제 28 기,,,KRW,38
OpenDART_fnlttSinglAcntAll,00369657,리노공업,leeno,058470,2023,OFS,BS,재무상태표,ifrs-full_NoncurrentLeaseLiabilities,리스부채,-,제 28 기,93923540.0,140037247.0,KRW,39
OpenDART_fnlttSinglAcntAll,00369657,리노공업,leeno,058470,2023,OFS,BS,재무상태표,ifrs-full_NoncurrentProvisionsForEmployeeBenefits,기타장기종업원급여부채,-,제 28 기,2590500748.0,1781341349.0,KRW,40
OpenDART_fnlttSinglAcntAll,00369657,리노공업,leeno,058470,2023,OFS,CIS,포괄손익계산서,dart_OperatingIncomeLoss,영업이익,-,제 28 기,114378400291.0,136634729982.0,KRW,6
OpenDART_fnlttSinglAcntAll,00369657,리노공업,leeno,058470,2023,OFS,CIS,포괄손익계산서,dart_TotalSellingGeneralAdministrativeExpenses,판매비와관리비,-,제 28 기,13956224846.0,17993551880.0,KRW,7
OpenDART_fnlttSinglAcntAll,00369657,리노공업,leeno,058470,2023,OFS,CIS,포괄손익계산서,-표준계정코드 미사용-,영업외손익,-,제 28 기,27865067804.0,17440784590.0,KRW,8
OpenDART_fnlttSinglAcntAll,00369657,리노공업,leeno,058470,2023,OFS,CIS,포괄손익계산서,-표준계정코드 미사용-,금융비용,-,제 28 기,9431325.0,8652914.0,KRW,9
OpenDART_fnlttSinglAcntAll,00369657,리노공업,leeno,058470,2023,OFS,CIS,포괄손익계산서,-표준계정코드 미사용-,금융수익,-,제 28 기,11169532521.0,5704898521.0,KRW,10
OpenDART_fnlttSinglAcntAll,00369657,리노공업,leeno,058470,2023,OFS,CIS,포괄손익계산서,-표준계정코드 미사용-,기타수익,-,제 28 기,20526173615.0,18764320073.0,KRW,11
OpenDART_fnlttSinglAcntAll,00369657,리노공업,leeno,058470,2023,OFS,CIS,포괄손익계산서,-표준계정코드 미사용-,기타비용,-,제 28 기,3821207007.0,7019781090.0,KRW,12
OpenDART_fnlttSinglAcntAll,00369657,리노공업,leeno,058470,2023,OFS,CIS,포괄손익계산서,ifrs-full_ComprehensiveIncome,포괄손익,-,제 28 기,109427975240.0,113428195723.0,KRW,13
OpenDART_fnlttSinglAcntAll,00369657,리노공업,leeno,058470,2023,OFS,CIS,포괄손익계산서,ifrs-full_CostOfSales,매출원가,-,제 28 기,127238409519.0,167794521227.0,KRW,14
OpenDART_fnlttSinglAcntAll,00369657,리노공업,leeno,058470,2023,OFS,CIS,포괄손익계산서,ifrs-full_BasicEarningsLossPerShare,기본주당이익,-,제 28 기,7308.0,7534.0,KRW,16
OpenDART_fnlttSinglAcntAll,00369657,리노공업,leeno,058470,2023,OFS,CIS,포괄손익계산서,ifrs-full_DilutedEarningsLossPerShare,희석주당이익,-,제 28 기,7308.0,7534.0,KRW,17
OpenDART_fnlttSinglAcntAll,00369657,리노공업,leeno,058470,2023,OFS,CIS,포괄손익계산서,ifrs-full_GrossProfit,매출총이익,-,제 28 기,128334625137.0,154628281862.0,KRW,18
OpenDART_fnlttSinglAcntAll,00369657,리노공업,leeno,058470,2023,OFS,CIS,포괄손익계산서,ifrs-full_IncomeTaxExpenseContinuingOperations,법인세비용,-,제 28 기,31320452655.0,39711723245.0,KRW,19
OpenDART_fnlttSinglAcntAll,00369657,리노공업,leeno,058470,2023,OFS,CIS,포괄손익계산서,ifrs-full_OtherComprehensiveIncome,기타포괄손익,-,제 28 기,-1495040200.0,-935595604.0,KRW,20
OpenDART_fnlttSinglAcntAll,00369657,리노공업,leeno,058470,2023,OFS,CIS,포괄손익계산서,ifrs-full_OtherComprehensiveIncomeNetOfTaxGainsLossesOnRemeasurementsOfDefinedBenefitPlans,종업원급여 재측정요소,-,제 28 기,-1495040200.0,-935595604.0,KRW,22
OpenDART_fnlttSinglAcntAll,00369657,리노공업,leeno,058470,2023,OFS,CIS,포괄손익계산서,ifrs-full_ProfitLoss,당기순이익,-,제 28 기,110923015440.0,114363791327.0,KRW,23
OpenDART_fnlttSinglAcntAll,00369657,리노공업,leeno,058470,2023,OFS,CIS,포괄손익계산서,ifrs-full_ProfitLossBeforeTax,법인세비용차감전순이익,-,제 28 기,142243468095.0,154075514572.0,KRW,24
OpenDART_fnlttSinglAcntAll,00369657,리노공업,leeno,058470,2023,OFS,CIS,포괄손익계산서,ifrs-full_Revenue,매출액,-,제 28 기,255573034656.0,322422803089.0,KRW,25
OpenDART_fnlttSinglAcntAll,00369657,리노공업,leeno,058470,2023,OFS,CF,현금흐름표,dart_CashAndCashEquivalentsAtBeginningOfPeriodCf,기초현금및현금성자산,-,제 28 기,30366977656.0,77211544736.0,KRW,2
OpenDART_fnlttSinglAcntAll,00369657,리노공업,leeno,058470,2023,OFS,CF,현금흐름표,dart_CashAndCashEquivalentsAtEndOfPeriodCf,기말현금및현금성자산,-,제 28 기,34165877177.0,30366977656.0,KRW,3
OpenDART_fnlttSinglAcntAll,00369657,리노공업,leeno,058470,2023,OFS,CF,현금흐름표,ifrs-full_CashFlowsFromUsedInFinancingActivities,재무활동현금흐름,-,제 28 기,-45645540820.0,-38069068174.0,KRW,8
OpenDART_fnlttSinglAcntAll,00369657,리노공업,leeno,058470,2023,OFS,CF,현금흐름표,dart_PaymentsOfFinanceLeaseLiabilitiesClassifiedAsFinancingActivities,금융리스부채의 지급,-,제 28 기,108180820.0,121268174.0,KRW,9
OpenDART_fnlttSinglAcntAll,00369657,리노공업,leeno,058470,2023,OFS,CF,현금흐름표,ifrs-full_DividendsPaidClassifiedAsFinancingActivities,배당금의 지급,-,제 28 기,45537360000.0,37947800000.0,KRW,10
OpenDART_fnlttSinglAcntAll,00369657,리노공업,leeno,058470,2023,OFS,CF,현금흐름표,ifrs-full_CashFlowsFromUsedInInvestingActivities,투자활동현금흐름,-,제 28 기,-61048311242.0,-117259026467.0,KRW,11
OpenDART_fnlttSinglAcntAll,00369657,리노공업,leeno,058470,2023,OFS,CF,현금흐름표,dart_ProceedsFromSalesOfLongTermLoansAndReceivables,기타채권(비유동)의 감소,-,제 28 기,13000000.0,,KRW,12
OpenDART_fnlttSinglAcntAll,00369657,리노공업,leeno,058470,2023,OFS,CF,현금흐름표,dart_ProceedsFromSalesOfOtherCurrentFinancialAssets,금융자산(유동)의 처분,-,제 28 기,1130564174668.0,645019104972.0,KRW,13
OpenDART_fnlttSinglAcntAll,00369657,리노공업,leeno,058470,2023,OFS,CF,현금흐름표,dart_ProceedsFromSalesOfOtherNonCurrentFinancialAssets,금융자산(비유동)의 처분,-,제 28 기,45395021100.0,,KRW,14
OpenDART_fnlttSinglAcntAll,00369657,리노공업,leeno,058470,2023,OFS,CF,현금흐름표,dart_ProceedsFromSalesOfShortTermLoansAndReceivables,기타채권(유동)의 감소,-,제 28 기,541348077.0,558419717.0,KRW,15
OpenDART_fnlttSinglAcntAll,00369657,리노공업,leeno,058470,2023,OFS,CF,현금흐름표,dart_PurchaseOfLongTermLoansAndReceivables,기타채권(비유동)의 증가,-,제 28 기,276000.0,,KRW,16
OpenDART_fnlttSinglAcntAll,00369657,리노공업,leeno,058470,2023,OFS,CF,현금흐름표,dart_PurchaseOfOtherCurrentFinancialAssets,금융자산(유동)의 취득,-,제 28 기,1130414174668.0,724826604972.0,KRW,17
OpenDART_fnlttSinglAcntAll,00369657,리노공업,leeno,058470,2023,OFS,CF,현금흐름표,dart_PurchaseOfOtherNonCurrentFinancialAssets,금융자산(비유동)의 취득,-,제 28 기,37585000000.0,19324999477.0,KRW,18
OpenDART_fnlttSinglAcntAll,00369657,리노공업,leeno,058470,2023,OFS,CF,현금흐름표,dart_PurchaseOfShortTermLoansAndReceivables,기타채권(유동)의 증가,-,제 28 기,541348077.0,558419717.0,KRW,19
OpenDART_fnlttSinglAcntAll,00369657,리노공업,leeno,058470,2023,OFS,CF,현금흐름표,-표준계정코드 미사용-,유형자산 관련 기타채무의 감소,-,제 28 기,10488000.0,76743000.0,KRW,20
OpenDART_fnlttSinglAcntAll,00369657,리노공업,leeno,058470,2023,OFS,CF,현금흐름표,-표준계정코드 미사용-,유형자산 관련 기타채무의 증가,-,제 28 기,15200000.0,10488000.0,KRW,21
OpenDART_fnlttSinglAcntAll,00369657,리노공업,leeno,058470,2023,OFS,CF,현금흐름표,ifrs-full_ProceedsFromSalesOfPropertyPlantAndEquipmentClassifiedAsInvestingActivities,유형자산의 처분,-,제 28 기,174200.0,326568730.0,KRW,22
OpenDART_fnlttSinglAcntAll,00369657,리노공업,leeno,058470,2023,OFS,CF,현금흐름표,ifrs-full_PurchaseOfIntangibleAssetsClassifiedAsInvestingActivities,무형자산의 취득,-,제 28 기,525450824.0,137333416.0,KRW,23
OpenDART_fnlttSinglAcntAll,00369657,리노공업,leeno,058470,2023,OFS,CF,현금흐름표,ifrs-full_PurchaseOfPropertyPlantAndEquipmentClassifiedAsInvestingActivities,유형자산의 취득,-,제 28 기,68500491718.0,18249507304.0,KRW,24
OpenDART_fnlttSinglAcntAll,00369657,리노공업,leeno,058470,2023,OFS,CF,현금흐름표,ifrs-full_CashFlowsFromUsedInOperatingActivities,영업활동현금흐름,-,제 28 기,110391022028.0,108593008315.0,KRW,25
OpenDART_fnlttSinglAcntAll,00369657,리노공업,leeno,058470,2023,OFS,CF,현금흐름표,-표준계정코드 미사용-,영업으로부터 창출된 현금흐름,-,제 28 기,141739522948.0,146161347623.0,KRW,26
OpenDART_fnlttSinglAcntAll,00369657,리노공업,leeno,058470,2023,OFS,CF,현금흐름표,ifrs-full_IncomeTaxesPaidRefundClassifiedAsOperatingActivities,법인세의 납부,-,제 28 기,42026167643.0,42660026667.0,KRW,27
OpenDART_fnlttSinglAcntAll,00369657,리노공업,leeno,058470,2023,OFS,CF,현금흐름표,ifrs-full_InterestPaidClassifiedAsOperatingActivities,이자지급,-,제 28 기,9113805.0,7217826.0,KRW,28
OpenDART_fnlttSinglAcntAll,00369657,리노공업,leeno,058470,2023,OFS,CF,현금흐름표,ifrs-full_InterestReceivedClassifiedAsOperatingActivities,이자의 수취,-,제 28 기,10686780528.0,5098905185.0,KRW,29
OpenDART_fnlttSinglAcntAll,00369657,리노공업,leeno,058470,2023,OFS,CF,현금흐름표,ifrs-full_EffectOfExchangeRateChangesOnCashAndCashEquivalents,현금및현금성자산에 대한 환율변동효과,-,제 28 기,101729555.0,-109480754.0,KRW,30
OpenDART_fnlttSinglAcntAll,00369657,리노공업,leeno,058470,2023,OFS,CF,현금흐름표,ifrs-full_IncreaseDecreaseInCashAndCashEquivalentsBeforeEffectOfExchangeRateChanges,현금및현금성자산의 증가(감소),-,제 28 기,3697169966.0,-46735086326.0,KRW,31
OpenDART_fnlttSinglAcntAll,00369657,리노공업,leeno,058470,2023,OFS,SCE,자본변동표,dart_EquityAtBeginningOfPeriod,기초자본,별도재무제표 [member],제 28 기,493183582826.0,417703187103.0,KRW,3
OpenDART_fnlttSinglAcntAll,00369657,리노공업,leeno,058470,2023,OFS,SCE,자본변동표,dart_EquityAtBeginningOfPeriod,기초자본,자본 [구성요소]|기타자본구성요소 [구성요소],제 28 기,-2353516350.0,-2353516350.0,KRW,3
OpenDART_fnlttSinglAcntAll,00369657,리노공업,leeno,058470,2023,OFS,SCE,자본변동표,dart_EquityAtBeginningOfPeriod,기초자본,자본 [구성요소]|이익잉여금 [구성요소],제 28 기,482314103732.0,406833708009.0,KRW,3
OpenDART_fnlttSinglAcntAll,00369657,리노공업,leeno,058470,2023,OFS,SCE,자본변동표,dart_EquityAtBeginningOfPeriod,기초자본,자본 [구성요소]|자본금 [구성요소],제 28 기,7621185000.0,7621185000.0,KRW,3
OpenDART_fnlttSinglAcntAll,00369657,리노공업,leeno,058470,2023,OFS,SCE,자본변동표,dart_EquityAtBeginningOfPeriod,기초자본,자본 [구성요소]|자본잉여금 [구성요소],제 28 기,5601810444.0,5601810444.0,KRW,3
OpenDART_fnlttSinglAcntAll,00369657,리노공업,leeno,058470,2023,OFS,SCE,자본변동표,-표준계정코드 미사용-,배당금의 지급,별도재무제표 [member],제 28 기,-45537360000.0,-37947800000.0,KRW,4
OpenDART_fnlttSinglAcntAll,00369657,리노공업,leeno,058470,2023,OFS,SCE,자본변동표,-표준계정코드 미사용-,배당금의 지급,자본 [구성요소]|이익잉여금 [구성요소],제 28 기,-45537360000.0,-37947800000.0,KRW,4
OpenDART_fnlttSinglAcntAll,00369657,리노공업,leeno,058470,2023,OFS,SCE,자본변동표,-표준계정코드 미사용-,종업원급여재측정요소,별도재무제표 [member],제 28 기,-1495040200.0,-935595604.0,KRW,5
OpenDART_fnlttSinglAcntAll,00369657,리노공업,leeno,058470,2023,OFS,SCE,자본변동표,-표준계정코드 미사용-,종업원급여재측정요소,자본 [구성요소]|이익잉여금 [구성요소],제 28 기,-1495040200.0,-935595604.0,KRW,5
OpenDART_fnlttSinglAcntAll,00369657,리노공업,leeno,058470,2023,OFS,SCE,자본변동표,-표준계정코드 미사용-,총포괄손익 소계,자본 [구성요소]|이익잉여금 [구성요소],제 28 기,109427975240.0,113428195723.0,KRW,6
OpenDART_fnlttSinglAcntAll,00369657,리노공업,leeno,058470,2023,OFS,SCE,자본변동표,-표준계정코드 미사용-,총포괄손익 소계,별도재무제표 [member],제 28 기,109427975240.0,113428195723.0,KRW,6
OpenDART_fnlttSinglAcntAll,00369657,리노공업,leeno,058470,2023,OFS,SCE,자본변동표,ifrs-full_Equity,자본총계,자본 [구성요소]|기타자본구성요소 [구성요소],제 28 기,-2353516350.0,-2353516350.0,KRW,8
OpenDART_fnlttSinglAcntAll,00369657,리노공업,leeno,058470,2023,OFS,SCE,자본변동표,ifrs-full_Equity,자본총계,별도재무제표 [member],제 28 기,557074198066.0,493183582826.0,KRW,8
OpenDART_fnlttSinglAcntAll,00369657,리노공업,leeno,058470,2023,OFS,SCE,자본변동표,ifrs-full_Equity,자본총계,자본 [구성요소]|이익잉여금 [구성요소],제 28 기,546204718972.0,482314103732.0,KRW,8
OpenDART_fnlttSinglAcntAll,00369657,리노공업,leeno,058470,2023,OFS,SCE,자본변동표,ifrs-full_Equity,자본총계,자본 [구성요소]|자본잉여금 [구성요소],제 28 기,5601810444.0,5601810444.0,KRW,8
OpenDART_fnlttSinglAcntAll,00369657,리노공업,leeno,058470,2023,OFS,SCE,자본변동표,ifrs-full_Equity,자본총계,자본 [구성요소]|자본금 [구성요소],제 28 기,7621185000.0,7621185000.0,KRW,8
OpenDART_fnlttSinglAcntAll,00369657,리노공업,leeno,058470,2023,OFS,SCE,자본변동표,ifrs-full_ProfitLoss,당기순이익,별도재무제표 [member],제 28 기,110923015440.0,114363791327.0,KRW,9
OpenDART_fnlttSinglAcntAll,00369657,리노공업,leeno,058470,2023,OFS,SCE,자본변동표,ifrs-full_ProfitLoss,당기순이익,자본 [구성요소]|이익잉여금 [구성요소],제 28 기,110923015440.0,114363791327.0,KRW,9
OpenDART_fnlttSinglAcntAll,00369657,리노공업,leeno,058470,2024,OFS,BS,재무상태표,ifrs-full_Assets,자산총계,-,제 29 기,657443780756.0,582869465294.0,KRW,7
OpenDART_fnlttSinglAcntAll,00369657,리노공업,leeno,058470,2024,OFS,BS,재무상태표,ifrs-full_CurrentAssets,유동자산,-,제 29 기,449498090730.0,372372898847.0,KRW,8
OpenDART_fnlttSinglAcntAll,00369657,리노공업,leeno,058470,2024,OFS,BS,재무상태표,ifrs-full_CashAndCashEquivalents,현금및현금성자산,-,제 29 기,54759251381.0,34165877177.0,KRW,9
OpenDART_fnlttSinglAcntAll,00369657,리노공업,leeno,058470,2024,OFS,BS,재무상태표,ifrs-full_CurrentTradeReceivables,매출채권,-,제 29 기,51075599798.0,29831505651.0,KRW,10
OpenDART_fnlttSinglAcntAll,00369657,리노공업,leeno,058470,2024,OFS,BS,재무상태표,ifrs-full_Inventories,재고자산,-,제 29 기,12959312526.0,14252453441.0,KRW,11
OpenDART_fnlttSinglAcntAll,00369657,리노공업,leeno,058470,2024,OFS,BS,재무상태표,ifrs-full_OtherCurrentAssets,기타자산,-,제 29 기,2181704272.0,1606579557.0,KRW,12
OpenDART_fnlttSinglAcntAll,00369657,리노공업,leeno,058470,2024,OFS,BS,재무상태표,ifrs-full_OtherCurrentFinancialAssets,기타금융자산,-,제 29 기,325041999477.0,289172000000.0,KRW,13
OpenDART_fnlttSinglAcntAll,00369657,리노공업,leeno,058470,2024,OFS,BS,재무상태표,ifrs-full_OtherCurrentReceivables,기타채권,-,제 29 기,3480223276.0,3344483021.0,KRW,14
OpenDART_fnlttSinglAcntAll,00369657,리노공업,leeno,058470,2024,OFS,BS,재무상태표,ifrs-full_NoncurrentAssets,비유동자산,-,제 29 기,207945690026.0,210496566447.0,KRW,15
OpenDART_fnlttSinglAcntAll,00369657,리노공업,leeno,058470,2024,OFS,BS,재무상태표,ifrs-full_DeferredTaxAssets,이연법인세자산,-,제 29 기,1569384971.0,942907564.0,KRW,16
OpenDART_fnlttSinglAcntAll,00369657,리노공업,leeno,058470,2024,OFS,BS,재무상태표,ifrs-full_IntangibleAssetsOtherThanGoodwill,무형자산,-,제 29 기,1959270745.0,1985707925.0,KRW,17
OpenDART_fnlttSinglAcntAll,00369657,리노공업,leeno,058470,2024,OFS,BS,재무상태표,ifrs-full_NoncurrentRecognisedAssetsDefinedBenefitPlan,순확정급여자산,-,제 29 기,0.0,963350037.0,KRW,18
OpenDART_fnlttSinglAcntAll,00369657,리노공업,leeno,058470,2024,OFS,BS,재무상태표,ifrs-full_OtherNoncurrentFinancialAssets,기타금융자산,-,제 29 기,22988728704.0,23478459181.0,KRW,19
OpenDART_fnlttSinglAcntAll,00369657,리노공업,leeno,058470,2024,OFS,BS,재무상태표,ifrs-full_OtherNoncurrentReceivables,기타채권,-,제 29 기,65625830.0,65625830.0,KRW,20
OpenDART_fnlttSinglAcntAll,00369657,리노공업,leeno,058470,2024,OFS,BS,재무상태표,ifrs-full_PropertyPlantAndEquipment,유형자산,-,제 29 기,181362679776.0,183060515910.0,KRW,21
OpenDART_fnlttSinglAcntAll,00369657,리노공업,leeno,058470,2024,OFS,BS,재무상태표,dart_CapitalSurplus,자본잉여금,-,제 29 기,5601810444.0,5601810444.0,KRW,23
OpenDART_fnlttSinglAcntAll,00369657,리노공업,leeno,058470,2024,OFS,BS,재무상태표,dart_OtherCapitalAdjustments,자본조정,-,제 29 기,-2353516350.0,-2353516350.0,KRW,24
OpenDART_fnlttSinglAcntAll,00369657,리노공업,leeno,058470,2024,OFS,BS,재무상태표,ifrs-full_Equity,자본총계,-,제 29 기,622629112163.0,557074198066.0,KRW,25
OpenDART_fnlttSinglAcntAll,00369657,리노공업,leeno,058470,2024,OFS,BS,재무상태표,ifrs-full_IssuedCapital,자본금,-,제 29 기,7621185000.0,7621185000.0,KRW,26
OpenDART_fnlttSinglAcntAll,00369657,리노공업,leeno,058470,2024,OFS,BS,재무상태표,ifrs-full_RetainedEarnings,이익잉여금,-,제 29 기,611759633069.0,546204718972.0,KRW,27
OpenDART_fnlttSinglAcntAll,00369657,리노공업,leeno,058470,2024,OFS,BS,재무상태표,ifrs-full_EquityAndLiabilities,부채와자본총계,-,제 29 기,657443780756.0,582869465294.0,KRW,28
OpenDART_fnlttSinglAcntAll,00369657,리노공업,leeno,058470,2024,OFS,BS,재무상태표,ifrs-full_CurrentLiabilities,유동부채,-,제 29 기,30614692642.0,23110842940.0,KRW,30
OpenDART_fnlttSinglAcntAll,00369657,리노공업,leeno,058470,2024,OFS,BS,재무상태표,ifrs-full_CurrentLeaseLiabilities,리스부채,-,제 29 기,81125048.0,88278451.0,KRW,31
OpenDART_fnlttSinglAcntAll,00369657,리노공업,leeno,058470,2024,OFS,BS,재무상태표,ifrs-full_CurrentTaxLiabilities,당기법인세부채,-,제 29 기,18322324767.0,13212556823.0,KRW,32
OpenDART_fnlttSinglAcntAll,00369657,리노공업,leeno,058470,2024,OFS,BS,재무상태표,ifrs-full_OtherCurrentLiabilities,기타부채,-,제 29 기,770708930.0,737939722.0,KRW,33
OpenDART_fnlttSinglAcntAll,00369657,리노공업,leeno,058470,2024,OFS,BS,재무상태표,ifrs-full_OtherCurrentPayables,기타채무,-,제 29 기,6798405442.0,6481125252.0,KRW,34
OpenDART_fnlttSinglAcntAll,00369657,리노공업,leeno,058470,2024,OFS,BS,재무상태표,ifrs-full_TradeAndOtherCurrentPayablesToTradeSuppliers,매입채무,-,제 29 기,4642128455.0,2590942692.0,KRW,35
OpenDART_fnlttSinglAcntAll,00369657,리노공업,leeno,058470,2024,OFS,BS,재무상태표,ifrs-full_Liabilities,부채총계,-,제 29 기,34814668593.0,25795267228.0,KRW,36
OpenDART_fnlttSinglAcntAll,00369657,리노공업,leeno,058470,2024,OFS,BS,재무상태표,ifrs-full_NoncurrentLiabilities,비유동부채,-,제 29 기,4199975951.0,2684424288.0,KRW,37
OpenDART_fnlttSinglAcntAll,00369657,리노공업,leeno,058470,2024,OFS,BS,재무상태표,ifrs-full_NoncurrentLeaseLiabilities,리스부채,-,제 29 기,100646226.0,93923540.0,KRW,38
OpenDART_fnlttSinglAcntAll,00369657,리노공업,leeno,058470,2024,OFS,BS,재무상태표,ifrs-full_NoncurrentProvisionsForEmployeeBenefits,기타장기종업원급여부채,-,제 29 기,3910514525.0,2590500748.0,KRW,39
OpenDART_fnlttSinglAcntAll,00369657,리노공업,leeno,058470,2024,OFS,BS,재무상태표,ifrs-full_NoncurrentRecognisedLiabilitiesDefinedBenefitPlan,순확정급여부채,-,제 29 기,188815200.0,0.0,KRW,40
OpenDART_fnlttSinglAcntAll,00369657,리노공업,leeno,058470,2024,OFS,CIS,포괄손익계산서,dart_NonOperatingProfitLoss,영업외손익,-,제 29 기,22337738072.0,27865067804.0,KRW,6
OpenDART_fnlttSinglAcntAll,00369657,리노공업,leeno,058470,2024,OFS,CIS,포괄손익계산서,dart_OtherGains,기타수익,-,제 29 기,13700970478.0,20526173615.0,KRW,7
OpenDART_fnlttSinglAcntAll,00369657,리노공업,leeno,058470,2024,OFS,CIS,포괄손익계산서,dart_OtherLosses,기타비용,-,제 29 기,2312820865.0,3821207007.0,KRW,8
OpenDART_fnlttSinglAcntAll,00369657,리노공업,leeno,058470,2024,OFS,CIS,포괄손익계산서,ifrs-full_FinanceCosts,금융원가,-,제 29 기,7604344.0,9431325.0,KRW,9
OpenDART_fnlttSinglAcntAll,00369657,리노공업,leeno,058470,2024,OFS,CIS,포괄손익계산서,ifrs-full_FinanceIncome,금융수익,-,제 29 기,10957192803.0,11169532521.0,KRW,10
OpenDART_fnlttSinglAcntAll,00369657,리노공업,leeno,058470,2024,OFS,CIS,포괄손익계산서,dart_OperatingIncomeLoss,영업이익,-,제 29 기,124201343872.0,114378400291.0,KRW,11
OpenDART_fnlttSinglAcntAll,00369657,리노공업,leeno,058470,2024,OFS,CIS,포괄손익계산서,dart_TotalSellingGeneralAdministrativeExpenses,판매비와관리비,-,제 29 기,13964737445.0,13956224846.0,KRW,12
OpenDART_fnlttSinglAcntAll,00369657,리노공업,leeno,058470,2024,OFS,CIS,포괄손익계산서,ifrs-full_ComprehensiveIncome,포괄손익,-,제 29 기,111092274097.0,109427975240.0,KRW,13
OpenDART_fnlttSinglAcntAll,00369657,리노공업,leeno,058470,2024,OFS,CIS,포괄손익계산서,ifrs-full_CostOfSales,매출원가,-,제 29 기,140020108110.0,127238409519.0,KRW,14
OpenDART_fnlttSinglAcntAll,00369657,리노공업,leeno,058470,2024,OFS,CIS,포괄손익계산서,ifrs-full_BasicEarningsLossPerShare,기본주당이익,-,제 29 기,7463.0,7308.0,KRW,16
OpenDART_fnlttSinglAcntAll,00369657,리노공업,leeno,058470,2024,OFS,CIS,포괄손익계산서,ifrs-full_DilutedEarningsLossPerShare,희석주당이익,-,제 29 기,7463.0,7308.0,KRW,17
OpenDART_fnlttSinglAcntAll,00369657,리노공업,leeno,058470,2024,OFS,CIS,포괄손익계산서,ifrs-full_GrossProfit,매출총이익,-,제 29 기,138166081317.0,128334625137.0,KRW,18
OpenDART_fnlttSinglAcntAll,00369657,리노공업,leeno,058470,2024,OFS,CIS,포괄손익계산서,ifrs-full_IncomeTaxExpenseContinuingOperations,법인세비용,-,제 29 기,33260035516.0,31320452655.0,KRW,19
OpenDART_fnlttSinglAcntAll,00369657,리노공업,leeno,058470,2024,OFS,CIS,포괄손익계산서,ifrs-full_OtherComprehensiveIncome,기타포괄손익,-,제 29 기,-2186772331.0,-1495040200.0,KRW,20
OpenDART_fnlttSinglAcntAll,00369657,리노공업,leeno,058470,2024,OFS,CIS,포괄손익계산서,ifrs-full_OtherComprehensiveIncomeThatWillNotBeReclassifiedToProfitOrLossNetOfTax,후속적으로 당기손익으로 재분류되지 않는 포괄손익,-,제 29 기,-2186772331.0,-1495040200.0,KRW,21
OpenDART_fnlttSinglAcntAll,00369657,리노공업,leeno,058470,2024,OFS,CIS,포괄손익계산서,ifrs-full_OtherComprehensiveIncomeNetOfTaxGainsLossesOnRemeasurementsOfDefinedBenefitPlans,종업원급여 재측정요소,-,제 29 기,-2186772331.0,-1495040200.0,KRW,22
OpenDART_fnlttSinglAcntAll,00369657,리노공업,leeno,058470,2024,OFS,CIS,포괄손익계산서,ifrs-full_ProfitLoss,당기순이익,-,제 29 기,113279046428.0,110923015440.0,KRW,23
OpenDART_fnlttSinglAcntAll,00369657,리노공업,leeno,058470,2024,OFS,CIS,포괄손익계산서,ifrs-full_ProfitLossBeforeTax,법인세비용차감전순이익,-,제 29 기,146539081944.0,142243468095.0,KRW,24
OpenDART_fnlttSinglAcntAll,00369657,리노공업,leeno,058470,2024,OFS,CIS,포괄손익계산서,ifrs-full_Revenue,매출액,-,제 29 기,278186189427.0,255573034656.0,KRW,25
OpenDART_fnlttSinglAcntAll,00369657,리노공업,leeno,058470,2024,OFS,CF,현금흐름표,dart_CashAndCashEquivalentsAtBeginningOfPeriodCf,기초현금및현금성자산,-,제 29 기,34165877177.0,30366977656.0,KRW,2
OpenDART_fnlttSinglAcntAll,00369657,리노공업,leeno,058470,2024,OFS,CF,현금흐름표,dart_CashAndCashEquivalentsAtEndOfPeriodCf,기말현금및현금성자산,-,제 29 기,54759251381.0,34165877177.0,KRW,3
OpenDART_fnlttSinglAcntAll,00369657,리노공업,leeno,058470,2024,OFS,CF,현금흐름표,ifrs-full_CashFlowsFromUsedInFinancingActivities,재무활동현금흐름,-,제 29 기,-45636652253.0,-45645540820.0,KRW,8
OpenDART_fnlttSinglAcntAll,00369657,리노공업,leeno,058470,2024,OFS,CF,현금흐름표,dart_PaymentsOfFinanceLeaseLiabilitiesClassifiedAsFinancingActivities,금융리스부채의 지급,-,제 29 기,99292253.0,108180820.0,KRW,9
OpenDART_fnlttSinglAcntAll,00369657,리노공업,leeno,058470,2024,OFS,CF,현금흐름표,ifrs-full_DividendsPaidClassifiedAsFinancingActivities,배당금의 지급,-,제 29 기,45537360000.0,45537360000.0,KRW,10
OpenDART_fnlttSinglAcntAll,00369657,리노공업,leeno,058470,2024,OFS,CF,현금흐름표,ifrs-full_CashFlowsFromUsedInInvestingActivities,투자활동현금흐름,-,제 29 기,-46761936241.0,-61048311242.0,KRW,11
OpenDART_fnlttSinglAcntAll,00369657,리노공업,leeno,058470,2024,OFS,CF,현금흐름표,dart_ProceedsFromSalesOfLongTermLoansAndReceivables,기타채권(비유동)의 감소,-,제 29 기,0.0,13000000.0,KRW,12
OpenDART_fnlttSinglAcntAll,00369657,리노공업,leeno,058470,2024,OFS,CF,현금흐름표,dart_ProceedsFromSalesOfOtherCurrentFinancialAssets,금융자산(유동)의 처분,-,제 29 기,1198248242370.0,1130564174668.0,KRW,13
OpenDART_fnlttSinglAcntAll,00369657,리노공업,leeno,058470,2024,OFS,CF,현금흐름표,dart_ProceedsFromSalesOfOtherNonCurrentFinancialAssets,금융자산(비유동)의 처분,-,제 29 기,40054350000.0,45395021100.0,KRW,14
OpenDART_fnlttSinglAcntAll,00369657,리노공업,leeno,058470,2024,OFS,CF,현금흐름표,dart_ProceedsFromSalesOfShortTermLoansAndReceivables,기타채권(유동)의 감소,-,제 29 기,863665954.0,541348077.0,KRW,15
OpenDART_fnlttSinglAcntAll,00369657,리노공업,leeno,058470,2024,OFS,CF,현금흐름표,dart_PurchaseOfLongTermLoansAndReceivables,기타채권(비유동)의 증가,-,제 29 기,0.0,276000.0,KRW,16
OpenDART_fnlttSinglAcntAll,00369657,리노공업,leeno,058470,2024,OFS,CF,현금흐름표,dart_PurchaseOfOtherCurrentFinancialAssets,금융자산(유동)의 취득,-,제 29 기,1229118242370.0,1130414174668.0,KRW,17
OpenDART_fnlttSinglAcntAll,00369657,리노공업,leeno,058470,2024,OFS,CF,현금흐름표,dart_PurchaseOfOtherNonCurrentFinancialAssets,금융자산(비유동)의 취득,-,제 29 기,44001480000.0,37585000000.0,KRW,18
OpenDART_fnlttSinglAcntAll,00369657,리노공업,leeno,058470,2024,OFS,CF,현금흐름표,dart_PurchaseOfShortTermLoansAndReceivables,기타채권(유동)의 증가,-,제 29 기,863665954.0,541348077.0,KRW,19
OpenDART_fnlttSinglAcntAll,00369657,리노공업,leeno,058470,2024,OFS,CF,현금흐름표,-표준계정코드 미사용-,유형자산 관련 기타채무의 감소,-,제 29 기,15200000.0,10488000.0,KRW,20
OpenDART_fnlttSinglAcntAll,00369657,리노공업,leeno,058470,2024,OFS,CF,현금흐름표,-표준계정코드 미사용-,유형자산 관련 기타채무의 증가,-,제 29 기,85582290.0,15200000.0,KRW,21
OpenDART_fnlttSinglAcntAll,00369657,리노공업,leeno,058470,2024,OFS,CF,현금흐름표,ifrs-full_ProceedsFromSalesOfPropertyPlantAndEquipmentClassifiedAsInvestingActivities,유형자산의 처분,-,제 29 기,320000.0,174200.0,KRW,22
OpenDART_fnlttSinglAcntAll,00369657,리노공업,leeno,058470,2024,OFS,CF,현금흐름표,ifrs-full_PurchaseOfIntangibleAssetsClassifiedAsInvestingActivities,무형자산의 취득,-,제 29 기,374960718.0,525450824.0,KRW,23
OpenDART_fnlttSinglAcntAll,00369657,리노공업,leeno,058470,2024,OFS,CF,현금흐름표,ifrs-full_PurchaseOfPropertyPlantAndEquipmentClassifiedAsInvestingActivities,유형자산의 취득,-,제 29 기,11640547813.0,68500491718.0,KRW,24
OpenDART_fnlttSinglAcntAll,00369657,리노공업,leeno,058470,2024,OFS,CF,현금흐름표,ifrs-full_CashFlowsFromUsedInOperatingActivities,영업활동현금흐름,-,제 29 기,110106597065.0,110391022028.0,KRW,25
OpenDART_fnlttSinglAcntAll,00369657,리노공업,leeno,058470,2024,OFS,CF,현금흐름표,ifrs-full_CashFlowsFromUsedInOperations,영업에서 창출된 현금흐름,-,제 29 기,126924742388.0,141739522948.0,KRW,26
OpenDART_fnlttSinglAcntAll,00369657,리노공업,leeno,058470,2024,OFS,CF,현금흐름표,ifrs-full_IncomeTaxesPaidRefundClassifiedAsOperatingActivities,법인세의 납부,-,제 29 기,28119860183.0,42026167643.0,KRW,27
OpenDART_fnlttSinglAcntAll,00369657,리노공업,leeno,058470,2024,OFS,CF,현금흐름표,ifrs-full_InterestPaidClassifiedAsOperatingActivities,이자지급,-,제 29 기,7604344.0,9113805.0,KRW,28
OpenDART_fnlttSinglAcntAll,00369657,리노공업,leeno,058470,2024,OFS,CF,현금흐름표,ifrs-full_InterestReceivedClassifiedAsOperatingActivities,이자의 수취,-,제 29 기,11309319204.0,10686780528.0,KRW,29
OpenDART_fnlttSinglAcntAll,00369657,리노공업,leeno,058470,2024,OFS,CF,현금흐름표,ifrs-full_EffectOfExchangeRateChangesOnCashAndCashEquivalents,현금및현금성자산에 대한 환율변동효과,-,제 29 기,2885365633.0,101729555.0,KRW,30
OpenDART_fnlttSinglAcntAll,00369657,리노공업,leeno,058470,2024,OFS,CF,현금흐름표,ifrs-full_IncreaseDecreaseInCashAndCashEquivalentsBeforeEffectOfExchangeRateChanges,현금및현금성자산의 증가(감소),-,제 29 기,17708008571.0,3697169966.0,KRW,31
OpenDART_fnlttSinglAcntAll,00369657,리노공업,leeno,058470,2024,OFS,SCE,자본변동표,dart_EquityAtBeginningOfPeriod,기초자본,별도재무제표 [member],제 29 기,557074198066.0,493183582826.0,KRW,3
OpenDART_fnlttSinglAcntAll,00369657,리노공업,leeno,058470,2024,OFS,SCE,자본변동표,dart_EquityAtBeginningOfPeriod,기초자본,자본 [구성요소]|기타자본구성요소 [구성요소],제 29 기,-2353516350.0,-2353516350.0,KRW,3
OpenDART_fnlttSinglAcntAll,00369657,리노공업,leeno,058470,2024,OFS,SCE,자본변동표,dart_EquityAtBeginningOfPeriod,기초자본,자본 [구성요소]|이익잉여금 [구성요소],제 29 기,546204718972.0,482314103732.0,KRW,3
OpenDART_fnlttSinglAcntAll,00369657,리노공업,leeno,058470,2024,OFS,SCE,자본변동표,dart_EquityAtBeginningOfPeriod,기초자본,자본 [구성요소]|자본금 [구성요소],제 29 기,7621185000.0,7621185000.0,KRW,3
OpenDART_fnlttSinglAcntAll,00369657,리노공업,leeno,058470,2024,OFS,SCE,자본변동표,dart_EquityAtBeginningOfPeriod,기초자본,자본 [구성요소]|자본잉여금 [구성요소],제 29 기,5601810444.0,5601810444.0,KRW,3
OpenDART_fnlttSinglAcntAll,00369657,리노공업,leeno,058470,2024,OFS,SCE,자본변동표,ifrs-full_DividendsPaid,배당금의 지급,자본 [구성요소]|이익잉여금 [구성요소],제 29 기,45537360000.0,45537360000.0,KRW,4
OpenDART_fnlttSinglAcntAll,00369657,리노공업,leeno,058470,2024,OFS,SCE,자본변동표,ifrs-full_DividendsPaid,배당금의 지급,자본 [구성요소]|기타자본구성요소 [구성요소],제 29 기,0.0,0.0,KRW,4
OpenDART_fnlttSinglAcntAll,00369657,리노공업,leeno,058470,2024,OFS,SCE,자본변동표,ifrs-full_DividendsPaid,배당금의 지급,별도재무제표 [member],제 29 기,45537360000.0,45537360000.0,KRW,4
OpenDART_fnlttSinglAcntAll,00369657,리노공업,leeno,058470,2024,OFS,SCE,자본변동표,ifrs-full_DividendsPaid,배당금의 지급,자본 [구성요소]|자본금 [구성요소],제 29 기,0.0,0.0,KRW,4
OpenDART_fnlttSinglAcntAll,00369657,리노공업,leeno,058470,2024,OFS,SCE,자본변동표,ifrs-full_DividendsPaid,배당금의 지급,자본 [구성요소]|자본잉여금 [구성요소],제 29 기,0.0,0.0,KRW,4
OpenDART_fnlttSinglAcntAll,00369657,리노공업,leeno,058470,2024,OFS,SCE,자본변동표,ifrs-full_Equity,자본총계,자본 [구성요소]|기타자본구성요소 [구성요소],제 29 기,-2353516350.0,-2353516350.0,KRW,5
OpenDART_fnlttSinglAcntAll,00369657,리노공업,leeno,058470,2024,OFS,SCE,자본변동표,ifrs-full_Equity,자본총계,별도재무제표 [member],제 29 기,622629112163.0,557074198066.0,KRW,5
OpenDART_fnlttSinglAcntAll,00369657,리노공업,leeno,058470,2024,OFS,SCE,자본변동표,ifrs-full_Equity,자본총계,자본 [구성요소]|이익잉여금 [구성요소],제 29 기,611759633069.0,546204718972.0,KRW,5
OpenDART_fnlttSinglAcntAll,00369657,리노공업,leeno,058470,2024,OFS,SCE,자본변동표,ifrs-full_Equity,자본총계,자본 [구성요소]|자본금 [구성요소],제 29 기,7621185000.0,7621185000.0,KRW,5
OpenDART_fnlttSinglAcntAll,00369657,리노공업,leeno,058470,2024,OFS,SCE,자본변동표,ifrs-full_Equity,자본총계,자본 [구성요소]|자본잉여금 [구성요소],제 29 기,5601810444.0,5601810444.0,KRW,5
OpenDART_fnlttSinglAcntAll,00369657,리노공업,leeno,058470,2024,OFS,SCE,자본변동표,ifrs-full_OtherComprehensiveIncomeNetOfTaxGainsLossesOnRemeasurementsOfDefinedBenefitPlans,종업원급여 재측정요소,자본 [구성요소]|기타자본구성요소 [구성요소],제 29 기,0.0,0.0,KRW,6
OpenDART_fnlttSinglAcntAll,00369657,리노공업,leeno,058470,2024,OFS,SCE,자본변동표,ifrs-full_OtherComprehensiveIncomeNetOfTaxGainsLossesOnRemeasurementsOfDefinedBenefitPlans,종업원급여 재측정요소,별도재무제표 [member],제 29 기,-2186772331.0,-1495040200.0,KRW,6
OpenDART_fnlttSinglAcntAll,00369657,리노공업,leeno,058470,2024,OFS,SCE,자본변동표,ifrs-full_OtherComprehensiveIncomeNetOfTaxGainsLossesOnRemeasurementsOfDefinedBenefitPlans,종업원급여 재측정요소,자본 [구성요소]|이익잉여금 [구성요소],제 29 기,-2186772331.0,-1495040200.0,KRW,6
OpenDART_fnlttSinglAcntAll,00369657,리노공업,leeno,058470,2024,OFS,SCE,자본변동표,ifrs-full_OtherComprehensiveIncomeNetOfTaxGainsLossesOnRemeasurementsOfDefinedBenefitPlans,종업원급여 재측정요소,자본 [구성요소]|자본잉여금 [구성요소],제 29 기,0.0,0.0,KRW,6
OpenDART_fnlttSinglAcntAll,00369657,리노공업,leeno,058470,2024,OFS,SCE,자본변동표,ifrs-full_OtherComprehensiveIncomeNetOfTaxGainsLossesOnRemeasurementsOfDefinedBenefitPlans,종업원급여 재측정요소,자본 [구성요소]|자본금 [구성요소],제 29 기,0.0,0.0,KRW,6
OpenDART_fnlttSinglAcntAll,00369657,리노공업,leeno,058470,2024,OFS,SCE,자본변동표,ifrs-full_ProfitLoss,당기순이익,별도재무제표 [member],제 29 기,113279046428.0,110923015440.0,KRW,7
OpenDART_fnlttSinglAcntAll,00369657,리노공업,leeno,058470,2024,OFS,SCE,자본변동표,ifrs-full_ProfitLoss,당기순이익,자본 [구성요소]|기타자본구성요소 [구성요소],제 29 기,0.0,0.0,KRW,7
OpenDART_fnlttSinglAcntAll,00369657,리노공업,leeno,058470,2024,OFS,SCE,자본변동표,ifrs-full_ProfitLoss,당기순이익,자본 [구성요소]|자본금 [구성요소],제 29 기,0.0,0.0,KRW,7
OpenDART_fnlttSinglAcntAll,00369657,리노공업,leeno,058470,2024,OFS,SCE,자본변동표,ifrs-full_ProfitLoss,당기순이익,자본 [구성요소]|이익잉여금 [구성요소],제 29 기,113279046428.0,110923015440.0,KRW,7
OpenDART_fnlttSinglAcntAll,00369657,리노공업,leeno,058470,2024,OFS,SCE,자본변동표,ifrs-full_ProfitLoss,당기순이익,자본 [구성요소]|자본잉여금 [구성요소],제 29 기,0.0,0.0,KRW,7
OpenDART_fnlttSinglAcntAll,00369657,리노공업,leeno,058470,2025,OFS,BS,재무상태표,ifrs-full_Assets,자산총계,-,제 30 기,791928165325.0,657443780756.0,KRW,7
OpenDART_fnlttSinglAcntAll,00369657,리노공업,leeno,058470,2025,OFS,BS,재무상태표,ifrs-full_CurrentAssets,유동자산,-,제 30 기,532616632485.0,449498090730.0,KRW,8
OpenDART_fnlttSinglAcntAll,00369657,리노공업,leeno,058470,2025,OFS,BS,재무상태표,ifrs-full_CashAndCashEquivalents,현금및현금성자산,-,제 30 기,85202812409.0,54759251381.0,KRW,9
OpenDART_fnlttSinglAcntAll,00369657,리노공업,leeno,058470,2025,OFS,BS,재무상태표,ifrs-full_CurrentTradeReceivables,매출채권,-,제 30 기,52853181025.0,51075599798.0,KRW,10
OpenDART_fnlttSinglAcntAll,00369657,리노공업,leeno,058470,2025,OFS,BS,재무상태표,ifrs-full_Inventories,재고자산,-,제 30 기,15514548353.0,12959312526.0,KRW,11
OpenDART_fnlttSinglAcntAll,00369657,리노공업,leeno,058470,2025,OFS,BS,재무상태표,ifrs-full_OtherCurrentAssets,기타자산,-,제 30 기,1973045620.0,2181704272.0,KRW,12
OpenDART_fnlttSinglAcntAll,00369657,리노공업,leeno,058470,2025,OFS,BS,재무상태표,ifrs-full_OtherCurrentFinancialAssets,기타금융자산,-,제 30 기,370041999620.0,325041999477.0,KRW,13
OpenDART_fnlttSinglAcntAll,00369657,리노공업,leeno,058470,2025,OFS,BS,재무상태표,ifrs-full_OtherCurrentReceivables,기타채권,-,제 30 기,7031045458.0,3480223276.0,KRW,14
OpenDART_fnlttSinglAcntAll,00369657,리노공업,leeno,058470,2025,OFS,BS,재무상태표,ifrs-full_NoncurrentAssets,비유동자산,-,제 30 기,259311532840.0,207945690026.0,KRW,15
OpenDART_fnlttSinglAcntAll,00369657,리노공업,leeno,058470,2025,OFS,BS,재무상태표,ifrs-full_DeferredTaxAssets,이연법인세자산,-,제 30 기,2164394634.0,1569384971.0,KRW,16
OpenDART_fnlttSinglAcntAll,00369657,리노공업,leeno,058470,2025,OFS,BS,재무상태표,ifrs-full_IntangibleAssetsOtherThanGoodwill,무형자산,-,제 30 기,1868932729.0,1959270745.0,KRW,17
OpenDART_fnlttSinglAcntAll,00369657,리노공업,leeno,058470,2025,OFS,BS,재무상태표,ifrs-full_NoncurrentRecognisedAssetsDefinedBenefitPlan,순확정급여자산,-,제 30 기,3800728368.0,0.0,KRW,18
OpenDART_fnlttSinglAcntAll,00369657,리노공업,leeno,058470,2025,OFS,BS,재무상태표,ifrs-full_OtherNoncurrentFinancialAssets,기타금융자산,-,제 30 기,23396047704.0,22988728704.0,KRW,19
OpenDART_fnlttSinglAcntAll,00369657,리노공업,leeno,058470,2025,OFS,BS,재무상태표,ifrs-full_OtherNoncurrentReceivables,기타채권,-,제 30 기,71640326.0,65625830.0,KRW,20
OpenDART_fnlttSinglAcntAll,00369657,리노공업,leeno,058470,2025,OFS,BS,재무상태표,ifrs-full_PropertyPlantAndEquipment,유형자산,-,제 30 기,228009789079.0,181362679776.0,KRW,21
OpenDART_fnlttSinglAcntAll,00369657,리노공업,leeno,058470,2025,OFS,BS,재무상태표,dart_CapitalSurplus,자본잉여금,-,제 30 기,5601810444.0,5601810444.0,KRW,23
OpenDART_fnlttSinglAcntAll,00369657,리노공업,leeno,058470,2025,OFS,BS,재무상태표,dart_OtherCapitalAdjustments,자본조정,-,제 30 기,-2353516350.0,-2353516350.0,KRW,24
OpenDART_fnlttSinglAcntAll,00369657,리노공업,leeno,058470,2025,OFS,BS,재무상태표,ifrs-full_Equity,자본총계,-,제 30 기,731218952370.0,622629112163.0,KRW,25
OpenDART_fnlttSinglAcntAll,00369657,리노공업,leeno,058470,2025,OFS,BS,재무상태표,ifrs-full_IssuedCapital,자본금,-,제 30 기,7621185000.0,7621185000.0,KRW,26
OpenDART_fnlttSinglAcntAll,00369657,리노공업,leeno,058470,2025,OFS,BS,재무상태표,ifrs-full_RetainedEarnings,이익잉여금,-,제 30 기,720349473276.0,611759633069.0,KRW,27
OpenDART_fnlttSinglAcntAll,00369657,리노공업,leeno,058470,2025,OFS,BS,재무상태표,ifrs-full_EquityAndLiabilities,부채와자본총계,-,제 30 기,791928165325.0,657443780756.0,KRW,28
OpenDART_fnlttSinglAcntAll,00369657,리노공업,leeno,058470,2025,OFS,BS,재무상태표,ifrs-full_CurrentLiabilities,유동부채,-,제 30 기,54792158052.0,30614692642.0,KRW,30
OpenDART_fnlttSinglAcntAll,00369657,리노공업,leeno,058470,2025,OFS,BS,재무상태표,ifrs-full_CurrentLeaseLiabilities,리스부채,-,제 30 기,66744453.0,81125048.0,KRW,31
OpenDART_fnlttSinglAcntAll,00369657,리노공업,leeno,058470,2025,OFS,BS,재무상태표,ifrs-full_CurrentTaxLiabilities,당기법인세부채,-,제 30 기,29397346037.0,18322324767.0,KRW,32
OpenDART_fnlttSinglAcntAll,00369657,리노공업,leeno,058470,2025,OFS,BS,재무상태표,ifrs-full_OtherCurrentLiabilities,기타부채,-,제 30 기,12261534167.0,770708930.0,KRW,33
OpenDART_fnlttSinglAcntAll,00369657,리노공업,leeno,058470,2025,OFS,BS,재무상태표,ifrs-full_OtherCurrentPayables,기타채무,-,제 30 기,7401724723.0,6798405442.0,KRW,34
OpenDART_fnlttSinglAcntAll,00369657,리노공업,leeno,058470,2025,OFS,BS,재무상태표,ifrs-full_TradeAndOtherCurrentPayablesToTradeSuppliers,매입채무,-,제 30 기,5664808672.0,4642128455.0,KRW,35
OpenDART_fnlttSinglAcntAll,00369657,리노공업,leeno,058470,2025,OFS,BS,재무상태표,ifrs-full_Liabilities,부채총계,-,제 30 기,60709212955.0,34814668593.0,KRW,36
OpenDART_fnlttSinglAcntAll,00369657,리노공업,leeno,058470,2025,OFS,BS,재무상태표,ifrs-full_NoncurrentLiabilities,비유동부채,-,제 30 기,5917054903.0,4199975951.0,KRW,37
OpenDART_fnlttSinglAcntAll,00369657,리노공업,leeno,058470,2025,OFS,BS,재무상태표,ifrs-full_NoncurrentLeaseLiabilities,리스부채,-,제 30 기,46631569.0,100646226.0,KRW,38
OpenDART_fnlttSinglAcntAll,00369657,리노공업,leeno,058470,2025,OFS,BS,재무상태표,ifrs-full_NoncurrentProvisionsForEmployeeBenefits,기타장기종업원급여부채,-,제 30 기,5870423334.0,3910514525.0,KRW,39
OpenDART_fnlttSinglAcntAll,00369657,리노공업,leeno,058470,2025,OFS,BS,재무상태표,ifrs-full_NoncurrentRecognisedLiabilitiesDefinedBenefitPlan,순확정급여부채,-,제 30 기,0.0,188815200.0,KRW,40
OpenDART_fnlttSinglAcntAll,00369657,리노공업,leeno,058470,2025,OFS,CIS,포괄손익계산서,dart_NonOperatingProfitLoss,영업외이익(손실),-,제 30 기,18859371992.0,22337738072.0,KRW,6
OpenDART_fnlttSinglAcntAll,00369657,리노공업,leeno,058470,2025,OFS,CIS,포괄손익계산서,dart_OtherGains,기타수익,-,제 30 기,14311907994.0,13700970478.0,KRW,7
OpenDART_fnlttSinglAcntAll,00369657,리노공업,leeno,058470,2025,OFS,CIS,포괄손익계산서,dart_OtherLosses,기타비용,-,제 30 기,5087513678.0,2312820865.0,KRW,8
OpenDART_fnlttSinglAcntAll,00369657,리노공업,leeno,058470,2025,OFS,CIS,포괄손익계산서,ifrs-full_FinanceCosts,금융비용,-,제 30 기,6494324.0,7604344.0,KRW,9
OpenDART_fnlttSinglAcntAll,00369657,리노공업,leeno,058470,2025,OFS,CIS,포괄손익계산서,ifrs-full_FinanceIncome,금융수익,-,제 30 기,9641472000.0,10957192803.0,KRW,10
OpenDART_fnlttSinglAcntAll,00369657,리노공업,leeno,058470,2025,OFS,CIS,포괄손익계산서,dart_OperatingIncomeLoss,영업이익,-,제 30 기,176997188289.0,124201343872.0,KRW,11
OpenDART_fnlttSinglAcntAll,00369657,리노공업,leeno,058470,2025,OFS,CIS,포괄손익계산서,dart_TotalSellingGeneralAdministrativeExpenses,판매비와관리비,-,제 30 기,17403056348.0,13964737445.0,KRW,12
OpenDART_fnlttSinglAcntAll,00369657,리노공업,leeno,058470,2025,OFS,CIS,포괄손익계산서,ifrs-full_ComprehensiveIncome,포괄손익,-,제 30 기,154127200207.0,111092274097.0,KRW,13
OpenDART_fnlttSinglAcntAll,00369657,리노공업,leeno,058470,2025,OFS,CIS,포괄손익계산서,ifrs-full_CostOfSales,매출원가,-,제 30 기,178133839971.0,140020108110.0,KRW,14
OpenDART_fnlttSinglAcntAll,00369657,리노공업,leeno,058470,2025,OFS,CIS,포괄손익계산서,ifrs-full_BasicEarningsLossPerShare,기본주당이익,-,제 30 기,2002.0,1493.0,KRW,16
OpenDART_fnlttSinglAcntAll,00369657,리노공업,leeno,058470,2025,OFS,CIS,포괄손익계산서,ifrs-full_DilutedEarningsLossPerShare,희석주당이익,-,제 30 기,2002.0,1493.0,KRW,17
OpenDART_fnlttSinglAcntAll,00369657,리노공업,leeno,058470,2025,OFS,CIS,포괄손익계산서,ifrs-full_GrossProfit,매출총이익,-,제 30 기,194400244637.0,138166081317.0,KRW,18
OpenDART_fnlttSinglAcntAll,00369657,리노공업,leeno,058470,2025,OFS,CIS,포괄손익계산서,ifrs-full_IncomeTaxExpenseContinuingOperations,법인세비용,-,제 30 기,43895889875.0,33260035516.0,KRW,19
OpenDART_fnlttSinglAcntAll,00369657,리노공업,leeno,058470,2025,OFS,CIS,포괄손익계산서,ifrs-full_OtherComprehensiveIncome,기타포괄손익,-,제 30 기,2166529801.0,-2186772331.0,KRW,20
OpenDART_fnlttSinglAcntAll,00369657,리노공업,leeno,058470,2025,OFS,CIS,포괄손익계산서,ifrs-full_OtherComprehensiveIncomeThatWillNotBeReclassifiedToProfitOrLossNetOfTax,후속적으로 당기손익으로 재분류되지 않는 포괄손익,-,제 30 기,2166529801.0,-2186772331.0,KRW,21
OpenDART_fnlttSinglAcntAll,00369657,리노공업,leeno,058470,2025,OFS,CIS,포괄손익계산서,ifrs-full_OtherComprehensiveIncomeNetOfTaxGainsLossesOnRemeasurementsOfDefinedBenefitPlans,종업원급여 재측정요소,-,제 30 기,2166529801.0,-2186772331.0,KRW,22
OpenDART_fnlttSinglAcntAll,00369657,리노공업,leeno,058470,2025,OFS,CIS,포괄손익계산서,ifrs-full_ProfitLoss,당기순이익,-,제 30 기,151960670406.0,113279046428.0,KRW,23
OpenDART_fnlttSinglAcntAll,00369657,리노공업,leeno,058470,2025,OFS,CIS,포괄손익계산서,ifrs-full_ProfitLossBeforeTax,법인세비용차감전순이익,-,제 30 기,195856560281.0,146539081944.0,KRW,24
OpenDART_fnlttSinglAcntAll,00369657,리노공업,leeno,058470,2025,OFS,CIS,포괄손익계산서,ifrs-full_Revenue,매출액,-,제 30 기,372534084608.0,278186189427.0,KRW,25
OpenDART_fnlttSinglAcntAll,00369657,리노공업,leeno,058470,2025,OFS,CF,현금흐름표,dart_CashAndCashEquivalentsAtBeginningOfPeriodCf,기초현금및현금성자산,-,제 30 기,54759251381.0,34165877177.0,KRW,2
OpenDART_fnlttSinglAcntAll,00369657,리노공업,leeno,058470,2025,OFS,CF,현금흐름표,dart_CashAndCashEquivalentsAtEndOfPeriodCf,기말현금및현금성자산,-,제 30 기,85202812409.0,54759251381.0,KRW,3
OpenDART_fnlttSinglAcntAll,00369657,리노공업,leeno,058470,2025,OFS,CF,현금흐름표,ifrs-full_CashFlowsFromUsedInFinancingActivities,재무활동현금흐름,-,제 30 기,-45642859676.0,-45636652253.0,KRW,8
OpenDART_fnlttSinglAcntAll,00369657,리노공업,leeno,058470,2025,OFS,CF,현금흐름표,ifrs-full_DividendsPaidClassifiedAsFinancingActivities,배당금의 지급,-,제 30 기,45537360000.0,45537360000.0,KRW,9
OpenDART_fnlttSinglAcntAll,00369657,리노공업,leeno,058470,2025,OFS,CF,현금흐름표,ifrs-full_PaymentsOfLeaseLiabilitiesClassifiedAsFinancingActivities,재무활동으로 분류된 리스부채의 지급,-,제 30 기,105499676.0,99292253.0,KRW,10
OpenDART_fnlttSinglAcntAll,00369657,리노공업,leeno,058470,2025,OFS,CF,현금흐름표,ifrs-full_CashFlowsFromUsedInInvestingActivities,투자활동현금흐름,-,제 30 기,-103850828522.0,-46761936241.0,KRW,11
OpenDART_fnlttSinglAcntAll,00369657,리노공업,leeno,058470,2025,OFS,CF,현금흐름표,dart_ProceedsFromSalesOfLongTermLoansAndReceivables,기타채권(비유동)의 감소,-,제 30 기,0.0,0.0,KRW,12
OpenDART_fnlttSinglAcntAll,00369657,리노공업,leeno,058470,2025,OFS,CF,현금흐름표,dart_ProceedsFromSalesOfOtherCurrentFinancialAssets,금융자산(유동)의 처분,-,제 30 기,1287698155093.0,1198248242370.0,KRW,13
OpenDART_fnlttSinglAcntAll,00369657,리노공업,leeno,058470,2025,OFS,CF,현금흐름표,dart_ProceedsFromSalesOfOtherNonCurrentFinancialAssets,금융자산(비유동)의 처분,-,제 30 기,45254500000.0,40054350000.0,KRW,14
OpenDART_fnlttSinglAcntAll,00369657,리노공업,leeno,058470,2025,OFS,CF,현금흐름표,dart_ProceedsFromSalesOfShortTermLoansAndReceivables,기타채권(유동)의 감소,-,제 30 기,787275454.0,863665954.0,KRW,15
OpenDART_fnlttSinglAcntAll,00369657,리노공업,leeno,058470,2025,OFS,CF,현금흐름표,dart_PurchaseOfLongTermLoansAndReceivables,기타채권(비유동)의 증가,-,제 30 기,6014496.0,0.0,KRW,16
OpenDART_fnlttSinglAcntAll,00369657,리노공업,leeno,058470,2025,OFS,CF,현금흐름표,dart_PurchaseOfOtherCurrentFinancialAssets,금융자산(유동)의 취득,-,제 30 기,1332698155236.0,1229118242370.0,KRW,17
OpenDART_fnlttSinglAcntAll,00369657,리노공업,leeno,058470,2025,OFS,CF,현금흐름표,dart_PurchaseOfOtherNonCurrentFinancialAssets,금융자산(비유동)의 취득,-,제 30 기,44000000000.0,44001480000.0,KRW,18
OpenDART_fnlttSinglAcntAll,00369657,리노공업,leeno,058470,2025,OFS,CF,현금흐름표,dart_PurchaseOfShortTermLoansAndReceivables,기타채권(유동)의 증가,-,제 30 기,787275454.0,863665954.0,KRW,19
OpenDART_fnlttSinglAcntAll,00369657,리노공업,leeno,058470,2025,OFS,CF,현금흐름표,-표준계정코드 미사용-,유형자산 관련 기타채무의 감소,-,제 30 기,85582290.0,15200000.0,KRW,20
OpenDART_fnlttSinglAcntAll,00369657,리노공업,leeno,058470,2025,OFS,CF,현금흐름표,-표준계정코드 미사용-,유형자산 관련 기타채무의 증가,-,제 30 기,45348140.0,85582290.0,KRW,21
OpenDART_fnlttSinglAcntAll,00369657,리노공업,leeno,058470,2025,OFS,CF,현금흐름표,ifrs-full_ProceedsFromSalesOfPropertyPlantAndEquipmentClassifiedAsInvestingActivities,유형자산의 처분,-,제 30 기,177251447.0,320000.0,KRW,22
OpenDART_fnlttSinglAcntAll,00369657,리노공업,leeno,058470,2025,OFS,CF,현금흐름표,ifrs-full_PurchaseOfIntangibleAssetsClassifiedAsInvestingActivities,무형자산의 취득,-,제 30 기,282097350.0,374960718.0,KRW,23
OpenDART_fnlttSinglAcntAll,00369657,리노공업,leeno,058470,2025,OFS,CF,현금흐름표,ifrs-full_PurchaseOfPropertyPlantAndEquipmentClassifiedAsInvestingActivities,유형자산의 취득,-,제 30 기,59954233830.0,11640547813.0,KRW,24
OpenDART_fnlttSinglAcntAll,00369657,리노공업,leeno,058470,2025,OFS,CF,현금흐름표,ifrs-full_CashFlowsFromUsedInOperatingActivities,영업활동현금흐름,-,제 30 기,179468846374.0,110106597065.0,KRW,25
OpenDART_fnlttSinglAcntAll,00369657,리노공업,leeno,058470,2025,OFS,CF,현금흐름표,ifrs-full_CashFlowsFromUsedInOperations,영업에서 창출된 현금흐름,-,제 30 기,203815075120.0,126924742388.0,KRW,26
OpenDART_fnlttSinglAcntAll,00369657,리노공업,leeno,058470,2025,OFS,CF,현금흐름표,ifrs-full_IncomeTaxesPaidRefundClassifiedAsOperatingActivities,법인세의 납부,-,제 30 기,33943104377.0,28119860183.0,KRW,27
OpenDART_fnlttSinglAcntAll,00369657,리노공업,leeno,058470,2025,OFS,CF,현금흐름표,ifrs-full_InterestPaidClassifiedAsOperatingActivities,이자지급,-,제 30 기,6494324.0,7604344.0,KRW,28
OpenDART_fnlttSinglAcntAll,00369657,리노공업,leeno,058470,2025,OFS,CF,현금흐름표,ifrs-full_InterestReceivedClassifiedAsOperatingActivities,이자의 수취,-,제 30 기,9603369955.0,11309319204.0,KRW,29
OpenDART_fnlttSinglAcntAll,00369657,리노공업,leeno,058470,2025,OFS,CF,현금흐름표,ifrs-full_EffectOfExchangeRateChangesOnCashAndCashEquivalents,현금및현금성자산에 대한 환율변동효과,-,제 30 기,468402852.0,2885365633.0,KRW,30
OpenDART_fnlttSinglAcntAll,00369657,리노공업,leeno,058470,2025,OFS,CF,현금흐름표,ifrs-full_IncreaseDecreaseInCashAndCashEquivalentsBeforeEffectOfExchangeRateChanges,현금및현금성자산의 증가(감소),-,제 30 기,29975158176.0,17708008571.0,KRW,31
OpenDART_fnlttSinglAcntAll,00369657,리노공업,leeno,058470,2025,OFS,SCE,자본변동표,dart_EquityAtBeginningOfPeriod,기초자본,별도재무제표 [member],제 30 기,622629112163.0,557074198066.0,KRW,3
OpenDART_fnlttSinglAcntAll,00369657,리노공업,leeno,058470,2025,OFS,SCE,자본변동표,dart_EquityAtBeginningOfPeriod,기초자본,자본 [구성요소]|기타자본구성요소 [구성요소],제 30 기,-2353516350.0,-2353516350.0,KRW,3
OpenDART_fnlttSinglAcntAll,00369657,리노공업,leeno,058470,2025,OFS,SCE,자본변동표,dart_EquityAtBeginningOfPeriod,기초자본,자본 [구성요소]|이익잉여금 [구성요소],제 30 기,611759633069.0,546204718972.0,KRW,3
OpenDART_fnlttSinglAcntAll,00369657,리노공업,leeno,058470,2025,OFS,SCE,자본변동표,dart_EquityAtBeginningOfPeriod,기초자본,자본 [구성요소]|자본금 [구성요소],제 30 기,7621185000.0,7621185000.0,KRW,3
OpenDART_fnlttSinglAcntAll,00369657,리노공업,leeno,058470,2025,OFS,SCE,자본변동표,dart_EquityAtBeginningOfPeriod,기초자본,자본 [구성요소]|자본잉여금 [구성요소],제 30 기,5601810444.0,5601810444.0,KRW,3
OpenDART_fnlttSinglAcntAll,00369657,리노공업,leeno,058470,2025,OFS,SCE,자본변동표,ifrs-full_DividendsPaid,배당금의 지급,별도재무제표 [member],제 30 기,45537360000.0,45537360000.0,KRW,4
OpenDART_fnlttSinglAcntAll,00369657,리노공업,leeno,058470,2025,OFS,SCE,자본변동표,ifrs-full_DividendsPaid,배당금의 지급,자본 [구성요소]|이익잉여금 [구성요소],제 30 기,45537360000.0,45537360000.0,KRW,4
OpenDART_fnlttSinglAcntAll,00369657,리노공업,leeno,058470,2025,OFS,SCE,자본변동표,ifrs-full_Equity,자본총계,별도재무제표 [member],제 30 기,731218952370.0,622629112163.0,KRW,5
OpenDART_fnlttSinglAcntAll,00369657,리노공업,leeno,058470,2025,OFS,SCE,자본변동표,ifrs-full_Equity,자본총계,자본 [구성요소]|자본잉여금 [구성요소],제 30 기,5601810444.0,5601810444.0,KRW,5
OpenDART_fnlttSinglAcntAll,00369657,리노공업,leeno,058470,2025,OFS,SCE,자본변동표,ifrs-full_Equity,자본총계,자본 [구성요소]|자본금 [구성요소],제 30 기,7621185000.0,7621185000.0,KRW,5
OpenDART_fnlttSinglAcntAll,00369657,리노공업,leeno,058470,2025,OFS,SCE,자본변동표,ifrs-full_Equity,자본총계,자본 [구성요소]|이익잉여금 [구성요소],제 30 기,720349473276.0,611759633069.0,KRW,5
OpenDART_fnlttSinglAcntAll,00369657,리노공업,leeno,058470,2025,OFS,SCE,자본변동표,ifrs-full_Equity,자본총계,자본 [구성요소]|기타자본구성요소 [구성요소],제 30 기,-2353516350.0,-2353516350.0,KRW,5
OpenDART_fnlttSinglAcntAll,00369657,리노공업,leeno,058470,2025,OFS,SCE,자본변동표,ifrs-full_OtherComprehensiveIncomeNetOfTaxGainsLossesOnRemeasurementsOfDefinedBenefitPlans,종업원급여 재측정요소,자본 [구성요소]|이익잉여금 [구성요소],제 30 기,2166529801.0,-2186772331.0,KRW,6
OpenDART_fnlttSinglAcntAll,00369657,리노공업,leeno,058470,2025,OFS,SCE,자본변동표,ifrs-full_OtherComprehensiveIncomeNetOfTaxGainsLossesOnRemeasurementsOfDefinedBenefitPlans,종업원급여 재측정요소,별도재무제표 [member],제 30 기,2166529801.0,-2186772331.0,KRW,6
OpenDART_fnlttSinglAcntAll,00369657,리노공업,leeno,058470,2025,OFS,SCE,자본변동표,ifrs-full_ProfitLoss,당기순이익,별도재무제표 [member],제 30 기,151960670406.0,113279046428.0,KRW,7
OpenDART_fnlttSinglAcntAll,00369657,리노공업,leeno,058470,2025,OFS,SCE,자본변동표,ifrs-full_ProfitLoss,당기순이익,자본 [구성요소]|이익잉여금 [구성요소],제 30 기,151960670406.0,113279046428.0,KRW,7
