source_application_number,family_id,family_type,country_code,application_country_code,publication_country_code,priority_country_code,family_application_number,family_application_date,family_publication_number,family_publication_date,family_registration_number,priority_number,pct_application_number,title,applicant,legal_status,_raw_keys,jurisdictions_inferred,is_overseas_family
1020040098987,34523002,,CN,CN,CN,,200410094654,20041111,100414609,20080827,,,200410094654,,,,applicationCountryCode|applicationDate|applicationKindCode|applicationNumber|docdbFamilyID|publicationCountryCode|publicationDate|publicationKindCode|publicationNumber,CN,Y
1020040098987,34523002,,CN,CN,CN,,200410094654,20041111,1624771,20050608,,,200410094654,,,,applicationCountryCode|applicationDate|applicationKindCode|applicationNumber|docdbFamilyID|publicationCountryCode|publicationDate|publicationKindCode|publicationNumber,CN,Y
1020040098987,34523002,,DE,DE,DE,,602004009392,20041103,602004009392,20080814,,,602004009392,,,,applicationCountryCode|applicationDate|applicationKindCode|applicationNumber|docdbFamilyID|publicationCountryCode|publicationDate|publicationKindCode|publicationNumber,UNKNOWN,N
1020040098987,34523002,,DE,DE,DE,,602004009392,20041103,602004009392,20071122,,,602004009392,,,,applicationCountryCode|applicationDate|applicationKindCode|applicationNumber|docdbFamilyID|publicationCountryCode|publicationDate|publicationKindCode|publicationNumber,UNKNOWN,N
1020040098987,34523002,,EP,EP,EP,,04021484,20041103,1542209,20050615,,,04021484,,,,applicationCountryCode|applicationDate|applicationKindCode|applicationNumber|docdbFamilyID|publicationCountryCode|publicationDate|publicationKindCode|publicationNumber,EP,Y
1020040098987,34523002,,EP,EP,EP,,04021484,20041103,1542209,20071010,,,04021484,,,,applicationCountryCode|applicationDate|applicationKindCode|applicationNumber|docdbFamilyID|publicationCountryCode|publicationDate|publicationKindCode|publicationNumber,EP,Y
1020040098987,34523002,,JP,JP,JP,,2004324802,20041109,2005166238,20050623,,,2004324802,,,,applicationCountryCode|applicationDate|applicationKindCode|applicationNumber|docdbFamilyID|publicationCountryCode|publicationDate|publicationKindCode|publicationNumber,JP,Y
1020040098987,34523002,,US,US,US,,72782603,20031203,6947235,20050920,,,72782603,,,,applicationCountryCode|applicationDate|applicationKindCode|applicationNumber|docdbFamilyID|publicationCountryCode|publicationDate|publicationKindCode|publicationNumber,US,Y
1020040098987,34523002,,US,US,US,,72782603,20031203,2005122609,20050609,,,72782603,,,,applicationCountryCode|applicationDate|applicationKindCode|applicationNumber|docdbFamilyID|publicationCountryCode|publicationDate|publicationKindCode|publicationNumber,US,Y
1020040098987,34523002,,TW,TW,TW,,93129668,20040930,200521997,20050701,,,93129668,,,,applicationCountryCode|applicationDate|applicationKindCode|applicationNumber|docdbFamilyID|publicationCountryCode|publicationDate|publicationKindCode|publicationNumber,UNKNOWN,N
1020040098987,34523002,,SG,SG,SG,,200407007,20041202,112073,20050629,,,200407007,,,,applicationCountryCode|applicationDate|applicationKindCode|applicationNumber|docdbFamilyID|publicationCountryCode|publicationDate|publicationKindCode|publicationNumber,UNKNOWN,N
1020040057167,33490925,,CN,CN,CN,,200410063897,20040714,1577507,20050209,,,200410063897,,,,applicationCountryCode|applicationDate|applicationKindCode|applicationNumber|docdbFamilyID|publicationCountryCode|publicationDate|publicationKindCode|publicationNumber,CN,Y
1020040057167,33490925,,CN,CN,CN,,200410063897,20040714,100389458,20080521,,,200410063897,,,,applicationCountryCode|applicationDate|applicationKindCode|applicationNumber|docdbFamilyID|publicationCountryCode|publicationDate|publicationKindCode|publicationNumber,CN,Y
1020040057167,33490925,,DE,DE,DE,,602004006343,20040610,602004006343,20070621,,,602004006343,,,,applicationCountryCode|applicationDate|applicationKindCode|applicationNumber|docdbFamilyID|publicationCountryCode|publicationDate|publicationKindCode|publicationNumber,UNKNOWN,N
1020040057167,33490925,,DE,DE,DE,,602004006343,20040610,602004006343,20080110,,,602004006343,,,,applicationCountryCode|applicationDate|applicationKindCode|applicationNumber|docdbFamilyID|publicationCountryCode|publicationDate|publicationKindCode|publicationNumber,UNKNOWN,N
1020040057167,33490925,,EP,EP,EP,,04253441,20040610,1501080,20050126,,,04253441,,,,applicationCountryCode|applicationDate|applicationKindCode|applicationNumber|docdbFamilyID|publicationCountryCode|publicationDate|publicationKindCode|publicationNumber,EP,Y
1020040057167,33490925,,EP,EP,EP,,04253441,20040610,1501080,20070509,,,04253441,,,,applicationCountryCode|applicationDate|applicationKindCode|applicationNumber|docdbFamilyID|publicationCountryCode|publicationDate|publicationKindCode|publicationNumber,EP,Y
1020040057167,33490925,,JP,JP,JP,,2004213921,20040722,2005056551,20050303,,,2004213921,,,,applicationCountryCode|applicationDate|applicationKindCode|applicationNumber|docdbFamilyID|publicationCountryCode|publicationDate|publicationKindCode|publicationNumber,JP,Y
1020040057167,33490925,,US,US,US,,62801103,20030724,6939626,20050906,,,62801103,,,,applicationCountryCode|applicationDate|applicationKindCode|applicationNumber|docdbFamilyID|publicationCountryCode|publicationDate|publicationKindCode|publicationNumber,US,Y
1020040057167,33490925,,US,US,US,,62801103,20030724,2005019609,20050127,,,62801103,,,,applicationCountryCode|applicationDate|applicationKindCode|applicationNumber|docdbFamilyID|publicationCountryCode|publicationDate|publicationKindCode|publicationNumber,US,Y
1020040057167,33490925,,TW,TW,TW,,93115542,20040531,200506865,20050216,,,93115542,,,,applicationCountryCode|applicationDate|applicationKindCode|applicationNumber|docdbFamilyID|publicationCountryCode|publicationDate|publicationKindCode|publicationNumber,UNKNOWN,N
1020040057167,33490925,,SG,SG,SG,,200403854,20040630,118278,20060127,,,200403854,,,,applicationCountryCode|applicationDate|applicationKindCode|applicationNumber|docdbFamilyID|publicationCountryCode|publicationDate|publicationKindCode|publicationNumber,UNKNOWN,N
1020060080307,37597147,,CN,CN,CN,,200610142350,20061010,1949369,20070418,,,200610142350,,,,applicationCountryCode|applicationDate|applicationKindCode|applicationNumber|docdbFamilyID|publicationCountryCode|publicationDate|publicationKindCode|publicationNumber,CN,Y
1020060080307,37597147,,CN,CN,CN,,200610142350,20061010,100431012,20081105,,,200610142350,,,,applicationCountryCode|applicationDate|applicationKindCode|applicationNumber|docdbFamilyID|publicationCountryCode|publicationDate|publicationKindCode|publicationNumber,CN,Y
1020060080307,37597147,,DE,DE,DE,,602006006891,20060816,602006006891,20090702,,,602006006891,,,,applicationCountryCode|applicationDate|applicationKindCode|applicationNumber|docdbFamilyID|publicationCountryCode|publicationDate|publicationKindCode|publicationNumber,UNKNOWN,N
1020060080307,37597147,,EP,EP,EP,,06254303,20060816,1788559,20090520,,,06254303,,,,applicationCountryCode|applicationDate|applicationKindCode|applicationNumber|docdbFamilyID|publicationCountryCode|publicationDate|publicationKindCode|publicationNumber,EP,Y
1020060080307,37597147,,EP,EP,EP,,06254303,20060816,1788559,20070523,,,06254303,,,,applicationCountryCode|applicationDate|applicationKindCode|applicationNumber|docdbFamilyID|publicationCountryCode|publicationDate|publicationKindCode|publicationNumber,EP,Y
1020060080307,37597147,,JP,JP,JP,,2006278467,20061012,2007109378,20070426,,,2006278467,,,,applicationCountryCode|applicationDate|applicationKindCode|applicationNumber|docdbFamilyID|publicationCountryCode|publicationDate|publicationKindCode|publicationNumber,JP,Y
1020060080307,37597147,,US,US,US,,25114205,20051013,7524570,20090428,,,25114205,,,,applicationCountryCode|applicationDate|applicationKindCode|applicationNumber|docdbFamilyID|publicationCountryCode|publicationDate|publicationKindCode|publicationNumber,US,Y
1020060080307,37597147,,US,US,US,,25114205,20051013,2007087225,20070419,,,25114205,,,,applicationCountryCode|applicationDate|applicationKindCode|applicationNumber|docdbFamilyID|publicationCountryCode|publicationDate|publicationKindCode|publicationNumber,US,Y
1020060080307,37597147,,US,US,US,,38709109,20090427,2009213494,20090827,,,38709109,,,,applicationCountryCode|applicationDate|applicationKindCode|applicationNumber|docdbFamilyID|publicationCountryCode|publicationDate|publicationKindCode|publicationNumber,US,Y
1020040012917,32771454,,CN,CN,CN,,200410004935,20040213,1534611,20041006,,,200410004935,,,,applicationCountryCode|applicationDate|applicationKindCode|applicationNumber|docdbFamilyID|publicationCountryCode|publicationDate|publicationKindCode|publicationNumber,CN,Y
1020040012917,32771454,,DE,DE,DE,,60312121,20030901,60312121,20070412,,,60312121,,,,applicationCountryCode|applicationDate|applicationKindCode|applicationNumber|docdbFamilyID|publicationCountryCode|publicationDate|publicationKindCode|publicationNumber,UNKNOWN,N
1020040012917,32771454,,DE,DE,DE,,60312121,20030901,60312121,20071108,,,60312121,,,,applicationCountryCode|applicationDate|applicationKindCode|applicationNumber|docdbFamilyID|publicationCountryCode|publicationDate|publicationKindCode|publicationNumber,UNKNOWN,N
1020040012917,32771454,,EP,EP,EP,,03255442,20030901,1453038,20040901,,,03255442,,,,applicationCountryCode|applicationDate|applicationKindCode|applicationNumber|docdbFamilyID|publicationCountryCode|publicationDate|publicationKindCode|publicationNumber,EP,Y
1020040012917,32771454,,EP,EP,EP,,03255442,20030901,1453038,20070228,,,03255442,,,,applicationCountryCode|applicationDate|applicationKindCode|applicationNumber|docdbFamilyID|publicationCountryCode|publicationDate|publicationKindCode|publicationNumber,EP,Y
1020040012917,32771454,,JP,JP,JP,,2004005023,20040113,2005050491,20050224,,,2004005023,,,,applicationCountryCode|applicationDate|applicationKindCode|applicationNumber|docdbFamilyID|publicationCountryCode|publicationDate|publicationKindCode|publicationNumber,JP,Y
1020040012917,32771454,,US,US,US,,37522203,20030226,2004166371,20040826,,,37522203,,,,applicationCountryCode|applicationDate|applicationKindCode|applicationNumber|docdbFamilyID|publicationCountryCode|publicationDate|publicationKindCode|publicationNumber,US,Y
1020040012917,32771454,,TW,TW,TW,,93103069,20040210,200423070,20041101,,,93103069,,,,applicationCountryCode|applicationDate|applicationKindCode|applicationNumber|docdbFamilyID|publicationCountryCode|publicationDate|publicationKindCode|publicationNumber,UNKNOWN,N
1020010034451,24411929,,US,US,US,,60258100,20000621,6383597,20020507,,,60258100,,,,applicationCountryCode|applicationDate|applicationKindCode|applicationNumber|docdbFamilyID|publicationCountryCode|publicationDate|publicationKindCode|publicationNumber,US,Y
1020040100158,34465770,,CN,CN,CN,,200410088237,20041021,1624770,20050608,,,200410088237,,,,applicationCountryCode|applicationDate|applicationKindCode|applicationNumber|docdbFamilyID|publicationCountryCode|publicationDate|publicationKindCode|publicationNumber,CN,Y
1020040100158,34465770,,CN,CN,CN,,200410088237,20041021,1306480,20070321,,,200410088237,,,,applicationCountryCode|applicationDate|applicationKindCode|applicationNumber|docdbFamilyID|publicationCountryCode|publicationDate|publicationKindCode|publicationNumber,CN,Y
1020040100158,34465770,,EP,EP,EP,,04021486,20040909,1538605,20050608,,,04021486,,,,applicationCountryCode|applicationDate|applicationKindCode|applicationNumber|docdbFamilyID|publicationCountryCode|publicationDate|publicationKindCode|publicationNumber,EP,Y
1020040100158,34465770,,EP,EP,EP,,04021486,20040909,1538605,20060201,,,04021486,,,,applicationCountryCode|applicationDate|applicationKindCode|applicationNumber|docdbFamilyID|publicationCountryCode|publicationDate|publicationKindCode|publicationNumber,EP,Y
1020040100158,34465770,,JP,JP,JP,,2004325999,20041110,2005166239,20050623,,,2004325999,,,,applicationCountryCode|applicationDate|applicationKindCode|applicationNumber|docdbFamilyID|publicationCountryCode|publicationDate|publicationKindCode|publicationNumber,JP,Y
1020040100158,34465770,,US,US,US,,72770303,20031203,6906879,20050614,,,72770303,,,,applicationCountryCode|applicationDate|applicationKindCode|applicationNumber|docdbFamilyID|publicationCountryCode|publicationDate|publicationKindCode|publicationNumber,US,Y
1020040100158,34465770,,US,US,US,,72770303,20031203,2005122612,20050609,,,72770303,,,,applicationCountryCode|applicationDate|applicationKindCode|applicationNumber|docdbFamilyID|publicationCountryCode|publicationDate|publicationKindCode|publicationNumber,US,Y
1020040100158,34465770,,TW,TW,TW,,93129664,20040930,200519873,20050616,,,93129664,,,,applicationCountryCode|applicationDate|applicationKindCode|applicationNumber|docdbFamilyID|publicationCountryCode|publicationDate|publicationKindCode|publicationNumber,UNKNOWN,N
1020040100158,34465770,,SG,SG,SG,,200407009,20041202,112074,20050629,,,200407009,,,,applicationCountryCode|applicationDate|applicationKindCode|applicationNumber|docdbFamilyID|publicationCountryCode|publicationDate|publicationKindCode|publicationNumber,UNKNOWN,N
1020060066907,36950795,,CN,CN,CN,,200610121850,20060825,100419860,20080917,,,200610121850,,,,applicationCountryCode|applicationDate|applicationKindCode|applicationNumber|docdbFamilyID|publicationCountryCode|publicationDate|publicationKindCode|publicationNumber,CN,Y
1020060066907,36950795,,CN,CN,CN,,200610121850,20060825,1920961,20070228,,,200610121850,,,,applicationCountryCode|applicationDate|applicationKindCode|applicationNumber|docdbFamilyID|publicationCountryCode|publicationDate|publicationKindCode|publicationNumber,CN,Y
1020060066907,36950795,,EP,EP,EP,,06254224,20060811,1760698,20070307,,,06254224,,,,applicationCountryCode|applicationDate|applicationKindCode|applicationNumber|docdbFamilyID|publicationCountryCode|publicationDate|publicationKindCode|publicationNumber,EP,Y
1020060066907,36950795,,JP,JP,JP,,2005244842,20050825,2007059008,20070308,,,2005244842,,,,applicationCountryCode|applicationDate|applicationKindCode|applicationNumber|docdbFamilyID|publicationCountryCode|publicationDate|publicationKindCode|publicationNumber,JP,Y
1020060066907,36950795,,US,US,US,,49323306,20060725,2007048552,20070301,,,49323306,,,,applicationCountryCode|applicationDate|applicationKindCode|applicationNumber|docdbFamilyID|publicationCountryCode|publicationDate|publicationKindCode|publicationNumber,US,Y
1020060066907,36950795,,US,US,US,,49323306,20060725,8084149,20111227,,,49323306,,,,applicationCountryCode|applicationDate|applicationKindCode|applicationNumber|docdbFamilyID|publicationCountryCode|publicationDate|publicationKindCode|publicationNumber,US,Y
1020050085138,34979750,,CN,CN,CN,,200510089674,20050808,1750128,20060322,,,200510089674,,,,applicationCountryCode|applicationDate|applicationKindCode|applicationNumber|docdbFamilyID|publicationCountryCode|publicationDate|publicationKindCode|publicationNumber,CN,Y
1020050085138,34979750,,CN,CN,CN,,200510089674,20050808,100338658,20070919,,,200510089674,,,,applicationCountryCode|applicationDate|applicationKindCode|applicationNumber|docdbFamilyID|publicationCountryCode|publicationDate|publicationKindCode|publicationNumber,CN,Y
1020050085138,34979750,,DE,DE,DE,,602005007548,20050722,602005007548,20080731,,,602005007548,,,,applicationCountryCode|applicationDate|applicationKindCode|applicationNumber|docdbFamilyID|publicationCountryCode|publicationDate|publicationKindCode|publicationNumber,UNKNOWN,N
1020050085138,34979750,,EP,EP,EP,,05106764,20050722,1635335,20080618,,,05106764,,,,applicationCountryCode|applicationDate|applicationKindCode|applicationNumber|docdbFamilyID|publicationCountryCode|publicationDate|publicationKindCode|publicationNumber,EP,Y
1020050085138,34979750,,EP,EP,EP,,05106764,20050722,1635335,20060315,,,05106764,,,,applicationCountryCode|applicationDate|applicationKindCode|applicationNumber|docdbFamilyID|publicationCountryCode|publicationDate|publicationKindCode|publicationNumber,EP,Y
1020050085138,34979750,,JP,JP,JP,,2004266172,20040914,2006085742,20060330,,,2004266172,,,,applicationCountryCode|applicationDate|applicationKindCode|applicationNumber|docdbFamilyID|publicationCountryCode|publicationDate|publicationKindCode|publicationNumber,JP,Y
1020050085138,34979750,,US,US,US,,22767505,20050914,2006057431,20060316,,,22767505,,,,applicationCountryCode|applicationDate|applicationKindCode|applicationNumber|docdbFamilyID|publicationCountryCode|publicationDate|publicationKindCode|publicationNumber,US,Y
1020050085138,34979750,,US,US,US,,22767505,20050914,7651795,20100126,,,22767505,,,,applicationCountryCode|applicationDate|applicationKindCode|applicationNumber|docdbFamilyID|publicationCountryCode|publicationDate|publicationKindCode|publicationNumber,US,Y
1020050085138,34979750,,TW,TW,TW,,94122776,20050706,200623060,20060701,,,94122776,,,,applicationCountryCode|applicationDate|applicationKindCode|applicationNumber|docdbFamilyID|publicationCountryCode|publicationDate|publicationKindCode|publicationNumber,UNKNOWN,N
1020050014836,34750535,,CN,CN,CN,,200510006442,20050201,100338656,20070919,,,200510006442,,,,applicationCountryCode|applicationDate|applicationKindCode|applicationNumber|docdbFamilyID|publicationCountryCode|publicationDate|publicationKindCode|publicationNumber,CN,Y
1020050014836,34750535,,CN,CN,CN,,200510006442,20050201,1661686,20050831,,,200510006442,,,,applicationCountryCode|applicationDate|applicationKindCode|applicationNumber|docdbFamilyID|publicationCountryCode|publicationDate|publicationKindCode|publicationNumber,CN,Y
1020050014836,34750535,,DE,DE,DE,,602004015563,20041012,602004015563,20080918,,,602004015563,,,,applicationCountryCode|applicationDate|applicationKindCode|applicationNumber|docdbFamilyID|publicationCountryCode|publicationDate|publicationKindCode|publicationNumber,UNKNOWN,N
1020050014836,34750535,,EP,EP,EP,,04256293,20041012,1569207,20080806,,,04256293,,,,applicationCountryCode|applicationDate|applicationKindCode|applicationNumber|docdbFamilyID|publicationCountryCode|publicationDate|publicationKindCode|publicationNumber,EP,Y
1020050014836,34750535,,EP,EP,EP,,04256293,20041012,1569207,20050831,,,04256293,,,,applicationCountryCode|applicationDate|applicationKindCode|applicationNumber|docdbFamilyID|publicationCountryCode|publicationDate|publicationKindCode|publicationNumber,EP,Y
1020050014836,34750535,,JP,JP,JP,,2005017820,20050126,2005243220,20050908,,,2005017820,,,,applicationCountryCode|applicationDate|applicationKindCode|applicationNumber|docdbFamilyID|publicationCountryCode|publicationDate|publicationKindCode|publicationNumber,JP,Y
1020050014836,34750535,,US,US,US,,78868704,20040226,7125616,20061024,,,78868704,,,,applicationCountryCode|applicationDate|applicationKindCode|applicationNumber|docdbFamilyID|publicationCountryCode|publicationDate|publicationKindCode|publicationNumber,US,Y
1020050014836,34750535,,US,US,US,,78868704,20040226,2005190498,20050901,,,78868704,,,,applicationCountryCode|applicationDate|applicationKindCode|applicationNumber|docdbFamilyID|publicationCountryCode|publicationDate|publicationKindCode|publicationNumber,US,Y
1020050014836,34750535,,TW,TW,TW,,93138646,20041213,200531037,20050916,,,93138646,,,,applicationCountryCode|applicationDate|applicationKindCode|applicationNumber|docdbFamilyID|publicationCountryCode|publicationDate|publicationKindCode|publicationNumber,UNKNOWN,N
1020050014836,34750535,,SG,SG,SG,,200501003,20050222,114744,20050928,,,200501003,,,,applicationCountryCode|applicationDate|applicationKindCode|applicationNumber|docdbFamilyID|publicationCountryCode|publicationDate|publicationKindCode|publicationNumber,UNKNOWN,N
1020037000803,24508928,,AU,AU,AU,,6929901,20010706,6929901,20020205,,,6929901,,,,applicationCountryCode|applicationDate|applicationKindCode|applicationNumber|docdbFamilyID|publicationCountryCode|publicationDate|publicationKindCode|publicationNumber,UNKNOWN,N
1020037000803,24508928,,CN,CN,CN,,01813420,20010706,1242382,20060215,,,01813420,,,,applicationCountryCode|applicationDate|applicationKindCode|applicationNumber|docdbFamilyID|publicationCountryCode|publicationDate|publicationKindCode|publicationNumber,CN,Y
1020037000803,24508928,,CN,CN,CN,,01813420,20010706,1444762,20030924,,,01813420,,,,applicationCountryCode|applicationDate|applicationKindCode|applicationNumber|docdbFamilyID|publicationCountryCode|publicationDate|publicationKindCode|publicationNumber,CN,Y
1020037000803,24508928,,DE,DE,DE,,60102474,20010706,60102474,20040429,,,60102474,,,,applicationCountryCode|applicationDate|applicationKindCode|applicationNumber|docdbFamilyID|publicationCountryCode|publicationDate|publicationKindCode|publicationNumber,UNKNOWN,N
1020037000803,24508928,,DE,DE,DE,,60102474,20010706,60102474,20050224,,,60102474,,,,applicationCountryCode|applicationDate|applicationKindCode|applicationNumber|docdbFamilyID|publicationCountryCode|publicationDate|publicationKindCode|publicationNumber,UNKNOWN,N
1020037000803,24508928,,EP,EP,EP,,01947653,20010706,1305796,20040324,,,01947653,,,,applicationCountryCode|applicationDate|applicationKindCode|applicationNumber|docdbFamilyID|publicationCountryCode|publicationDate|publicationKindCode|publicationNumber,EP,Y
1020037000803,24508928,,EP,EP,EP,,01947653,20010706,1305796,20030502,,,01947653,,,,applicationCountryCode|applicationDate|applicationKindCode|applicationNumber|docdbFamilyID|publicationCountryCode|publicationDate|publicationKindCode|publicationNumber,EP,Y
1020037000803,24508928,,JP,JP,JP,,2002514718,20010706,2004505397,20040219,,,2002514718,,,,applicationCountryCode|applicationDate|applicationKindCode|applicationNumber|docdbFamilyID|publicationCountryCode|publicationDate|publicationKindCode|publicationNumber,JP,Y
1020037000803,24508928,,JP,JP,JP,,2002514718,20010706,3924532,20070606,,,2002514718,,,,applicationCountryCode|applicationDate|applicationKindCode|applicationNumber|docdbFamilyID|publicationCountryCode|publicationDate|publicationKindCode|publicationNumber,JP,Y
1020037000803,24508928,,US,US,US,,62609700,20000726,6372330,20020416,,,62609700,,,,applicationCountryCode|applicationDate|applicationKindCode|applicationNumber|docdbFamilyID|publicationCountryCode|publicationDate|publicationKindCode|publicationNumber,US,Y
1020037000803,24508928,,WO,WO,WO,,0103058,20010706,0209098,20020131,,,0103058,,,,applicationCountryCode|applicationDate|applicationKindCode|applicationNumber|docdbFamilyID|publicationCountryCode|publicationDate|publicationKindCode|publicationNumber,WO,Y
1020037000803,24508928,,GB,GB,WO,,0103058,20010706,0209098,20020131,,,0103058,,,,applicationCountryCode|applicationDate|applicationKindCode|applicationNumber|docdbFamilyID|publicationCountryCode|publicationDate|publicationKindCode|publicationNumber,WO,Y
1020037000803,24508928,,TW,TW,TW,,90117917,20010723,584841,20040421,,,90117917,,,,applicationCountryCode|applicationDate|applicationKindCode|applicationNumber|docdbFamilyID|publicationCountryCode|publicationDate|publicationKindCode|publicationNumber,UNKNOWN,N
1020037000803,24508928,,MY,MY,MY,,PI20013317,20010712,122799,20060531,,,PI20013317,,,,applicationCountryCode|applicationDate|applicationKindCode|applicationNumber|docdbFamilyID|publicationCountryCode|publicationDate|publicationKindCode|publicationNumber,UNKNOWN,N
1020047001500,27658259,,DE,DE,DE,,60320548,20030129,60320548,20080605,,,60320548,,,,applicationCountryCode|applicationDate|applicationKindCode|applicationNumber|docdbFamilyID|publicationCountryCode|publicationDate|publicationKindCode|publicationNumber,UNKNOWN,N
1020047001500,27658259,,DE,DE,DE,,60320548,20030129,60320548,20090813,,,60320548,,,,applicationCountryCode|applicationDate|applicationKindCode|applicationNumber|docdbFamilyID|publicationCountryCode|publicationDate|publicationKindCode|publicationNumber,UNKNOWN,N
1020047001500,27658259,,EP,EP,EP,,03707615,20030129,1495466,20080423,,,03707615,,,,applicationCountryCode|applicationDate|applicationKindCode|applicationNumber|docdbFamilyID|publicationCountryCode|publicationDate|publicationKindCode|publicationNumber,EP,Y
1020047001500,27658259,,EP,EP,EP,,03707615,20030129,1495466,20050112,,,03707615,,,,applicationCountryCode|applicationDate|applicationKindCode|applicationNumber|docdbFamilyID|publicationCountryCode|publicationDate|publicationKindCode|publicationNumber,EP,Y
1020047001500,27658259,,EP,EP,EP,,03707615,20030129,1495466,20050727,,,03707615,,,,applicationCountryCode|applicationDate|applicationKindCode|applicationNumber|docdbFamilyID|publicationCountryCode|publicationDate|publicationKindCode|publicationNumber,EP,Y
1020047001500,27658259,,US,US,US,,5952702,20020129,6773834,20040810,,,5952702,,,,applicationCountryCode|applicationDate|applicationKindCode|applicationNumber|docdbFamilyID|publicationCountryCode|publicationDate|publicationKindCode|publicationNumber,US,Y
1020047001500,27658259,,US,US,US,,5952702,20020129,2002098390,20020725,,,5952702,,,,applicationCountryCode|applicationDate|applicationKindCode|applicationNumber|docdbFamilyID|publicationCountryCode|publicationDate|publicationKindCode|publicationNumber,US,Y
1020047001500,27658259,,WO,WO,WO,,0302801,20030129,03065356,20030807,,,0302801,,,,applicationCountryCode|applicationDate|applicationKindCode|applicationNumber|docdbFamilyID|publicationCountryCode|publicationDate|publicationKindCode|publicationNumber,WO,Y
1020047001500,27658259,,US,US,WO,,0302801,20030129,03065356,20030807,,,0302801,,,,applicationCountryCode|applicationDate|applicationKindCode|applicationNumber|docdbFamilyID|publicationCountryCode|publicationDate|publicationKindCode|publicationNumber,US|WO,Y
1020047001500,27658259,,TW,TW,TW,,92101959,20030129,I234770,20050621,,,92101959,,,,applicationCountryCode|applicationDate|applicationKindCode|applicationNumber|docdbFamilyID|publicationCountryCode|publicationDate|publicationKindCode|publicationNumber,UNKNOWN,N
1020047001500,27658259,,TW,TW,TW,,92101959,20030129,200302456,20030801,,,92101959,,,,applicationCountryCode|applicationDate|applicationKindCode|applicationNumber|docdbFamilyID|publicationCountryCode|publicationDate|publicationKindCode|publicationNumber,UNKNOWN,N
1020047001500,27658259,,MY,MY,MY,,PI20030035,20030106,126680,20061031,,,PI20030035,,,,applicationCountryCode|applicationDate|applicationKindCode|applicationNumber|docdbFamilyID|publicationCountryCode|publicationDate|publicationKindCode|publicationNumber,UNKNOWN,N
1020027017003,24412044,,AU,AU,AU,,6049301,20010601,6049301,20020102,,,6049301,,,,applicationCountryCode|applicationDate|applicationKindCode|applicationNumber|docdbFamilyID|publicationCountryCode|publicationDate|publicationKindCode|publicationNumber,UNKNOWN,N
1020027017003,24412044,,CA,CA,CA,,2392487,20010601,2392487,20011227,,,2392487,,,,applicationCountryCode|applicationDate|applicationKindCode|applicationNumber|docdbFamilyID|publicationCountryCode|publicationDate|publicationKindCode|publicationNumber,UNKNOWN,N
1020027017003,24412044,,CN,CN,CN,,01811550,20010601,1217320,20050831,,,01811550,,,,applicationCountryCode|applicationDate|applicationKindCode|applicationNumber|docdbFamilyID|publicationCountryCode|publicationDate|publicationKindCode|publicationNumber,CN,Y
1020027017003,24412044,,CN,CN,CN,,01811550,20010601,1437748,20030820,,,01811550,,,,applicationCountryCode|applicationDate|applicationKindCode|applicationNumber|docdbFamilyID|publicationCountryCode|publicationDate|publicationKindCode|publicationNumber,CN,Y
1020027017003,24412044,,DE,DE,DE,,60113841,20010601,60113841,20051110,,,60113841,,,,applicationCountryCode|applicationDate|applicationKindCode|applicationNumber|docdbFamilyID|publicationCountryCode|publicationDate|publicationKindCode|publicationNumber,UNKNOWN,N
1020027017003,24412044,,DE,DE,DE,,60113841,20010601,60113841,20060622,,,60113841,,,,applicationCountryCode|applicationDate|applicationKindCode|applicationNumber|docdbFamilyID|publicationCountryCode|publicationDate|publicationKindCode|publicationNumber,UNKNOWN,N
1020027017003,24412044,,EP,EP,EP,,01934189,20010601,1297526,20030402,,,01934189,,,,applicationCountryCode|applicationDate|applicationKindCode|applicationNumber|docdbFamilyID|publicationCountryCode|publicationDate|publicationKindCode|publicationNumber,EP,Y
1020027017003,24412044,,EP,EP,EP,,01934189,20010601,1297526,20051005,,,01934189,,,,applicationCountryCode|applicationDate|applicationKindCode|applicationNumber|docdbFamilyID|publicationCountryCode|publicationDate|publicationKindCode|publicationNumber,EP,Y
1020027017003,24412044,,JP,JP,JP,,2002503864,20010601,2003536199,20031202,,,2002503864,,,,applicationCountryCode|applicationDate|applicationKindCode|applicationNumber|docdbFamilyID|publicationCountryCode|publicationDate|publicationKindCode|publicationNumber,JP,Y
1020027017003,24412044,,JP,JP,JP,,2002503864,20010601,3706103,20051012,,,2002503864,,,,applicationCountryCode|applicationDate|applicationKindCode|applicationNumber|docdbFamilyID|publicationCountryCode|publicationDate|publicationKindCode|publicationNumber,JP,Y
1020027017003,24412044,,US,US,US,,60260900,20000621,6391430,20020521,,,60260900,,,,applicationCountryCode|applicationDate|applicationKindCode|applicationNumber|docdbFamilyID|publicationCountryCode|publicationDate|publicationKindCode|publicationNumber,US,Y
1020027017003,24412044,,US,US,US,,63081803,20030729,RE40726,20090609,,,63081803,,,,applicationCountryCode|applicationDate|applicationKindCode|applicationNumber|docdbFamilyID|publicationCountryCode|publicationDate|publicationKindCode|publicationNumber,US,Y
1020027017003,24412044,,WO,WO,WO,,0102445,20010601,0199100,20011227,,,0102445,,,,applicationCountryCode|applicationDate|applicationKindCode|applicationNumber|docdbFamilyID|publicationCountryCode|publicationDate|publicationKindCode|publicationNumber,WO,Y
1020027017003,24412044,,GB,GB,WO,,0102445,20010601,0199100,20011227,,,0102445,,,,applicationCountryCode|applicationDate|applicationKindCode|applicationNumber|docdbFamilyID|publicationCountryCode|publicationDate|publicationKindCode|publicationNumber,WO,Y
1020027017003,24412044,,TW,TW,TW,,90114723,20010618,508571,20021101,,,90114723,,,,applicationCountryCode|applicationDate|applicationKindCode|applicationNumber|docdbFamilyID|publicationCountryCode|publicationDate|publicationKindCode|publicationNumber,UNKNOWN,N
1020027017003,24412044,,MY,MY,MY,,PI20012791,20010614,127088,20061130,,,PI20012791,,,,applicationCountryCode|applicationDate|applicationKindCode|applicationNumber|docdbFamilyID|publicationCountryCode|publicationDate|publicationKindCode|publicationNumber,UNKNOWN,N
1020160082886,56891529,,CN,CN,CN,,201610826486,20160630,106448728,20170222,,,201610826486,,,,applicationCountryCode|applicationDate|applicationKindCode|applicationNumber|docdbFamilyID|publicationCountryCode|publicationDate|publicationKindCode|publicationNumber,CN,Y
1020160082886,56891529,,CN,CN,CN,,201610826486,20160630,106448728,20190101,,,201610826486,,,,applicationCountryCode|applicationDate|applicationKindCode|applicationNumber|docdbFamilyID|publicationCountryCode|publicationDate|publicationKindCode|publicationNumber,CN,Y
1020160082886,56891529,,DE,DE,DE,,102016008076,20160630,102016008076,20170105,,,102016008076,,,,applicationCountryCode|applicationDate|applicationKindCode|applicationNumber|docdbFamilyID|publicationCountryCode|publicationDate|publicationKindCode|publicationNumber,UNKNOWN,N
1020160082886,56891529,,FR,FR,FR,,1656146,20160630,3038441,20170106,,,1656146,,,,applicationCountryCode|applicationDate|applicationKindCode|applicationNumber|docdbFamilyID|publicationCountryCode|publicationDate|publicationKindCode|publicationNumber,UNKNOWN,N
1020160082886,56891529,,GB,GB,GB,,201611056,20160624,201611056,20160810,,,201611056,,,,applicationCountryCode|applicationDate|applicationKindCode|applicationNumber|docdbFamilyID|publicationCountryCode|publicationDate|publicationKindCode|publicationNumber,UNKNOWN,N
1020160082886,56891529,,GB,GB,GB,,201611056,20160624,2540047,20170104,,,201611056,,,,applicationCountryCode|applicationDate|applicationKindCode|applicationNumber|docdbFamilyID|publicationCountryCode|publicationDate|publicationKindCode|publicationNumber,UNKNOWN,N
1020160082886,56891529,,GB,GB,GB,,201611056,20160624,2540047,20191106,,,201611056,,,,applicationCountryCode|applicationDate|applicationKindCode|applicationNumber|docdbFamilyID|publicationCountryCode|publicationDate|publicationKindCode|publicationNumber,UNKNOWN,N
1020160082886,56891529,,JP,JP,JP,,2018109105,20180607,2018174333,20181108,,,2018109105,,,,applicationCountryCode|applicationDate|applicationKindCode|applicationNumber|docdbFamilyID|publicationCountryCode|publicationDate|publicationKindCode|publicationNumber,JP,Y
1020160082886,56891529,,JP,JP,JP,,2016129337,20160629,6352980,20180704,,,2016129337,,,,applicationCountryCode|applicationDate|applicationKindCode|applicationNumber|docdbFamilyID|publicationCountryCode|publicationDate|publicationKindCode|publicationNumber,JP,Y
1020160082886,56891529,,JP,JP,JP,,2016129337,20160629,2017017322,20170119,,,2016129337,,,,applicationCountryCode|applicationDate|applicationKindCode|applicationNumber|docdbFamilyID|publicationCountryCode|publicationDate|publicationKindCode|publicationNumber,JP,Y
1020160082886,56891529,,US,US,US,,201514788167,20150630,9472281,20161018,,,201514788167,,,,applicationCountryCode|applicationDate|applicationKindCode|applicationNumber|docdbFamilyID|publicationCountryCode|publicationDate|publicationKindCode|publicationNumber,US,Y
1020160082886,56891529,,US,US,US,,201615280110,20160929,10229737,20190312,,,201615280110,,,,applicationCountryCode|applicationDate|applicationKindCode|applicationNumber|docdbFamilyID|publicationCountryCode|publicationDate|publicationKindCode|publicationNumber,US,Y
1020160082886,56891529,,US,US,US,,201615280110,20160929,2017018307,20170119,,,201615280110,,,,applicationCountryCode|applicationDate|applicationKindCode|applicationNumber|docdbFamilyID|publicationCountryCode|publicationDate|publicationKindCode|publicationNumber,US,Y
1020160082886,56891529,,TW,TW,TW,,105120812,20160630,201717200,20170516,,,105120812,,,,applicationCountryCode|applicationDate|applicationKindCode|applicationNumber|docdbFamilyID|publicationCountryCode|publicationDate|publicationKindCode|publicationNumber,UNKNOWN,N
1020160082886,56891529,,TW,TW,TW,,105120812,20160630,I648738,20190121,,,105120812,,,,applicationCountryCode|applicationDate|applicationKindCode|applicationNumber|docdbFamilyID|publicationCountryCode|publicationDate|publicationKindCode|publicationNumber,UNKNOWN,N
1020160082752,56891692,,CN,CN,CN,,201610826808,20160630,106848059,20170613,,,201610826808,,,,applicationCountryCode|applicationDate|applicationKindCode|applicationNumber|docdbFamilyID|publicationCountryCode|publicationDate|publicationKindCode|publicationNumber,CN,Y
1020160082752,56891692,,CN,CN,CN,,201610826808,20160630,106848059,20190820,,,201610826808,,,,applicationCountryCode|applicationDate|applicationKindCode|applicationNumber|docdbFamilyID|publicationCountryCode|publicationDate|publicationKindCode|publicationNumber,CN,Y
1020160082752,56891692,,DE,DE,DE,,102016008075,20160630,102016008075,20170105,,,102016008075,,,,applicationCountryCode|applicationDate|applicationKindCode|applicationNumber|docdbFamilyID|publicationCountryCode|publicationDate|publicationKindCode|publicationNumber,UNKNOWN,N
1020160082752,56891692,,FR,FR,FR,,1656147,20160630,3038449,20170106,,,1656147,,,,applicationCountryCode|applicationDate|applicationKindCode|applicationNumber|docdbFamilyID|publicationCountryCode|publicationDate|publicationKindCode|publicationNumber,UNKNOWN,N
1020160082752,56891692,,GB,GB,GB,,201611062,20160624,201611062,20160810,,,201611062,,,,applicationCountryCode|applicationDate|applicationKindCode|applicationNumber|docdbFamilyID|publicationCountryCode|publicationDate|publicationKindCode|publicationNumber,UNKNOWN,N
1020160082752,56891692,,GB,GB,GB,,201611062,20160624,2540048,20170104,,,201611062,,,,applicationCountryCode|applicationDate|applicationKindCode|applicationNumber|docdbFamilyID|publicationCountryCode|publicationDate|publicationKindCode|publicationNumber,UNKNOWN,N
1020160082752,56891692,,GB,GB,GB,,201709552,20160624,201709552,20170802,,,201709552,,,,applicationCountryCode|applicationDate|applicationKindCode|applicationNumber|docdbFamilyID|publicationCountryCode|publicationDate|publicationKindCode|publicationNumber,UNKNOWN,N
1020160082752,56891692,,GB,GB,GB,,201709552,20160624,2550701,20171129,,,201709552,,,,applicationCountryCode|applicationDate|applicationKindCode|applicationNumber|docdbFamilyID|publicationCountryCode|publicationDate|publicationKindCode|publicationNumber,UNKNOWN,N
1020160082752,56891692,,GB,GB,GB,,201611062,20160624,2540048,20200101,,,201611062,,,,applicationCountryCode|applicationDate|applicationKindCode|applicationNumber|docdbFamilyID|publicationCountryCode|publicationDate|publicationKindCode|publicationNumber,UNKNOWN,N
1020160082752,56891692,,GB,GB,GB,,201709552,20160624,2550701,20200101,,,201709552,,,,applicationCountryCode|applicationDate|applicationKindCode|applicationNumber|docdbFamilyID|publicationCountryCode|publicationDate|publicationKindCode|publicationNumber,UNKNOWN,N
1020160082752,56891692,,JP,JP,JP,,2016129323,20160629,6472773,20190220,,,2016129323,,,,applicationCountryCode|applicationDate|applicationKindCode|applicationNumber|docdbFamilyID|publicationCountryCode|publicationDate|publicationKindCode|publicationNumber,JP,Y
1020160082752,56891692,,JP,JP,JP,,2016129323,20160629,2017017321,20170119,,,2016129323,,,,applicationCountryCode|applicationDate|applicationKindCode|applicationNumber|docdbFamilyID|publicationCountryCode|publicationDate|publicationKindCode|publicationNumber,JP,Y
1020160082752,56891692,,US,US,US,,201514788183,20150630,2017005263,20170105,,,201514788183,,,,applicationCountryCode|applicationDate|applicationKindCode|applicationNumber|docdbFamilyID|publicationCountryCode|publicationDate|publicationKindCode|publicationNumber,US,Y
1020160082752,56891692,,US,US,US,,201615285610,20161005,2017025476,20170126,,,201615285610,,,,applicationCountryCode|applicationDate|applicationKindCode|applicationNumber|docdbFamilyID|publicationCountryCode|publicationDate|publicationKindCode|publicationNumber,US,Y
1020160082752,56891692,,US,US,US,,201514788183,20150630,9595669,20170314,,,201514788183,,,,applicationCountryCode|applicationDate|applicationKindCode|applicationNumber|docdbFamilyID|publicationCountryCode|publicationDate|publicationKindCode|publicationNumber,US,Y
1020160082752,56891692,,US,US,US,,201615285610,20161005,10270030,20190423,,,201615285610,,,,applicationCountryCode|applicationDate|applicationKindCode|applicationNumber|docdbFamilyID|publicationCountryCode|publicationDate|publicationKindCode|publicationNumber,US,Y
1020160082752,56891692,,TW,TW,TW,,105120808,20160630,201714295,20170416,,,105120808,,,,applicationCountryCode|applicationDate|applicationKindCode|applicationNumber|docdbFamilyID|publicationCountryCode|publicationDate|publicationKindCode|publicationNumber,UNKNOWN,N
1020160082752,56891692,,TW,TW,TW,,105120808,20160630,I642177,20181121,,,105120808,,,,applicationCountryCode|applicationDate|applicationKindCode|applicationNumber|docdbFamilyID|publicationCountryCode|publicationDate|publicationKindCode|publicationNumber,UNKNOWN,N
1020160146674,58584825,,CN,CN,CN,,201611272921,20161107,107026234,20170808,,,201611272921,,,,applicationCountryCode|applicationDate|applicationKindCode|applicationNumber|docdbFamilyID|publicationCountryCode|publicationDate|publicationKindCode|publicationNumber,CN,Y
1020160146674,58584825,,DE,DE,DE,,102016013178,20161104,102016013178,20170511,,,102016013178,,,,applicationCountryCode|applicationDate|applicationKindCode|applicationNumber|docdbFamilyID|publicationCountryCode|publicationDate|publicationKindCode|publicationNumber,UNKNOWN,N
1020160146674,58584825,,JP,JP,JP,,2016216314,20161104,2017103453,20170608,,,2016216314,,,,applicationCountryCode|applicationDate|applicationKindCode|applicationNumber|docdbFamilyID|publicationCountryCode|publicationDate|publicationKindCode|publicationNumber,JP,Y
1020160146674,58584825,,US,US,US,,201514935176,20151106,2017133588,20170511,,,201514935176,,,,applicationCountryCode|applicationDate|applicationKindCode|applicationNumber|docdbFamilyID|publicationCountryCode|publicationDate|publicationKindCode|publicationNumber,US,Y
1020150138065,53719013,,CN,CN,CN,,201510881741,20150928,105469809,20160406,,,201510881741,,,,applicationCountryCode|applicationDate|applicationKindCode|applicationNumber|docdbFamilyID|publicationCountryCode|publicationDate|publicationKindCode|publicationNumber,CN,Y
1020150138065,53719013,,CN,CN,CN,,201510881741,20150928,105469809,20181130,,,201510881741,,,,applicationCountryCode|applicationDate|applicationKindCode|applicationNumber|docdbFamilyID|publicationCountryCode|publicationDate|publicationKindCode|publicationNumber,CN,Y
1020150138065,53719013,,EP,EP,EP,,15187046,20150928,3002755,20160406,,,15187046,,,,applicationCountryCode|applicationDate|applicationKindCode|applicationNumber|docdbFamilyID|publicationCountryCode|publicationDate|publicationKindCode|publicationNumber,EP,Y
1020150138065,53719013,,EP,EP,EP,,15187046,20150928,3002755,20160928,,,15187046,,,,applicationCountryCode|applicationDate|applicationKindCode|applicationNumber|docdbFamilyID|publicationCountryCode|publicationDate|publicationKindCode|publicationNumber,EP,Y
1020150138065,53719013,,EP,EP,EP,,15187046,20150928,3002755,20210616,,,15187046,,,,applicationCountryCode|applicationDate|applicationKindCode|applicationNumber|docdbFamilyID|publicationCountryCode|publicationDate|publicationKindCode|publicationNumber,EP,Y
1020150138065,53719013,,JP,JP,JP,,2015189324,20150928,2016071925,20160509,,,2015189324,,,,applicationCountryCode|applicationDate|applicationKindCode|applicationNumber|docdbFamilyID|publicationCountryCode|publicationDate|publicationKindCode|publicationNumber,JP,Y
1020150138065,53719013,,US,US,US,,201414499218,20140928,9099124,20150804,,,201414499218,,,,applicationCountryCode|applicationDate|applicationKindCode|applicationNumber|docdbFamilyID|publicationCountryCode|publicationDate|publicationKindCode|publicationNumber,US,Y
1020150138065,53719013,,SG,SG,SG,,10201507997X,20150925,10201507997X,20160428,,,10201507997X,,,,applicationCountryCode|applicationDate|applicationKindCode|applicationNumber|docdbFamilyID|publicationCountryCode|publicationDate|publicationKindCode|publicationNumber,UNKNOWN,N
1020130151235,50000203,,DE,DE,DE,,102013020712,20131210,102013020712,20140612,,,102013020712,,,,applicationCountryCode|applicationDate|applicationKindCode|applicationNumber|docdbFamilyID|publicationCountryCode|publicationDate|publicationKindCode|publicationNumber,UNKNOWN,N
1020130151235,50000203,,DE,DE,DE,,102013020712,20131210,102013020712,20191205,,,102013020712,,,,applicationCountryCode|applicationDate|applicationKindCode|applicationNumber|docdbFamilyID|publicationCountryCode|publicationDate|publicationKindCode|publicationNumber,UNKNOWN,N
1020130151235,50000203,,GB,GB,GB,,201321469,20131205,201321469,20140122,,,201321469,,,,applicationCountryCode|applicationDate|applicationKindCode|applicationNumber|docdbFamilyID|publicationCountryCode|publicationDate|publicationKindCode|publicationNumber,UNKNOWN,N
1020130151235,50000203,,GB,GB,GB,,201321469,20131205,2508996,20140625,,,201321469,,,,applicationCountryCode|applicationDate|applicationKindCode|applicationNumber|docdbFamilyID|publicationCountryCode|publicationDate|publicationKindCode|publicationNumber,UNKNOWN,N
1020130151235,50000203,,GB,GB,GB,,201321469,20131205,2508996,20140618,,,201321469,,,,applicationCountryCode|applicationDate|applicationKindCode|applicationNumber|docdbFamilyID|publicationCountryCode|publicationDate|publicationKindCode|publicationNumber,UNKNOWN,N
1020130151235,50000203,,GB,GB,GB,,201321469,20131205,2508996,20150930,,,201321469,,,,applicationCountryCode|applicationDate|applicationKindCode|applicationNumber|docdbFamilyID|publicationCountryCode|publicationDate|publicationKindCode|publicationNumber,UNKNOWN,N
1020130151235,50000203,,JP,JP,JP,,2013256009,20131211,5722420,20150520,,,2013256009,,,,applicationCountryCode|applicationDate|applicationKindCode|applicationNumber|docdbFamilyID|publicationCountryCode|publicationDate|publicationKindCode|publicationNumber,JP,Y
1020130151235,50000203,,JP,JP,JP,,2013256009,20131211,2014120196,20140630,,,2013256009,,,,applicationCountryCode|applicationDate|applicationKindCode|applicationNumber|docdbFamilyID|publicationCountryCode|publicationDate|publicationKindCode|publicationNumber,JP,Y
1020130151235,50000203,,US,US,US,,201213712956,20121212,8812934,20140819,,,201213712956,,,,applicationCountryCode|applicationDate|applicationKindCode|applicationNumber|docdbFamilyID|publicationCountryCode|publicationDate|publicationKindCode|publicationNumber,US,Y
1020130151235,50000203,,US,US,US,,201213712956,20121212,2014164873,20140612,,,201213712956,,,,applicationCountryCode|applicationDate|applicationKindCode|applicationNumber|docdbFamilyID|publicationCountryCode|publicationDate|publicationKindCode|publicationNumber,US,Y
1020130021189,48092097,,CN,CN,CN,,201310164988,20130301,103294412,20130911,,,201310164988,,,,applicationCountryCode|applicationDate|applicationKindCode|applicationNumber|docdbFamilyID|publicationCountryCode|publicationDate|publicationKindCode|publicationNumber,CN,Y
1020130021189,48092097,,CN,CN,CN,,201310164988,20130301,103294412,20180216,,,201310164988,,,,applicationCountryCode|applicationDate|applicationKindCode|applicationNumber|docdbFamilyID|publicationCountryCode|publicationDate|publicationKindCode|publicationNumber,CN,Y
1020130021189,48092097,,DE,DE,DE,,102013003474,20130228,102013003474,20130905,,,102013003474,,,,applicationCountryCode|applicationDate|applicationKindCode|applicationNumber|docdbFamilyID|publicationCountryCode|publicationDate|publicationKindCode|publicationNumber,UNKNOWN,N
1020130021189,48092097,,GB,GB,GB,,201303376,20130226,201303376,20130410,,,201303376,,,,applicationCountryCode|applicationDate|applicationKindCode|applicationNumber|docdbFamilyID|publicationCountryCode|publicationDate|publicationKindCode|publicationNumber,UNKNOWN,N
1020130021189,48092097,,GB,GB,GB,,201303376,20130226,2499905,20130904,,,201303376,,,,applicationCountryCode|applicationDate|applicationKindCode|applicationNumber|docdbFamilyID|publicationCountryCode|publicationDate|publicationKindCode|publicationNumber,UNKNOWN,N
1020130021189,48092097,,GB,GB,GB,,201303376,20130226,2499905,20140924,,,201303376,,,,applicationCountryCode|applicationDate|applicationKindCode|applicationNumber|docdbFamilyID|publicationCountryCode|publicationDate|publicationKindCode|publicationNumber,UNKNOWN,N
1020130021189,48092097,,US,US,US,,201213410089,20120301,8909859,20141209,,,201213410089,,,,applicationCountryCode|applicationDate|applicationKindCode|applicationNumber|docdbFamilyID|publicationCountryCode|publicationDate|publicationKindCode|publicationNumber,US,Y
1020130021189,48092097,,US,US,US,,201213410089,20120301,2013232292,20130905,,,201213410089,,,,applicationCountryCode|applicationDate|applicationKindCode|applicationNumber|docdbFamilyID|publicationCountryCode|publicationDate|publicationKindCode|publicationNumber,US,Y
1020130066527,49755676,,CN,CN,CN,,201310232082,20130613,103489456,20140101,,,201310232082,,,,applicationCountryCode|applicationDate|applicationKindCode|applicationNumber|docdbFamilyID|publicationCountryCode|publicationDate|publicationKindCode|publicationNumber,CN,Y
1020130066527,49755676,,US,US,US,,201213495513,20120613,2013335852,20131219,,,201213495513,,,,applicationCountryCode|applicationDate|applicationKindCode|applicationNumber|docdbFamilyID|publicationCountryCode|publicationDate|publicationKindCode|publicationNumber,US,Y
1020130066527,49755676,,US,US,US,,201213495513,20120613,8630057,20140114,,,201213495513,,,,applicationCountryCode|applicationDate|applicationKindCode|applicationNumber|docdbFamilyID|publicationCountryCode|publicationDate|publicationKindCode|publicationNumber,US,Y
1020070055023,38093011,,CN,CN,CN,,200710108214,20070604,101086893,20071212,,,200710108214,,,,applicationCountryCode|applicationDate|applicationKindCode|applicationNumber|docdbFamilyID|publicationCountryCode|publicationDate|publicationKindCode|publicationNumber,CN,Y
1020070055023,38093011,,EP,EP,EP,,07007193,20070405,1865509,20071212,,,07007193,,,,applicationCountryCode|applicationDate|applicationKindCode|applicationNumber|docdbFamilyID|publicationCountryCode|publicationDate|publicationKindCode|publicationNumber,EP,Y
1020070055023,38093011,,EP,EP,EP,,07007193,20070405,1865509,20090121,,,07007193,,,,applicationCountryCode|applicationDate|applicationKindCode|applicationNumber|docdbFamilyID|publicationCountryCode|publicationDate|publicationKindCode|publicationNumber,EP,Y
1020070055023,38093011,,JP,JP,JP,,2006158277,20060607,2007328851,20071220,,,2006158277,,,,applicationCountryCode|applicationDate|applicationKindCode|applicationNumber|docdbFamilyID|publicationCountryCode|publicationDate|publicationKindCode|publicationNumber,JP,Y
1020070055023,38093011,,US,US,US,,81138307,20070607,7876527,20110125,,,81138307,,,,applicationCountryCode|applicationDate|applicationKindCode|applicationNumber|docdbFamilyID|publicationCountryCode|publicationDate|publicationKindCode|publicationNumber,US,Y
1020070055023,38093011,,US,US,US,,81138307,20070607,2008024908,20080131,,,81138307,,,,applicationCountryCode|applicationDate|applicationKindCode|applicationNumber|docdbFamilyID|publicationCountryCode|publicationDate|publicationKindCode|publicationNumber,US,Y
1020070055023,38093011,,TW,TW,TW,,96115798,20070504,200805313,20080116,,,96115798,,,,applicationCountryCode|applicationDate|applicationKindCode|applicationNumber|docdbFamilyID|publicationCountryCode|publicationDate|publicationKindCode|publicationNumber,UNKNOWN,N
1020070055023,38093011,,SG,SG,SG,,2007040462,20070606,138538,20080128,,,2007040462,,,,applicationCountryCode|applicationDate|applicationKindCode|applicationNumber|docdbFamilyID|publicationCountryCode|publicationDate|publicationKindCode|publicationNumber,UNKNOWN,N
1020060037288,36763721,,CN,CN,CN,,200610077134,20060427,100479035,20090415,,,200610077134,,,,applicationCountryCode|applicationDate|applicationKindCode|applicationNumber|docdbFamilyID|publicationCountryCode|publicationDate|publicationKindCode|publicationNumber,CN,Y
1020060037288,36763721,,CN,CN,CN,,200610077134,20060427,1862663,20061115,,,200610077134,,,,applicationCountryCode|applicationDate|applicationKindCode|applicationNumber|docdbFamilyID|publicationCountryCode|publicationDate|publicationKindCode|publicationNumber,CN,Y
1020060037288,36763721,,EP,EP,EP,,06004838,20060309,1720155,20070829,,,06004838,,,,applicationCountryCode|applicationDate|applicationKindCode|applicationNumber|docdbFamilyID|publicationCountryCode|publicationDate|publicationKindCode|publicationNumber,EP,Y
1020060037288,36763721,,EP,EP,EP,,06004838,20060309,1720155,20061108,,,06004838,,,,applicationCountryCode|applicationDate|applicationKindCode|applicationNumber|docdbFamilyID|publicationCountryCode|publicationDate|publicationKindCode|publicationNumber,EP,Y
1020060037288,36763721,,JP,JP,JP,,2006119007,20060424,2006309929,20061109,,,2006119007,,,,applicationCountryCode|applicationDate|applicationKindCode|applicationNumber|docdbFamilyID|publicationCountryCode|publicationDate|publicationKindCode|publicationNumber,JP,Y
1020060037288,36763721,,US,US,US,,11679605,20050427,7551396,20090623,,,11679605,,,,applicationCountryCode|applicationDate|applicationKindCode|applicationNumber|docdbFamilyID|publicationCountryCode|publicationDate|publicationKindCode|publicationNumber,US,Y
1020060037288,36763721,,US,US,US,,11679605,20050427,2006245109,20061102,,,11679605,,,,applicationCountryCode|applicationDate|applicationKindCode|applicationNumber|docdbFamilyID|publicationCountryCode|publicationDate|publicationKindCode|publicationNumber,US,Y
1020060037288,36763721,,SG,SG,SG,,200602271,20060405,126857,20061129,,,200602271,,,,applicationCountryCode|applicationDate|applicationKindCode|applicationNumber|docdbFamilyID|publicationCountryCode|publicationDate|publicationKindCode|publicationNumber,UNKNOWN,N
1020060037288,36763721,,TW,TW,TW,,95109917,20060322,200643922,20061216,,,95109917,,,,applicationCountryCode|applicationDate|applicationKindCode|applicationNumber|docdbFamilyID|publicationCountryCode|publicationDate|publicationKindCode|publicationNumber,UNKNOWN,N
1020060080112,37697987,,CN,CN,CN,,200610121483,20060824,100468933,20090311,,,200610121483,,,,applicationCountryCode|applicationDate|applicationKindCode|applicationNumber|docdbFamilyID|publicationCountryCode|publicationDate|publicationKindCode|publicationNumber,CN,Y
1020060080112,37697987,,CN,CN,CN,,200610121483,20060824,101034848,20070912,,,200610121483,,,,applicationCountryCode|applicationDate|applicationKindCode|applicationNumber|docdbFamilyID|publicationCountryCode|publicationDate|publicationKindCode|publicationNumber,CN,Y
1020060080112,37697987,,EP,EP,EP,,06253669,20060713,1770848,20070404,,,06253669,,,,applicationCountryCode|applicationDate|applicationKindCode|applicationNumber|docdbFamilyID|publicationCountryCode|publicationDate|publicationKindCode|publicationNumber,EP,Y
1020060080112,37697987,,EP,EP,EP,,06253669,20060713,1770848,20080430,,,06253669,,,,applicationCountryCode|applicationDate|applicationKindCode|applicationNumber|docdbFamilyID|publicationCountryCode|publicationDate|publicationKindCode|publicationNumber,EP,Y
1020060080112,37697987,,JP,JP,JP,,2006260580,20060926,2007104894,20070419,,,2006260580,,,,applicationCountryCode|applicationDate|applicationKindCode|applicationNumber|docdbFamilyID|publicationCountryCode|publicationDate|publicationKindCode|publicationNumber,JP,Y
1020060080112,37697987,,US,US,US,,24104605,20050930,2007078568,20070405,,,24104605,,,,applicationCountryCode|applicationDate|applicationKindCode|applicationNumber|docdbFamilyID|publicationCountryCode|publicationDate|publicationKindCode|publicationNumber,US,Y
1020060080112,37697987,,US,US,US,,24104605,20050930,7957847,20110607,,,24104605,,,,applicationCountryCode|applicationDate|applicationKindCode|applicationNumber|docdbFamilyID|publicationCountryCode|publicationDate|publicationKindCode|publicationNumber,US,Y
1020060080112,37697987,,TW,TW,TW,,95127215,20060726,200712820,20070401,,,95127215,,,,applicationCountryCode|applicationDate|applicationKindCode|applicationNumber|docdbFamilyID|publicationCountryCode|publicationDate|publicationKindCode|publicationNumber,UNKNOWN,N
1020050062226,35124424,,CN,CN,CN,,200510083648,20050713,100337272,20070912,,,200510083648,,,,applicationCountryCode|applicationDate|applicationKindCode|applicationNumber|docdbFamilyID|publicationCountryCode|publicationDate|publicationKindCode|publicationNumber,CN,Y
1020050062226,35124424,,CN,CN,CN,,200510083648,20050713,1734560,20060215,,,200510083648,,,,applicationCountryCode|applicationDate|applicationKindCode|applicationNumber|docdbFamilyID|publicationCountryCode|publicationDate|publicationKindCode|publicationNumber,CN,Y
1020050062226,35124424,,EP,EP,EP,,05105265,20050615,1619514,20090603,,,05105265,,,,applicationCountryCode|applicationDate|applicationKindCode|applicationNumber|docdbFamilyID|publicationCountryCode|publicationDate|publicationKindCode|publicationNumber,EP,Y
1020050062226,35124424,,EP,EP,EP,,05105265,20050615,1619514,20060125,,,05105265,,,,applicationCountryCode|applicationDate|applicationKindCode|applicationNumber|docdbFamilyID|publicationCountryCode|publicationDate|publicationKindCode|publicationNumber,EP,Y
1020050062226,35124424,,JP,JP,JP,,2005208171,20050719,2006041515,20060209,,,2005208171,,,,applicationCountryCode|applicationDate|applicationKindCode|applicationNumber|docdbFamilyID|publicationCountryCode|publicationDate|publicationKindCode|publicationNumber,JP,Y
1020050062226,35124424,,JP,JP,JP,,2005208171,20050719,5153064,20130227,,,2005208171,,,,applicationCountryCode|applicationDate|applicationKindCode|applicationNumber|docdbFamilyID|publicationCountryCode|publicationDate|publicationKindCode|publicationNumber,JP,Y
1020050062226,35124424,,US,US,US,,89745404,20040722,7295406,20071113,,,89745404,,,,applicationCountryCode|applicationDate|applicationKindCode|applicationNumber|docdbFamilyID|publicationCountryCode|publicationDate|publicationKindCode|publicationNumber,US,Y
1020050062226,35124424,,US,US,US,,87265207,20071015,7508635,20090324,,,87265207,,,,applicationCountryCode|applicationDate|applicationKindCode|applicationNumber|docdbFamilyID|publicationCountryCode|publicationDate|publicationKindCode|publicationNumber,US,Y
1020050062226,35124424,,US,US,US,,34572408,20081230,7738219,20100615,,,34572408,,,,applicationCountryCode|applicationDate|applicationKindCode|applicationNumber|docdbFamilyID|publicationCountryCode|publicationDate|publicationKindCode|publicationNumber,US,Y
1020050062226,35124424,,US,US,US,,87265207,20071015,2008037180,20080214,,,87265207,,,,applicationCountryCode|applicationDate|applicationKindCode|applicationNumber|docdbFamilyID|publicationCountryCode|publicationDate|publicationKindCode|publicationNumber,US,Y
1020050062226,35124424,,US,US,US,,34572408,20081230,2009128963,20090521,,,34572408,,,,applicationCountryCode|applicationDate|applicationKindCode|applicationNumber|docdbFamilyID|publicationCountryCode|publicationDate|publicationKindCode|publicationNumber,US,Y
1020050062226,35124424,,US,US,US,,89745404,20040722,2006018054,20060126,,,89745404,,,,applicationCountryCode|applicationDate|applicationKindCode|applicationNumber|docdbFamilyID|publicationCountryCode|publicationDate|publicationKindCode|publicationNumber,US,Y
1020050062226,35124424,,TW,TW,TW,,94117289,20050526,200617900,20060601,,,94117289,,,,applicationCountryCode|applicationDate|applicationKindCode|applicationNumber|docdbFamilyID|publicationCountryCode|publicationDate|publicationKindCode|publicationNumber,UNKNOWN,N
