application_number,open_number,register_number,register_status,final_disposal,invention_title,right_holder,claim_no,claim_text,claim_char_len,is_dependent_estimated,is_independent_estimated,dependency_source
1019980041433,1020000024756,1002948060000,소멸,소멸,각도조정이 가능한 고가용 작업대,주식회사 케이엔월덱스,1,"1. <P INDENT=""14"" ALIGN=""JUSTIFIED"">평면에서 보아 전체적으로 'ㄷ'자 형상을 이루는 베이스와,</P><P INDENT=""14"" ALIGN=""JUSTIFIED"">이 베이스에 설치되는 제 1구동수단에 의하여 상기 베이스 상에서 전후 직선운동이 가능하게 설치되는 작동판과, </P><P INDENT=""14"" ALIGN=""JUSTIFIED"">상기 베이스 및 작동판의 설정된 기울기를 유지하기 위하여 상기 작동판 후면 좌·우에 2개 1조로 설치되는 제 2구동수단과,</P><P INDENT=""14"" ALIGN=""JUSTIFIED"">상기 제 2구동수단의 일단은 크레인 프레임에 설치되는 제2구동수단 고정 브라케트에 연결고정되어 있으며,</P><P INDENT=""14"" ALIGN=""JUSTIFIED"">상기 베이스 상의 소정 위치에 수직으로 설치되는 다수개의 포스트와,</P><P INDENT=""14"" ALIGN=""JUSTIFIED"">상기 다수개의 포스트의 상끝단에 회전운동이 자유롭게 설치되는 도르래 고정판 지지프레임과,</P><P INDENT=""14"" ALIGN=""JUSTIFIED"">상기 도르래 고정판 지지프레임의 중앙부에 고정설치되는 도르래 고정판과,</P><P INDENT=""14"" ALIGN=""JUSTIFIED"">상기 도르래 고정판에 설치되는 다수개의 도르래와,</P><P INDENT=""14"" ALIGN=""JUSTIFIED"">크레인 프레임에 고정설치되기 위하여 상기 도르래 고정판 지지 프레임 부근에 설치되는 작업대 고정받침판과,</P><P INDENT=""14"" ALIGN=""JUSTIFIED"">상기 베이스 전면에 좌우 이동 및 상하 각도 조정이 가능하게 설치한 유리창문 흡착기구로 구성되는 것을 특징으로 하는 각도조정이 가능한 고가용 작업대. </P><CLAIM N=""2""><P INDENT=""14"" ALIGN=""JUSTIFIED"">제 1항에 있어서, 상기 제 1 구동수단 및 제 2구동수단은, 공압실린더인 것을 특징으로 하는 각도조정이 가능한 고가용 작업대.</P><CLAIM N=""3""><P INDENT=""14"" ALIGN=""JUSTIFIED"">제 1항에 있어서, 상기 제 1 구동수단 및 제 2구동수단은, 유압실린더인 것을 특징으로 하는 각도조정이 가능한 고가용 작업대.</P><CLAIM N=""4""><P INDENT=""14"" ALIGN=""JUSTIFIED"">제 1항에 있어서, 상기 다수개의 포스트는, 상부단이 일측방향으로 구부러진 것을 특징으로 하는 각도조정이 가능한 고가용 작업대.</P><CLAIM N=""5""><P INDENT=""14"" ALIGN=""JUSTIFIED"">제 1항에 있어서, 상기 회전운동이 자유로운 도르래 고정판 지지프레임은, 상기 다수개의 포스트 상부에 형성된 삽입홈에 연결핀을 끼워 고정되는 것을 특징으로 하는 각도조정이 가능한 고가용 작업대.</P><CLAIM N=""6""><P INDENT=""14"" ALIGN=""JUSTIFIED"">제 1항에 있어서, 상기 흡착기구는, 리드스크류 지지프레임에 회전 가능하게 설치되는 리드스크류와, 이 리드스크류의 양끝단에 부착된 조정핸들에 의하여 흡착기구 연결판이 좌우로 이동가능하게 구성된 것을 특징으로 하는 각도조정이 가능한 고가용 작업대.</P><CLAIM N=""7""><P INDENT=""14"" ALIGN=""JUSTIFIED"">제 6항에 있어서, 상기 흡착기구는, 상기 리드스크류의 상하에 적어도 2개의 흡착기구 연결판 가이드체를 더 구비하는 것을 특징으로 하는 각도조정이 가능한 고가용 작업대.</P><CLAIM N=""8""><P INDENT=""14"" ALIGN=""JUSTIFIED"">제 6항에 있어서, 상기 흡착기구 연결판은, 회전운동이 자유롭도록 1개의 연결핀으로 고정되는 것을 특징으로 하는 각도조정이 가능한 고가용 작업대. </P><CLAIM N=""9""><P INDENT=""14"" ALIGN=""JUSTIFIED"">제 6항에 있어서, 상기 흡착기구 연결판은, 소정의 구동수단에 연결된 와이어 로우프와 연결되어 작업자의 조작에 의하여 흡착기구에 흡착된 자재의 설치각도를 조정 가능하게 된 것을 특징으로 하는 각도조정이 가능한 고가용 작업대.</P><CLAIM N=""10""><P INDENT=""14"" ALIGN=""JUSTIFIED"">제 1항에 있어서, 상기 작업대 작동판은, 그 전면에 제 3구동수단에 의하여 작동되는 보조 발판이 추가로 설치되어 있는 것을 특징으로 하는 각도조정이 가능한 고가용 작업대.</P><CLAIM N=""11""><P INDENT=""14"" ALIGN=""JUSTIFIED"">제 10항에 있어서, 상기 제 3구동수단은 유압실린더인 것을 특징으로 하는 각도조정이 가능한 고가용 작업대.</P><CLAIM N=""12""><P INDENT=""14"" ALIGN=""JUSTIFIED"">제 10항에 있어서, 상기 제 3구동수단은 공압실린더인 것을 특징으로 하는 각도조정이 가능한 고가용 작업대.</P><CLAIM N=""13""><P INDENT=""14"" ALIGN=""JUSTIFIED"">제 1항에 있어서, 상기 작업대 작동판은, 그 외곽에 작업자 안전용 난간이 더 구비되는 것을 특징으로 하는 각도조정이 가능한 고가용 작업대.</P><CLAIM N=""14""><P INDENT=""14"" ALIGN=""JUSTIFIED"">제 1항에 있어서, 상기 브라케트는, 몇 개의 조합된 엘레멘트로 구성되고 소정의 고정수단으로 이들 엘레멘트와 크레인 프레임을 상호 고정하는 것을 특징으로 하는 각도조절이 가능한 고가용 작업대. </P><CLAIM N=""15""><P INDENT=""14"" ALIGN=""JUSTIFIED"">제 14항에 있어서, 상기 몇 개의 엘레멘트는, 제 1엘레멘트와 제 2엘레멘트이며, 상기 제 1엘레멘트는 양측에 외향 돌출된 연결편을 가지는 2장 1조의 금속판이고, 제 2엘레멘트는 평판형상으로 된 2장 1조의 된 금속판인 것을 특징으로 하는 각도조정이 가능한 고가용 작업대</P><CLAIM N=""16""><P INDENT=""14"" ALIGN=""JUSTIFIED"">제 14항에 있어서, 상기 고정수단은, 볼트와 너트인 것을 특징으로 하는 각도조정이 가능한 고가용 작업대.</P>",3015,True,False,explicit_or_regex_estimated
1020057004946,1020050084573,1007107040000,소멸,소멸,플라즈마 챔버 캐소드의 관통구멍 폴리싱 방법과 장치,주식회사 월덱스,1,"1. 일정 두께의 규소 원판으로 형성되고 0.5mm이내 직경의 관통구멍(21)들이 형성되는 반도체 웨이버 가공용 플라즈마 챔버의 캐소드의 관통 내주면을 가공함에 있어서, 상기 캐소드(20)를 분사노즐(31)이 형성되는 분사기(30) 상부에 지그(a)를 이용하여 고정시키고, 상기 분사노즐(31)을 통해 일정압력의 연마용액을 공기와 함께 분사시켜 연마용액이 상기 캐소드의 관통구멍(21)의 내주면(21a)을 관통하며 내주면 표면을 연마하도록 하는 것을 특징으로 하는 플라즈마 챔버 캐소드의 관통구멍 폴리싱방법.",284,False,True,explicit_or_regex_estimated
1020057004946,1020050084573,1007107040000,소멸,소멸,플라즈마 챔버 캐소드의 관통구멍 폴리싱 방법과 장치,주식회사 월덱스,2,"2. 일정 두께의 규소 원판으로 형성되고 0.5mm이내 직경의 관통구멍(21)들이 형성되는 반도체 웨이버 가공용 플라즈마 챔버의 캐소드의 관통 내주면을 가공하는 장치에 있어서, 상기 캐소드(20)가 착탈 가능하게 덮이도록 상부가 개방되고 내주면에 복수개의 분사노즐(31)이 일정 경사를 두고 내부로 향하여 형성되는 복수개의 분사기(30)가 본체(40) 상부에 소정 간격을 두고 설치되고, 착탈이 가능한 지그(a)와 상기 각 분사기(30)의 분사노즐(31)들이 콤프레샤(50)와 펌프(60)에 연동되게 연결되며, 각 분사기(30)의 하부에 연마용액이 저장되는 탱크(70)가 상기 펌프(60)에 연동되게 연결되는 것을 특징으로 하는 플라즈마 챔버 캐소드의 관통구멍 폴리싱장치",375,False,True,explicit_or_regex_estimated
1020057004946,1020050084573,1007107040000,소멸,소멸,플라즈마 챔버 캐소드의 관통구멍 폴리싱 방법과 장치,주식회사 월덱스,3,"3. 제1항에 있어서, 연마용액은 물과 탄화규소(SiC)파우다 및 절삭유를 혼합하여 만드는 것을 특징으로 하는 플라즈마 챔버 캐소드의 관통구멍 폴리싱방법",85,True,False,explicit_or_regex_estimated
1020057004946,1020050084573,1007107040000,소멸,소멸,플라즈마 챔버 캐소드의 관통구멍 폴리싱 방법과 장치,주식회사 월덱스,4,"4. 제1항에 있어서, 지그(a)는 다이아몬드드릴로 천공된 캐소드(20)의 구멍(21)과 지그의 관통부(1a)가 일치하도록 하여 상하부면으로 일착 대응시켜 캐소드(20)를 고정시키는 것으로 구멍의 크기가 캐소드의 관통면보다 크게 구성되는 구멍(1a)을 가지는 원판형의 금속제인 것을 특징으로 하는 플라즈마 챔버 캐소드의 관통구멍 폴리싱방법",189,True,False,explicit_or_regex_estimated
1020057004946,1020050084573,1007107040000,소멸,소멸,플라즈마 챔버 캐소드의 관통구멍 폴리싱 방법과 장치,주식회사 월덱스,5,"5. 제1항에 있어서, 연마제의 크기를 다르게 하여 반복하여 캐소드의 내주면을 폴리싱하는 것을 특징으로 하는 것을 특징으로 하는 플라즈마 챔버 캐소드의 관통구멍 폴리싱방법",95,True,False,explicit_or_regex_estimated
1020060072177,,1007446390000,등록,등록,실리콘 단일재질의 플라즈마 챔버 캐소드 및 아웃링,주식회사 월덱스,1,"1. 반도체 에칭공정에 사용되며 일정간격을 두고 관통구멍(40)이 조밀하게 구성되고 캐소드에 있어서, 씽글크리스탈 재질의 실리콘으로 단일 구성하고, 애노드와 결착되는 부분으로 원형의 홈선(20) 및 홈(30)으로 구성되는 것을 포함하는 실리콘 단일재질의 캐소드.",146,False,True,explicit_or_regex_estimated
1020060072177,,1007446390000,등록,등록,실리콘 단일재질의 플라즈마 챔버 캐소드 및 아웃링,주식회사 월덱스,2,"2. 제 1항에 있어서, 상기 링 홈선(20) 및 플레이트 홈(30)에 삽입, 안착되고 표면에 관통구멍(40)이 조밀하게 구성되고 링 홈선(20) 및 플레이트 홈(30)의 넓이와 두께보다 작게 구성하고 재질은 실리콘 일체형으로 구성되는 플레이트(60) 및 링(70)으로 구성되는 것을 포함하는 실리콘 단일재질의 캐소드.",178,True,False,explicit_or_regex_estimated
1020060072177,,1007446390000,등록,등록,실리콘 단일재질의 플라즈마 챔버 캐소드 및 아웃링,주식회사 월덱스,3,"3. 반도체 에칭공정에 사용되며 일정간격을 두고 관통구멍(40)이 조밀하게 구성되고 캐소드의 아웃링에 있어서, 일정 직경의 링의 형태를 가지며 재질은 상부로 하나의 씽글크리스탈재질의 실리콘 원판에 분할된 폴리크리스탈재질의 실리콘을 결착시켜 구성하고 표면에 일정간격을 두고 관통구멍(40)이 조밀하게 구성되고 상기 상부에 아웃링 플레이트 홈(90)이 구성되는 것을 포함하는 실리콘 단일재질의 아웃링.",222,False,True,explicit_or_regex_estimated
1020060072177,,1007446390000,등록,등록,실리콘 단일재질의 플라즈마 챔버 캐소드 및 아웃링,주식회사 월덱스,4,"4. 제 3항에 있어서, 상기 아웃링 플레이트 홈(90)에 삽입, 안착되고 아웃링 플레이트 홈(90)의 넓이와 두께보다 작게 구성하고 재질은 싱클크리스탈 실리콘 또는 폴리크리스탈 실리콘으로 구성되는 아웃링 플레이트(100)로 구성되는 것을 포함하는 실리콘 단일재질의 아웃링",152,True,False,explicit_or_regex_estimated
1020060072177,,1007446390000,등록,등록,실리콘 단일재질의 플라즈마 챔버 캐소드 및 아웃링,주식회사 월덱스,5,"5. 반도체 에칭공정에 사용되는 캐소드의 아웃링에 있어서, 일정 직경의 링의 형태를 가지며 재질은 상부로 하나의 씽글크리스탈재질의 실리콘 원판에 분할된 폴리크리스탈재질의 실리콘을 결착시켜 구성하고 표면에 일정간격을 두고 관통구멍(40)이 조밀하게 구성되고, 애노드와 결착되는 상부 면 전체에 걸쳐 원형의 작은 홈(130)이 다수개 연속적으로 구성된 띠를 동일 간격으로 연속 구성한 것을 포함하는 실리콘 단일재질의 아웃링",234,False,True,explicit_or_regex_estimated
1020060072177,,1007446390000,등록,등록,실리콘 단일재질의 플라즈마 챔버 캐소드 및 아웃링,주식회사 월덱스,6,"6. 제 5항에 있어서, 원형의 작은 홈(130)은 넓은면을 가지는 파여진 홈이 아니라 선형으로 구성되는 것을 포함하는 실리콘 단일재질의 아웃링",80,True,False,explicit_or_regex_estimated
1020070052092,1020080104786,1008945750000,소멸,소멸,태양전지모듈이 적용된 커튼월 시스템,주식회사 케이엔월덱스,1,"1. 태양전지모듈(100)을 장방형 모듈프레임(210)에 조립하여 태양전지모듈 패널(200)를 구성하고, 건물의 스팬드럴 부분에 설치하여 태양광으로 전기에너지를 생산하도록 구성되되;상기 태양전지모듈 패널(200)은,유리 지지부(210a)가 내측 하부에 구비되고 비드 결합부(210b)가 외측 상부에 구비되며 장방형으로 조립되는 모듈프레임(210)과;상기 모듈프레임(210)의 비드 결합부(210b)에 결합되고 유리 지지부(213a)가 하단부에 구비되는 글레이징 비드(213)와;상기 모듈프레임(210)의 유리 지지부(210a)와 상기 글레이징 비드(213)의 유리 지지부(213a)에 각각 삽입되어 상기 태양전지모듈(100)의 내,외면에 밀착되는 글레이징 가스켓(214a),(214b)을 포함하여 구성된 것을 특징으로 하는 태양전지모듈이 적용된 커튼월 시스템.",425,False,True,explicit_or_regex_estimated
1020070052092,1020080104786,1008945750000,소멸,소멸,태양전지모듈이 적용된 커튼월 시스템,주식회사 케이엔월덱스,2,"2. 제 1 항에 있어서, 상기 태양전지모듈 패널(200)은 G/G 타입 태양전지모듈(100)과 복층유리 타입 태양전지모듈(100) 중 어느 하나를 상기 모듈프레임(210)에 조립하고, 상기 태양전지모듈(100)에 연결된 전선(103)과 커넥터(104)를 상기 태양전지모듈 패널(200) 상부로 인출하여 구성된 것을 특징으로 하는 태양전지모듈이 적용된 커튼월 시스템.",205,True,False,explicit_or_regex_estimated
1020070052092,1020080104786,1008945750000,소멸,소멸,태양전지모듈이 적용된 커튼월 시스템,주식회사 케이엔월덱스,3,"3. 제 1 항에 있어서, 상기 모듈프레임(210)의 주연부 중간에 폴리우레탄 단열시스템(211)이 적용되어 구성된 것을 특징으로 하는 태양전지모듈이 적용된 커튼월 시스템.",96,True,False,explicit_or_regex_estimated
1020070052092,1020080104786,1008945750000,소멸,소멸,태양전지모듈이 적용된 커튼월 시스템,주식회사 케이엔월덱스,5,"5. 태양전지모듈(100)을 장방형 모듈프레임(210)에 조립하여 태양전지모듈 패널(200)를 구성하고, 건물의 스팬드럴 부분에 설치하여 태양광으로 전기에너지를 생산하도록 구성되되;상기 모듈프레임(210)의 중간부에 형성한 배선함 수용부(210c)의 내부에 접속배선박스(102)가 숨겨져 설치되고, 상기 배선함 수용부(210c) 외벽에 형성한 배선공(210d)에는 상기 접속배선박스(102)에 연결되어 인출되는 전선(103)과 커넥터(104)를 보호하기 위한 원형 고무 부싱(212)이 결합되어 구성된 것을 특징으로 하는 태양전지모듈이 적용된 커튼월 시스템.",312,False,True,explicit_or_regex_estimated
1020070052092,1020080104786,1008945750000,소멸,소멸,태양전지모듈이 적용된 커튼월 시스템,주식회사 케이엔월덱스,6,"6. 태양전지모듈(100)을 장방형 모듈프레임(210)에 조립하여 태양전지모듈 패널(200)를 구성하고, 건물의 스팬드럴 부분에 설치하여 태양광으로 전기에너지를 생산하도록 구성되되;상기 태양전지모듈 패널(200)을 장착하여 실내 측에서 배선작업을 할 수 있도록 상기 태양전지모듈 패널(200) 내측에 배치되는 백 패널(307)의 양측면 상단부에 배관홈(307a)을 형성함과 아울러, 이 배관홈(307a) 외측으로 새들(312)을 고정하고, 상기 새들(312) 내측으로 PVC 파이프(309)를 고정하여 전선통로를 확보하도록 구성된 것을 특징으로 하는 태양전지모듈이 적용된 커튼월 시스템.",328,False,True,explicit_or_regex_estimated
1020070052838,,1008719240000,소멸,소멸,창호 부착용 자연환기 장치,주식회사 케이엔월덱스,6,"6. 내ㆍ외부 프레임(110,120)과, 상기 내ㆍ외부 프레임(110,120)의 내측 공기 통로(100)에 유입되는 공기를 조절하기 위해 설치되는 공기 조절구(130)로 이루어진 환기부(100)와; 상기 환기부(100)의 양단부에 끼워지는 프레임(210)과, 상기 프레임(210)에 회동 가능하게 결합되고 상기 공기 조절구(130)와 연결되어 유입되는 공기를 조절하는 회동구(220)와, 상기 회동구(220)에 결합되는 환기 조절이 가능한 공기 조절용 레버(230)로 이루어진 조절부(200)를 포함하여 구성되는 창호 부착용 자연환기 장치에 있어서;상기 회동구(220)에는 열림시 형광 테이프가 보이고, 닫힘시 일반 테이프가 보이도록 형성된 주,야간 개폐 식별 표시기(221)가 더 구비된 것을 특징으로 하는 창호 부착용 자연환기 장치.",412,False,True,explicit_or_regex_estimated
1020070052838,,1008719240000,소멸,소멸,창호 부착용 자연환기 장치,주식회사 케이엔월덱스,10,"10. 청구항 6에 있어서,상기 환기부(100)의 내부 프레임(110) 전면에는 다양한 천공 무늬가 형성된 실내 환기 커버(160)가 착탈가능하게 결합되고,상기 내부 프레임(110)과 상기 실내 환기 커버(160) 사이에는 형광도료가 착색된 방충망(170)이 더 설치된 것을 특징으로 하는 창호 부착용 자연환기 장치.",177,True,False,explicit_or_regex_estimated
1020070092233,1020090027055,1009044910000,소멸,소멸,슬라이딩 시스템-창호용 자연환기 장치,주식회사 케이엔월덱스,5,"5. 슬라이딩 시스템-창호에 체결되어 실내를 자연 환기시키는 자연환기 장치에 있어서, 하단부에 환기구가 형성되는 외부 프레임(220), 중간부에 다수의 환기공(241)이 형성되는 내부 프레임(240), 상기 외부 프레임 및 내부 프레임의 상단과 하단에 결합되어 각 프레임을 체결하는 폴리아미드 재질의 단열 커버(230), 상기 외부 프레임(220)의 내측 상단으로부터 돌출 형성되는 연결부재(221), 상기 연결부재(221)에 일단이 회동 가능하게 결합되되 양측단 중간부에는 삽입홈(251)이 형성되는 공기 조절부(250), 상기 내부 프레임(240)의 외측에 탈부착이 가능하도록 결합되는 실내 환기 커버(260), 상기 외부 프레임(220)의 내측 하단에 설치되는 공기 차단용 개스킷(280)을 구비하는 환기부(200);와 상기 환기부(200)의 양측단부에 체결되는 조절부 프레임(110), 상기 조절부 프레임(110)에 회동 가능하게 결합되되 내측에 나사 삽입공(121)이 형성되는 공기 조절용 회동구(120), 일단은 상기 나사 삽입공(121)에 삽입되고 타단은 상기 삽입홈(251)에 삽입되는 각도 조절용 나사(130)를 구비하는 환기 조절부(100);를 포함하되, 상기 각도 조절용 나사(130)는, 적어도 육각면 형태를 가지고 상기 나사 삽입공(121)에 삽입되는 몸체부(131)와 상기 몸체부(131)의 일단부에 고정 결합되는 원형의 판상체(132)와 상기 원형의 판상체(132)의 일측부로부터 돌출되어 상기 삽입홈(251)에 삽입되는 연결 재(160)로 구성되는 것을 특징으로 하는 슬라이딩 시스템-창호용 자연환기 장치.",803,False,True,explicit_or_regex_estimated
1020070095482,1020090030134,1009098930000,소멸,소멸,건물 일체형 태양광 발전용 커튼월 시스템,주식회사 케이엔월덱스,7,"7. 다수의 태양 전지 모듈(20) 및 상기 태양 전지 모듈(20)들이 건물의 커튼월을 이루도록 고정함과 아울러 상기 태양 전지 모듈(20)로부터 인출되는 전선(15)들이 내부에 수용되며 직렬 또는/및 병렬 배선되는 트랜섬(200)과 멀리언(300)으로 이루어지는 커튼월 프레임(100)을 포함하고, 상기 트랜섬(200)은, 상기 태양 전지 모듈(20)들의 수평 측변 가장자리가 글레이징되는 수평 모듈 고정부(210) 및 상기 수평 모듈 고정부(210)의 상기 건물 내측으로 제1 격벽(240)에 의해 구획되며, 상기 제1 격벽(240)을 관통하는 제1 배선공(245)을 통해 상기 태양 전지 모듈(20)로부터 인출되는 전선(15)들이 수평 배선되도록 수용하는 수평 배선부(250)를 포함하고, 상기 멀리언(300)은, 상기 태양 전지 모듈(20)들의 수직 측변 가장자리가 글레이징되는 수직 모듈 고정부(310) 및 상기 수직 모듈 고정부(310)의 상기 건물 내측으로 제2 격벽(340)에 의해 구획되며, 상기 트랜섬(200)이 고정되는 측벽(362)을 관통하는 제2 배선공(364)을 통해 상기 수평 배선부(250)로부터 인출되는 상기 전선(15)들이 수직 배선되도록 수용하는 수직 배선부(350)를 포함하되, 상기 수평 배선부(350)는, 양측 단부에 상기 멀리언(300)의 측벽(362)에 형성되는 고정 브래킷(305)이 끼워져 고정되는 트랜섬 지지 공간부(270)와; 상기 트랜섬 지지 공간부(270)의 하측으로 제3 격벽(280)에 의해 구획되고, 상기 제1 배선공(245) 및 상기 제2 배선공(364)에 연통되며 상기 전선(15)들을 수용하는 수평 배선 공간부(260)와; 상기 수평 배선 공간부(260)를 이루는 벽면 내측에 상기 트랜섬(200)의 수평 길이 방향을 따라 형성되는 제1 홀더 고정 가이드(285) 및; 상기 제1 홀더 고정 가이드(285)에 끼워져 고정되며, 상기 수평 배선 공간부(260) 내부에 수평 배선되는 상기 전선(15)을 잡아 고정하는 제1 전선 홀더(510)를 포함하는 것을 특징으로 하는 건물 일체형 태양광 발전용 커튼월 시스템.",1050,False,True,explicit_or_regex_estimated
1020070095482,1020090030134,1009098930000,소멸,소멸,건물 일체형 태양광 발전용 커튼월 시스템,주식회사 케이엔월덱스,8,"8. 제7항에 있어서, 상기 제1 홀더 고정 가이드(285)는 상기 제3 격벽(280) 하부면에 형성되는 건물 일체형 태양광 발전용 커튼월 시스템.",82,True,False,explicit_or_regex_estimated
1020070095482,1020090030134,1009098930000,소멸,소멸,건물 일체형 태양광 발전용 커튼월 시스템,주식회사 케이엔월덱스,9,"9. 제 7 항에 있어서, 상기 수직 배선부(350)는, 상기 제2 배선공(364)에 연통되는 제1 수직 배선 공간부(360) 및; 상기 제1 수직 배선 공간부(360)의 상기 건물 내측으로 제4 격벽(380)에 의해 구획되며, 상기 제4 격벽(380)에 형성되는 제3 배선공(385)을 통해 상기 제1 수직 배선 공간부(360)로부터 인출된 상기 전선(15)이 수직 배선되는 제2 수직 배선 공간부(370)를 포함하는 건물 일체형 태양광 발전용 커튼월 시스템.",258,True,False,explicit_or_regex_estimated
1020070095482,1020090030134,1009098930000,소멸,소멸,건물 일체형 태양광 발전용 커튼월 시스템,주식회사 케이엔월덱스,10,"10. 제9항에 있어서, 상기 제3 배선공(385)은 상기 제2 배선공(364)에 인접하게 형성되는 건물 일체형 태양광 발전용 커튼월 시스템.",79,True,False,explicit_or_regex_estimated
1020070095482,1020090030134,1009098930000,소멸,소멸,건물 일체형 태양광 발전용 커튼월 시스템,주식회사 케이엔월덱스,11,"11. 제9항에 있어서, 상기 제2 수직 배선 공간부(370)를 개폐하는 멀리언 커버(390)를 더 포함하는 건물 일체형 태양광 발전용 커튼월 시스템.",84,True,False,explicit_or_regex_estimated
1020070095482,1020090030134,1009098930000,소멸,소멸,건물 일체형 태양광 발전용 커튼월 시스템,주식회사 케이엔월덱스,12,"12. 제9항에 있어서, 상기 제2 수직 배선 공간부(370)를 이루는 벽면 내측에 상기 멀리언(300)의 수직 길이 방향을 따라 제2 홀더 고정 가이드(372)가 형성되고, 상기 제2 홀더 고정 가이드(372)에 끼워져 고정되며, 상기 제2 수직 배선 공간부(370) 내부에 수직 배선되는 상기 전선(15)들을 잡아 고정하는 제2 전선 홀더(520)를 더 포함하는 건물 일체형 태양광 발전용 커튼월 시스템.",228,True,False,explicit_or_regex_estimated
1020070095482,1020090030134,1009098930000,소멸,소멸,건물 일체형 태양광 발전용 커튼월 시스템,주식회사 케이엔월덱스,13,"13. 제12항에 있어서, 상기 제2 홀더 고정 가이드(372)는 상기 제4 격벽(380)에 접하여 형성되는 건물 일체형 태양광 발전용 커튼월 시스템.",84,True,False,explicit_or_regex_estimated
1020070095482,1020090030134,1009098930000,소멸,소멸,건물 일체형 태양광 발전용 커튼월 시스템,주식회사 케이엔월덱스,14,"14. 제9항에 있어서, 상기 제1 배선공(245), 상기 제2 배선공(364) 및 상기 제3 배선공(385)에 끼워져 고정되는 각각의 고무 부싱(410, 420, 430)을 더 포함하는 건물 일체형 태양광 발전용 커튼월 시스템.",128,True,False,explicit_or_regex_estimated
1020070106681,1020090041132,1009015170000,등록,등록,플라즈마 챔버 캐소드의 볼트 체결구 및 그 체결방법,주식회사 월덱스,2,"2. 반도체 웨이퍼 공정에 사용되는 플라즈마 챔버 캐소드의 볼트체결구에 있어서, 캐소드에 상하 같은 직경으로 일정 깊이를 가지도록 하여 내측부에 나사산(21)을 형성하는 삽입홈(20)을 구성하고, 중공을 가지는 관 형상으로 형성되어, 외측부에 나사산(32)을 구비하여 상기 삽입홈(20)에 삽입 구성되며, 중앙 내측부에 헬리코일탭(40)을 삽입 결착할 수 있도록 나사산(31)을 형성하는 완충탭(30) 및 관 형상의 내, 외측부에 나사산(41, 42)을 형성하여 상기 완충탭(30)의 내부에 삽입되고, 내측부로 결합볼트(11)를 삽입하여 결착토록 하는 헬리코일탭(40)으로 구성하여, 상기 삽입홈(20)을 플라즈마 챔버 내부의 결합부재(200)의 일측면에 삽입홈(20)의 입구를 위치시키도록 하여 결합볼트(11)를 결합부재(200) 관통공(210)의 상측으로 삽입하여 캐소드(100)를 체결시킬 수 있도록 구성되는 것을 특징으로 하는 플라즈마 챔버 캐소드의 볼트체결구에 있어서, 상기 삽입홈(20) 내부의 하부 일측에서 좌우 방향으로 일정길이 연장되는 장공(22)을 형성하여 상부 외측에 단턱부(23)를 구비토록 구성하고, 상기 삽입홈(20)의 내부형상과 같은 외형을 가지며, 중앙 내측부로 완충탭(30)을 삽입 결착할 수 있도록 나사산(51)을 구비하는 완충너트(50)를 상기 삽입홈(20)에 충진 하고, 완충탭(30)과, 헬리코일탭(40)을 삽입하여 구성될 수 있는 것을 특징으로 포함하는 플라즈마 챔버 캐소드의 볼트체결구",742,False,True,explicit_or_regex_estimated
1020070131384,,1008679610000,등록,등록,알파형 에스아이씨- 베타형 에스아이씨 결합형 반응소결에스아이씨 소재와 제조 방법 및 그 소재를 이용한 이체형플라즈마 챔버 캐소드,주식회사 월덱스,2,"2. 상압 및 가압 소결에 의해 제조된 α형 SiC 분말을 카본 분말과 혼합하여 카본-α형 SiC 혼합체를 얻는 단계(S11); 상기 카본-α형 SiC 혼합체를 고온에서 가압하여 카본-α형 SiC 성형체를 얻는 단계(S12); 상기 카본-α형 SiC 성형체를 진공 내에서 1400 ℃~2000 ℃의 고온으로 첨가되는 붕소(boron)의 양을 통해 저항 조절을 한 실리콘을 반응시켜 침윤시키는 단계(S13); 로 이루어지는 것을 포함하는 α형 SiC-β형 SiC 결합형 반응소결 SiC 소재 제조 방법에 있어서, 상기 α형 SiC 분말은 대형의 Acheson furnace를 사용하여 SiO2와 Petrolium coke를 혼합하고 전류를 흘려 2200 ℃~2400 ℃의 고온에서 반응시켜 제조된 α형 SiC 소재를 사용하는 것을 특징으로 하는 α형 SiC-β형 SiC 결합형 반응소결 SiC 소재 제조 방법",451,False,True,explicit_or_regex_estimated
1020070131384,,1008679610000,등록,등록,알파형 에스아이씨- 베타형 에스아이씨 결합형 반응소결에스아이씨 소재와 제조 방법 및 그 소재를 이용한 이체형플라즈마 챔버 캐소드,주식회사 월덱스,3,"3. 상압 및 가압 소결에 의해 제조된 α형 SiC 분말을 카본 분말과 혼합하여 카본-α형 SiC 혼합체를 얻는 단계(S11); 상기 카본-α형 SiC 혼합체를 고온에서 가압하여 카본-α형 SiC 성형체를 얻는 단계(S12); 상기 카본-α형 SiC 성형체를 진공 내에서 1400 ℃~2000 ℃의 고온으로 첨가되는 붕소(boron)의 양을 통해 저항 조절을 한 실리콘을 반응시켜 침윤시키는 단계(S13); 로 이루어지는 것을 포함하는 α형 SiC-β형 SiC 결합형 반응소결 SiC 소재 제조 방법에 있어서, 상기 α형 SiC 분말을 카본 분말과 혼합하여 카본-α형 SiC 혼합체를 얻는 단계(S11)에서는 각각 1~50㎛ 이내의 입자 크기를 가지는 카본과, 1~100㎛ 이내의 크기를 가지는 α형 SiC를 각각 혼합한 카본-α형 SiC혼합체의 전체 중량에 대비하여 0.1~20 wt%의 실리콘 분말과 0.1~10 wt%의 Dopant 분말을 혼입하여 실리콘 침지 과정에서 카본과 실리콘의 반응성을 높일 수 있도록 하는 것을 특징으로 포함하는 α형 SiC-β형 SiC 결합형 반응소결 SiC 소재 제조 방법",564,False,True,explicit_or_regex_estimated
1020070131384,,1008679610000,등록,등록,알파형 에스아이씨- 베타형 에스아이씨 결합형 반응소결에스아이씨 소재와 제조 방법 및 그 소재를 이용한 이체형플라즈마 챔버 캐소드,주식회사 월덱스,4,"4. 상압 및 가압 소결에 의해 제조된 α형 SiC 분말을 카본 분말과 혼합하여 카본-α형 SiC 혼합체를 얻는 단계(S11); 상기 카본-α형 SiC 혼합체를 고온에서 가압하여 카본-α형 SiC 성형체를 얻는 단계(S12); 상기 카본-α형 SiC 성형체를 진공 내에서 1400 ℃~2000 ℃의 고온으로 첨가되는 붕소(boron)의 양을 통해 저항 조절을 한 실리콘을 반응시켜 침윤시키는 단계(S13); 로 이루어지는 것을 포함하는 α형 SiC-β형 SiC 결합형 반응소결 SiC 소재 제조 방법에 있어서, 상기 α형 SiC 분말을 카본 분말과 혼합하여 카본-α형 SiC 혼합체를 얻는 단계(S11)에서는 1~100㎛ 크기의 α형 SiC 분말과, 1~50㎛ 크기의 카본 분말을 사용하는 것을 특징으로 하는 α형 SiC-β형 SiC 결합형 반응소결 SiC 소재 제조 방법",432,False,True,explicit_or_regex_estimated
1020070131384,,1008679610000,등록,등록,알파형 에스아이씨- 베타형 에스아이씨 결합형 반응소결에스아이씨 소재와 제조 방법 및 그 소재를 이용한 이체형플라즈마 챔버 캐소드,주식회사 월덱스,5,"5. 상압 및 가압 소결에 의해 제조된 α형 SiC 분말을 카본 분말과 혼합하여 카본-α형 SiC 혼합체를 얻는 단계(S11); 상기 카본-α형 SiC 혼합체를 고온에서 가압하여 카본-α형 SiC 성형체를 얻는 단계(S12); 상기 카본-α형 SiC 성형체를 진공 내에서 1400 ℃~2000 ℃의 고온으로 첨가되는 붕소(boron)의 양을 통해 저항 조절을 한 실리콘을 반응시켜 침윤시키는 단계(S13); 로 이루어지는 것을 포함하는 α형 SiC-β형 SiC 결합형 반응소결 SiC 소재 제조 방법에 있어서, 상기 카본-α형 SiC 성형체에 저항 조절된 실리콘을 반응시키는 단계(S13)에서는 제조되는 α형 SiC-β형 SiC 결합형 반응소결 SiC 소재의 전체 중량에 대비하여 붕소의 첨가되는 양을 통해 저항이 조절된 실리콘은 30~80 wt%, Dopant는 0.1~10 wt%의 범위로 첨가하여 전기적 저항을 조절할 수 있는 것을 특징으로 하는 α형 SiC-β형 SiC 결합형 반응소결 SiC 소재 제조 방법",512,False,True,explicit_or_regex_estimated
1020070131384,,1008679610000,등록,등록,알파형 에스아이씨- 베타형 에스아이씨 결합형 반응소결에스아이씨 소재와 제조 방법 및 그 소재를 이용한 이체형플라즈마 챔버 캐소드,주식회사 월덱스,6,"6. 반도체 공정의 부품용으로 사용되는 SiC 소재에 있어서, 제 2항 내지 제 4항의 제조 방법 중 어느 하나의 방법으로 제조되는 α형 SiC-β형 SiC 결합형 반응소결 SiC 소재",103,True,False,explicit_or_regex_estimated
1020070131384,,1008679610000,등록,등록,알파형 에스아이씨- 베타형 에스아이씨 결합형 반응소결에스아이씨 소재와 제조 방법 및 그 소재를 이용한 이체형플라즈마 챔버 캐소드,주식회사 월덱스,7,"7. 반도체 웨이퍼의 식각 공정에서 챔버 내부에 반응가스를 주입하고 전류를 인가하여 플라즈마를 발생시키도록 하는 플라즈마 챔버 캐소드에 있어서, 실리콘 전극(20)의 상부에 제 2항 내지 제 4항 중 어느 하나의 방법에 의해 제조되는 α형 SiC-β형 SiC 결합형 반응소결 SiC 소재의 SiC 전극(10)을 결합하여 구성되는 α형 SiC-β형 SiC 결합형 반응소결 SiC 소재를 이용한 이체형 플라즈마 챔버 캐소드",234,True,False,explicit_or_regex_estimated
1020070131384,,1008679610000,등록,등록,알파형 에스아이씨- 베타형 에스아이씨 결합형 반응소결에스아이씨 소재와 제조 방법 및 그 소재를 이용한 이체형플라즈마 챔버 캐소드,주식회사 월덱스,8,"8. 제 7항에 있어서, 상기 실리콘 전극(20) 및 SiC 전극(10)은 엘라스토머 본딩(E)에 의해 결합되는 방법 또는 결합볼트(B)로 결합하는 방법 가운데 선택되는 하나의 방법으로 결합될 수 있는 것을 특징으로 하는 α형 SiC-β형 SiC 결합형 반응소결 SiC 소재를 이용한 이체형 플라즈마 챔버 캐소드",174,True,False,explicit_or_regex_estimated
1020080050871,1020090124580,1010507680000,소멸,소멸,방폭 창호,주식회사 케이엔월덱스,1,"1. 내측 프레임 및 외측 프레임을 구비하여 건물 골조벽에 설치되는 창호에 있어서, 상기 내측 프레임과 체결되어 외부 폭발 압력을 1차로 수용하는 제1 충격흡수 브라켓과; 상기 제1 충격흡수 브라켓의 일측에 접착되어 상기 제1 충격흡수 브라켓으로부터 수용된 폭발 압력을 2차로 수용하는 폴리아미드(Polyamid) 재질의 충격흡수제와; 상기 외측 프레임에 기설정된 간격을 유지하며 클립 형태로 체결되어 상기 충격흡수제로부터 수용된 폭발 압력을 3차로 수용하고, 폭발 압력 발생 시 충격을 흡수하여 탄력적으로 이동하는 복수개의 제2 충격흡수 브라켓; 및 상기 충격흡수제를 상기 복수개의 제2 충격흡수 브라켓에 고정하거나, 상기 제2 충격흡수 브라켓과 함께 상기 건물 골조벽에 고정하는 고정부재; 를 포함하여 구성되는 것을 특징으로 하는 방폭 창호.",417,False,True,explicit_or_regex_estimated
1020100010996,1020110091253,1011139870000,등록,등록,캐소드 결합을 위한 체결구 구조,주식회사 월덱스,2,"2. 반도체 웨이퍼 공정을 위한 장치에 캐소드를 결합하여 위치시키도록 하는 체결구 구조에 있어서, 캐소드에 형성되는 체결홀에 삽입되어 중앙을 상하 관통시켜 내측이 나사산으로 이루어지는 볼트삽입구를 형성하는 부시와, 상기 캐소드가 결합되어지는 플레이트를 삽입 관통하여 이어지는 끝부를 상기 부시의 체결홀에 삽입하여 나사 결합시키도록 하는 조립스크류와, 상기 캐소드의 체결홀의 내측으로 삽입되어 상기 체결홀에 삽입된 부시의 외측을 감싸도록 고정시키는 조립링을 구비하고, 상기 캐소드 체결홀의 둘레부 일측에 홈을 형성하고, 상기 조립링과 부시의 원심을 지나는 방향으로 절개시키도록 하는 절개홈을 각각 형성하여 상기 체결홀의 홈과, 조립링 및 부시의 절개홈을 일직선으로 일치시키고 고정핀을 삽입하여 회전 유동을 방지토록 구성하되, 상기 체결홀의 홈은 상기 조립링 및 부시에 형성되는 절개홈과 경사를 가지도록 구성되는 것을 특징으로 하는 캐소드 결합을 위한 체결구 구조",481,False,True,explicit_or_regex_estimated
1020100010996,1020110091253,1011139870000,등록,등록,캐소드 결합을 위한 체결구 구조,주식회사 월덱스,5,"5. 반도체 웨이퍼 공정을 위한 장치에 캐소드를 결합하여 위치시키도록 하는 체결구 구조에 있어서, 캐소드에 형성되는 체결홀에 삽입되어 중앙을 상하 관통시켜 내측이 나사산으로 이루어지는 볼트삽입구를 형성하는 부시와, 상기 캐소드가 결합되어지는 플레이트를 삽입 관통하여 이어지는 끝부를 상기 부시의 체결홀에 삽입하여 나사 결합시키도록 하는 조립스크류와, 상기 캐소드의 체결홀의 내측으로 삽입되어 상기 체결홀에 삽입된 부시의 외측을 감싸도록 고정시키는 조립링을 구비하고, 상기 캐소드 체결홀의 둘레부 일측에 홈을 형성하고, 상기 조립링과 부시의 원심을 지나는 방향으로 절개시키도록 하는 절개홈을 각각 형성하여 상기 체결홀의 홈과, 조립링 및 부시의 절개홈을 일직선으로 일치시키고 고정핀을 삽입하여 회전 유동을 방지토록 구성하되, 상기 부시의 절개홈은 볼트삽입구의 양측을 양분하는 형태로 중앙의 개구부의 양측에 형성되는 것을 특징으로 하는 캐소드 결합을 위한 체결구 구조",483,False,True,explicit_or_regex_estimated
1020100010996,1020110091253,1011139870000,등록,등록,캐소드 결합을 위한 체결구 구조,주식회사 월덱스,6,"6. 제 2항 또는 5항 중 한 항에 있어서, 상기 부시와, 조립링은 SUS, PLASTIC, Al, Al203, CARBON의 소재로 구성되는 것을 특징으로 하는 캐소드 결합을 위한 체결구 구조",109,False,True,explicit_or_regex_estimated
1020130077833,1020150004975,1014959010000,등록,등록,세라믹소재의 보트 결합 구조 및 그 접합 방법,주식회사 월덱스,1,"1. 세라믹 소재로 구성되되, 내 측에 길이방향을 따라 일정간격 돌출 형성되어 웨이퍼가 안착되는 다수개의 슬롯(31)이 구성되는 지지바(30)와, 상기 지지바(30)의 일 측을 고정 지지하는 상부플레이트(10)와, 상기 지지바(30)의 타 측을 고정 지지하는 하부플레이트(20)로 구성되는 웨이퍼 보트에 있어서, 상기 상부플레이트(10)와 하부플레이트(20)에 관통되는 각각의 결합홈(11, 21)이 구성되고, 상기 지지바(30)는 양측단부에 연결홈(32)이 각각 구성되되 상기 연결홈(32)이 각각의 상기 결합홈(11, 21)과 맞닿으며 대응되게 위치되며, 하부 외주연에 접합제(42)가 포함된 접합홈(41)이 구성되는 결합부재(40)를 이용하여 상기 상부플레이트(10)와 하부플레이트(20)의 결합홈(11, 21)과 연결홈(32)을 외측에서 결합한 후 열처리 하여, 상기 결합부재(40)가 풀림 되는 것을 방지 할 수 있도록 구성되는 것을 특징으로 하는 세라믹 소재의 보트 결합 구조",496,False,True,explicit_or_regex_estimated
1020130077833,1020150004975,1014959010000,등록,등록,세라믹소재의 보트 결합 구조 및 그 접합 방법,주식회사 월덱스,2,"2. 세라믹 소재로 구성되되, 내 측에 길이방향을 따라 일정간격 돌출 형성되어 웨이퍼가 안착되는 다수개의 슬롯(31)이 구성되는 지지바(30)와, 상기 지지바(30)의 일 측을 고정 지지하는 상부플레이트(10)와, 상기 지지바(30)의 타 측을 고정 지지하는 하부플레이트(20)로 구성되는 웨이퍼 보트에 있어서, 상기 상부플레이트(10)와 하부플레이트(20)에 관통되는 다수개의 결합홈(11, 21)을 각각 형성하고, 상기 지지바(30)의 양측단부에 연결홈(32)을 각각 구성한 후, 하부 외주연에 다수개의 접합홈(41)이 형성된 결합부재(40)를 구성하되, 상기 접합홈(41)에는 접합제(42)를 포함시켜 상기 상부플레이트(10)와 하부플레이트(20)의 결합홈(11, 21)에 결합하며, 상기 결합부재(40)를 결합 한 후 열처리 하여 접합시켜 고온의 공정에서 상기 결합부재(40)가 열변형에 의해 풀림 되는 것을 방지하도록 한 것을 특징으로 하는 세라믹소재의 보트 접합방법",490,False,True,explicit_or_regex_estimated
1020130077833,1020150004975,1014959010000,등록,등록,세라믹소재의 보트 결합 구조 및 그 접합 방법,주식회사 월덱스,3,"3. 제 2항에 있어서, 상기 접합제(42)는 금속, 합금, 금속 유기물, 금속 화합물 중 어느 하나 또는 혼합한 것을 특징으로 하는 세라믹소재의 보트 접합방법",89,True,False,explicit_or_regex_estimated
1020130077833,1020150004975,1014959010000,등록,등록,세라믹소재의 보트 결합 구조 및 그 접합 방법,주식회사 월덱스,4,"4. 제 2항에 있어서, 상기 접합제(42)는 붕화물, 탄화물, 질화물, 산화물, 불화물, 실리사이드, 인화물, 황화물, 염화물, 절머나이드, 알세나이드, 셀레나이드, 브로마이드, 텔루라이드, 요오다이드 중 어느 하나인 것을 특징으로 하는 세라믹소재의 보트 접합방법",148,True,False,explicit_or_regex_estimated
1020130077833,1020150004975,1014959010000,등록,등록,세라믹소재의 보트 결합 구조 및 그 접합 방법,주식회사 월덱스,5,"5. 제 2항에 있어서, 상기 세라믹 소재는 SiC , Al2O3, ZrO2, B4C, Y2O3, SiO2, MgO, AlN, Si3N4, TiB2, AlON, 2MgO·2Al2O3·5SiO2 중 어느 하나인 것을 특징으로 하는 세라믹소재의 보트 접합방법",142,True,False,explicit_or_regex_estimated
1020140078699,1020160001748,1016404830000,등록,등록,세라믹 히터의 결합구조와 제조방법,주식회사 월덱스,1,"1. 플레이트의 일측에 형성된 홈(220)에 단자(300)가 삽입되며, 상기 플레이트의 내부에 구성된 열선(400)과 상기 단자(300)가 결합되는 세라믹 히터의 결합구조에 있어서, 상기 단자(300)는 양측에 결합홈(311)과 연결홈(315)이 각각 형성되는 몸체(310)와 양측에 관통된 관통홈(321)이 형성되며 상기 결합홈(311)에 결합되는 결합부재(320)로 구성하여, 상기 열선(400)을 관통홈(321)에 삽입시키되 끝부를 꺾어 상기 결합부재(320)의 끝단에 걸림되게 위치시킨 후 상기 결합부재(320)를 결합하여, 상기 결합부재(320)에 의해 열선(400)과 단자가 맞닿으며 고정되는 것을 특징으로 하는 세라믹 히터의 결합구조.",362,False,True,explicit_or_regex_estimated
1020140078699,1020160001748,1016404830000,등록,등록,세라믹 히터의 결합구조와 제조방법,주식회사 월덱스,2,"2. 제 1항에 있어서, 상기 결합부재(320)의 외주와 결합홈(311) 및 연결홈(315)의 내주에는 각각 나사산이 형성되고, 상기 결합부재(320)와 결합홈(311)을 결합 시 일정부분 공간부(301)가 형성되는 것을 특징으로 하는 세라믹 히터의 결합구조.",145,True,False,explicit_or_regex_estimated
1020140078699,1020160001748,1016404830000,등록,등록,세라믹 히터의 결합구조와 제조방법,주식회사 월덱스,3,"3. 상, 하부플레이트(100, 200)를 각각 구성하되 상기 하부플레이트(200)의 일측에 관통된 삽입홈(210)과 홈(220)을 각각 형성하는 단계(S10); 양측에 결합홈(311)과 연결홈(315)이 각각 형성되는 몸체(310)와 양측에 관통된 관통홈(321)이 형성되며 상기 결합홈(311)에 결합되는 결합부재(320)로 구성되는 단자(300)를 구성하는 단계(S20); 상기 결합부재(320)를 푼 후 열선(400)을 관통홈(321)에 삽입시키되 끝부를 꺾어 상기 결합부재(320)의 끝단에 걸림되게 위치시킨 후 상기 결합부재(320)를 결합하여 열선(400)을 고정하는 단계(S30); 상기 삽입홈(210)에 열선(400)과 홈(220)에 단자(300)를 각각 삽입시킨 후, 상기 삽입홈(210)과 홈(220)에 파우더(500)로 메우는 단계(S40); 상기 하부플레이트(200)의 상부에 상부플레이트(100)를 안착시킨 후 상,하부플레이(100, 200)에 각각 압력을 주어 진공로에서 접합하는 단계(S50); 로 이루어지는 것을 특징으로 하는 세라믹 히터의 제조방법.",549,False,True,explicit_or_regex_estimated
1020140078699,1020160001748,1016404830000,등록,등록,세라믹 히터의 결합구조와 제조방법,주식회사 월덱스,4,"4. 제 3항에 있어서, 고정하는 단계(S30)에서 상기 열선(400)의 종류에 따라 상기 결합부재(320)의 조임을 선택적으로 조절할 수 있는 것을 특징으로 하는 세라믹 히터의 제조방법.",105,True,False,explicit_or_regex_estimated
1020140122446,1020160032734,1016404880000,등록,등록,플라즈마 에칭장치용 일렉트로드의 결합구조 및 결합방법,주식회사 월덱스,1,"1. 상부에 홈부(11)가 형성된 몸체(10)가 구성되고, 관통되는 체결홈(21)과 상기 홈부(11)에 삽입되어 고정되는 결합부재(20)가 구성되며, 상기 홈부(11)에 끼워지되 상기 결합부재(20)의 외측을 감싸는 고정부재(30)가 구성되고, 플레이트(40)의 결합홈(41)과 일렉트로드의 결합부재(20)를 동일선상에 위치시켜 결합볼트(50)를 이용하여 결합하는 구조로 구성되어, 플라즈마 에칭장치의 내부에 결합홈(41)이 형성된 플레이트(40)와 결합되는 플라즈마 에칭장치용 일렉트로드의 결합구조에 있어서,상기 홈부(11)는 층을 이루며 형성되되, 상기 몸체(10)의 상부에 링 형태로 다수의 상층홈(11a)과, 상기 상층홈(11a)의 내부에 구성되어 상기 결합부재(20)가 삽입되는 다수의 하층홈(11b)이 각각 형성되고,상기 고정부재(30)는 그라파이트 재질로 형성되며 상기 상층홈(11a)에 부분적으로 삽입되되 상기 결합부재(20)의 외측을 감싸는 형태로 구성되며,상기 플레이트(40)의 결합홈(41)은 내주에 나사산이 형성되되 다수개로 형성되며 상기 체결홈(21)은 내주에 나사산이 형성되고,상기 몸체(10)의 하부에는 웨이퍼(60)로 플라즈마 밀도의 균일성을 확보할 수 있게 돌출되는 링 형태의 단차부(15)가 형성되어,일렉트로드의 고정부재(30)에 전류가 인가되어 전류를 흐름이 원활하도록 구성되는 것을 특징으로 하는 플라즈마 에칭장치용 일렉트로드의 결합구조.",713,False,True,explicit_or_regex_estimated
1020140122446,1020160032734,1016404880000,등록,등록,플라즈마 에칭장치용 일렉트로드의 결합구조 및 결합방법,주식회사 월덱스,9,"9. 제 1항의 플라즈마 에칭장치용 일렉트로드의 결합구조를 이용하되, 상기 하층홈(11b)에 결합부재(20)를 삽입하여 고정시키고, 상기 상층홈(11a)에 고정부재(30)를 끼워 결합부재(20)의 외측을 감싸며 고정시킨 후, 상기 플레이트(40)의 결합홈(41)과 결합부재(20)를 동일선상에 위치시킨 후 결합볼트(50)를 이용하여 결합하는 것을 특징으로 하는 플라즈마 에칭장치용 일렉트로드의 결합방법.",225,False,True,explicit_or_regex_estimated
1020150134559,1020170036165,,취하,취하,기판 지지 유닛 및 이를 포함하는 기판 처리 장치,삼성전자주식회사|주식회사 월덱스,1,"1. 플레이트; 및상기 플레이트 상에 돌출되어, 상기 플레이트를 관통하는 진공 홀을 각각 포함하는 복수 개의 진공 핀을 포함하고,상기 복수 개의 진공 핀 각각은 기판과 접촉하는 기판 안착면을 포함하는 기판 지지 유닛.",121,False,True,explicit_or_regex_estimated
1020150134559,1020170036165,,취하,취하,기판 지지 유닛 및 이를 포함하는 기판 처리 장치,삼성전자주식회사|주식회사 월덱스,2,"2. 제 1항에 있어서, 상기 플레이트 상에 돌출된 복수 개의 지지 핀을 더 포함하고, 상기 복수 개의 지지 핀 각각은 상기 기판과 접촉하는 기판 지지면을 포함하는 기판 지지 유닛.",101,True,False,explicit_or_regex_estimated
1020150134559,1020170036165,,취하,취하,기판 지지 유닛 및 이를 포함하는 기판 처리 장치,삼성전자주식회사|주식회사 월덱스,3,"3. 제 2항에 있어서, 상기 기판 안착면과 상기 기판 지지면은 동일 평면 상에 배치되는 기판 지지 유닛.",59,True,False,explicit_or_regex_estimated
1020150134559,1020170036165,,취하,취하,기판 지지 유닛 및 이를 포함하는 기판 처리 장치,삼성전자주식회사|주식회사 월덱스,4,"4. 제 2항에 있어서,상기 복수 개의 지지 핀은 상기 플레이트의 가장자리와 인접하게 배치되는 기판 지지 유닛.",62,True,False,explicit_or_regex_estimated
1020150134559,1020170036165,,취하,취하,기판 지지 유닛 및 이를 포함하는 기판 처리 장치,삼성전자주식회사|주식회사 월덱스,5,"5. 제 1항에 있어서, 상기 복수 개의 진공 핀은, 상기 플레이트 상의 서클(circle) 라인을 따라 배치된 기판 지지 유닛.",72,True,False,explicit_or_regex_estimated
1020150134559,1020170036165,,취하,취하,기판 지지 유닛 및 이를 포함하는 기판 처리 장치,삼성전자주식회사|주식회사 월덱스,6,"6. 제 5항에 있어서, 상기 서클 라인은, 상기 플레이트의 내측에 배치된 제1 서클 라인, 상기 제1 서클 라인을 둘러싸는 제2 서클 라인, 상기 제2 서클 라인을 둘러싸는 제3 서클 라인 및 상기 플레이트의 가장자리에 인접하게 배치되고 상기 제3 서클 라인을 둘러싸는 제4 서클 라인을 포함하는 기판 지지 유닛.",176,True,False,explicit_or_regex_estimated
1020150134559,1020170036165,,취하,취하,기판 지지 유닛 및 이를 포함하는 기판 처리 장치,삼성전자주식회사|주식회사 월덱스,7,"7. 제 1항에 있어서, 상기 복수 개의 진공 핀 각각은 서로 동일 간격으로 이격되어 배치된 기판 지지 유닛.",61,True,False,explicit_or_regex_estimated
1020150134559,1020170036165,,취하,취하,기판 지지 유닛 및 이를 포함하는 기판 처리 장치,삼성전자주식회사|주식회사 월덱스,8,"8. 제 1항에 있어서, 상기 복수 개의 진공 핀은, 제1 방향을 따라 연장되고 서로 평행한 복수 개의 선형 라인을 따라 배치된 기판 지지 유닛.",81,True,False,explicit_or_regex_estimated
1020150134559,1020170036165,,취하,취하,기판 지지 유닛 및 이를 포함하는 기판 처리 장치,삼성전자주식회사|주식회사 월덱스,9,"9. 제 1항에 있어서, 상기 플레이트와 상기 복수 개의 진공 핀은 탄화 규소(SiC)로 형성된 기판 지지 유닛.",63,True,False,explicit_or_regex_estimated
1020150134559,1020170036165,,취하,취하,기판 지지 유닛 및 이를 포함하는 기판 처리 장치,삼성전자주식회사|주식회사 월덱스,10,"10. 기판 처리 영역을 포함하는 챔버;상기 기판 처리 영역 내에 배치되고, 플레이트와 상기 플레이트 상에 돌출되어 상기 플레이트를 관통하는 진공 홀을 각각 포함하는 복수 개의 진공 핀을 포함하는 기판 지지 유닛; 및상기 진공 홀과 연결되는 진공 펌프를 포함하고,상기 복수 개의 진공 핀 각각은 기판과 접촉하는 기판 안착면을 포함하고, 상기 진공 펌프는 기판 안착면과 상기 기판을 흡착시키는 진공 압을 상기 진공 홀 내에 형성하는 기판 처리 장치.",250,False,True,explicit_or_regex_estimated
1020150152766,1020170051801,,거절,거절,사파이어 소재를 이용한 고수명 이체형 가스분사장치 및 그 제조방법,주식회사 월덱스,1,"1. 플라즈마 에칭장치용 가스분사장치에 있어서,사파이어재질로 구성되되, 중앙부에 상하부로 관통되는 제1가스유동홀(11)과 상기 제1가스유동홀(11)의 외측에 제2가스유동홀(12)이 형성되며, 외부 일측에 상기 제1,2가스유동홀(11, 12)과 연결되는 제1,2가스주입홈(15, 16)이 형성되는 바디(10);사파이어재질로 구성되되, 중앙부가 관통되게 형성되어 상기 바디(10)의 하부에 접합 구성되는 캡(20); 으로 구성되며,상기 바디(10)와 캡(20)의 접합된 부분에 상기 제2가스주입홀(16)과 연결되는 다수의 가스배출홀(17)이 형성되어, 상기 제1가스유동홀(11)과 가스배출홀(17)로 플라즈마 가스가 균일하게 배출되게 구성되는 것을 특징으로 하는 사파이어 소재를 이용한 고수명 이체형 가스분사장치.",397,False,True,explicit_or_regex_estimated
1020150152766,1020170051801,,거절,거절,사파이어 소재를 이용한 고수명 이체형 가스분사장치 및 그 제조방법,주식회사 월덱스,2,"2. 제 1항에 있어서,상기 바디(10)는 에칭장치의 일렉트로드(3)에 삽입되는 제1바디(10a)와, 상기 제1바디(10a)와 연장되되 상기 제1바디(10a)보다 더 큰 지름을 갖는 제2바디(10b)로 구성되는 것을 특징으로 하는 사파이어 소재를 이용한 고수명 이체형 가스분사장치.",157,True,False,explicit_or_regex_estimated
1020150152766,1020170051801,,거절,거절,사파이어 소재를 이용한 고수명 이체형 가스분사장치 및 그 제조방법,주식회사 월덱스,3,"3. 제 1항에 있어서,상기 바디(10)의 상부에는 패킹(p)이 삽입되는 원형으로 홈(19)이 형성되는 것을 특징으로 하는 사파이어 소재를 이용한 고수명 이체형 가스분사장치.",97,True,False,explicit_or_regex_estimated
1020150152766,1020170051801,,거절,거절,사파이어 소재를 이용한 고수명 이체형 가스분사장치 및 그 제조방법,주식회사 월덱스,4,"4. 플라즈마 에칭장치용 가스분사장치의 제조방법에 있어서,사파이어재질로 형성되는 바디(10)의 중앙부에 제1가스유동홀(11)과, 상기 제1가스유동홀(11)의 외측에 제2가스유동홀(12)을 각각 형성하며, 외부 일측에 상기 제1,2가스유동홀(11, 12)과 연결되는 제1,2가스주입홈(15, 16)을 형성하고,중앙부가 관통되는 캡(20)을 상기 바디(10)의 하부에 안착시켜 접합한 후,상기 접합된 부분의 일측에 다수의 가스배출홀(17)을 형성하는 것을 특징으로 하는 사파이어 소재를 이용한 고수명 이체형 가스분사장치 제조방법.",294,False,True,explicit_or_regex_estimated
1020150152766,1020170051801,,거절,거절,사파이어 소재를 이용한 고수명 이체형 가스분사장치 및 그 제조방법,주식회사 월덱스,5,"5. 제 4항에 있어서,상기 바디(10)와 캡(20)의 접합 시 900°C~1100°C의 온도로 접합하는 것을 특징으로 하는 사파이어 소재를 이용한 고수명 이체형 가스분사장치 제조방법.",103,True,False,explicit_or_regex_estimated
1020150152766,1020170051801,,거절,거절,사파이어 소재를 이용한 고수명 이체형 가스분사장치 및 그 제조방법,주식회사 월덱스,6,"6. 제 4항에 있어서,상기 바디(10)와 캡(20)을 접합 시, 캡(20)으로 전달하는 무게 하중은 0~22g/mm²으로 접합하는 것을 특징으로 하는 사파이어 소재를 이용한 고수명 이체형 가스분사장치 제조방법.",118,True,False,explicit_or_regex_estimated
1020160125059,1020180035284,1018723380000,등록,등록,사파이어 소재를 이용한 고수명 이체형 가스분사장치 제조방법,주식회사 월덱스,6,"6. 플라즈마 에칭장치용 가스분사장치의 제조방법에 있어서, 중앙부에 관통되는 제1가스유동홀(11a)과, 상기 제1가스유동홀(11a)의 외주에 이격되게 제1보조가스유동홀(12a)과, 하부 외측 둘레에 다수의 가스배출홀(17)을 형성한 제1바디(10a)를 구성하고, 중앙부에 관통되는 제2가스유동홀(11b)과, 상기 제2가스유동홀(11b)의 외주에 이격되게 제2보조가스유동홀(12b)과, 외부 일측에 상기 제2가스유동홀(11b)와 제2보조가스유동홀(12b)와 연결되는 제1,2가스주입홀(15, 16)을 형성한 제2바디(10b)를 구성하여, 상기 제1,2바디(10a, 10b)의 일측면을 맞닿게 하여 상기 제1,2가스유동홀(11a, 11b)와 제1,2보조가스유동홀(12a, 12b)가 동일선상에 위치되게 하여 접합하되, 상기 제1, 2바디(10a, 10b)의 접합 시 800°C의 온도로 접합하는 것을 특징으로 하는 사파이어 소재를 이용한 고수명 이체형 가스분사장치 제조방법.",487,False,True,explicit_or_regex_estimated
1020160125059,1020180035284,1018723380000,등록,등록,사파이어 소재를 이용한 고수명 이체형 가스분사장치 제조방법,주식회사 월덱스,8,"8. 제 6항에 있어서, 상기 제1,2바디(10a, 10b)를 접합 시, 제2바디(10b)로 전달하는 무게 하중은 8 ~ 12 g/mm²으로 접합하는 것을 특징으로 하는 사파이어 소재를 이용한 고수명 이체형 가스분사장치 제조방법.",128,True,False,explicit_or_regex_estimated
1020160125059,1020180035284,1018723380000,등록,등록,사파이어 소재를 이용한 고수명 이체형 가스분사장치 제조방법,주식회사 월덱스,9,"9. 제 6항에 있어서, 상기 제1, 2바디(10a, 10b)를 접할 시 접합제로써 세라믹 재질의 시트 또는 본드를 사용하여 접합하는 것을 특징으로 하는 사파이어 소재를 이용한 고수명 이체형 가스분사장치 제조방법.",119,True,False,explicit_or_regex_estimated
1020160125059,1020180035284,1018723380000,등록,등록,사파이어 소재를 이용한 고수명 이체형 가스분사장치 제조방법,주식회사 월덱스,10,"10. 제 6항에 있어서, 상기 가스배출홀(17)은 40˚~55˚로 형성하는 것을 특징으로 하는 사파이어 소재를 이용한 고수명 이체형 가스분사장치 제조방법.",87,True,False,explicit_or_regex_estimated
1020170065963,1020180130192,1019379610000,등록,등록,평탄화 작업이 필요 없는 질화규소 기판 및 그 제조방법,주식회사 월덱스,1,"1. 질화규소분말 93mol%, 산화이트륨분말 2mol%, 산화마그네슘분말 5mol%를 혼합하여 혼합원료를 준비하는 혼합원료 준비단계(S100); 상기 혼합원료를 분무건조기를 이용하여 과립파우더로 제조 후 사각 고무몰드를 이용하여 냉간정수압으로 가압성형하여 덩어리 형태의 질화규소 소결체(10)를 성형하는 CIP성형단계(S200); 상기 질화규소 소결체(10)에 포함된 바인더를 제거하기 위해 상기 질화규소 소결체(10)를 탈지로에 넣어 질소 분위기에서 600˚C ~ 800˚C로 하여 탈지하는 탈지단계(S300); 상기 탈지된 질화규소 소결체(10)를 다수의 와이어(20)로 커팅하여 균일한 크기를 갖는 평탄화된 다수의 질화규소 시트체(30)를 얻는 커팅단계(S400); 상기 질화규소 시트체를 1900˚C, 10hr, 0.9Mpa로 하여 질소 분위기에서 소결하는 소결단계(S500); 로 이루어지는 것을 특징으로 하는 평탄화 작업이 필요 없는 질화규소 기판 제조방법.",487,False,True,explicit_or_regex_estimated
1020170065963,1020180130192,1019379610000,등록,등록,평탄화 작업이 필요 없는 질화규소 기판 및 그 제조방법,주식회사 월덱스,2,"2. 제 1항에 있어서, 상기 커팅단계(S400)에서 상기 와이어는 실리콘, 사파이어, 다이아몬드 중 어느 하나의 재질로 구성되는 것을 특징으로 하는 평탄화 작업이 필요 없는 질화규소 기판 제조방법.",111,True,False,explicit_or_regex_estimated
1020170065963,1020180130192,1019379610000,등록,등록,평탄화 작업이 필요 없는 질화규소 기판 및 그 제조방법,주식회사 월덱스,3,"3. 제 1항에 있어서, 상기 CIP성형단계에서 질화규소 소결체를 성형하는 압력은 130Mpa ~ 200 Mpa인 것을 특징으로 하는 평탄화 작업이 필요 없는 질화규소 기판 제조방법.",102,True,False,explicit_or_regex_estimated
1020170065963,1020180130192,1019379610000,등록,등록,평탄화 작업이 필요 없는 질화규소 기판 및 그 제조방법,주식회사 월덱스,4,"4. 제 1항에 있어서, 상기 커팅단계(S400)에서 와이어 각각의 간격은 0.1mm~10mm 인 것을 특징으로 하는 평탄화 작업이 필요 없는 질화규소 기판 제조방법.",93,True,False,explicit_or_regex_estimated
1020180124015,1020200043204,1021501640000,등록,등록,접합력을 향상시킨 세라믹소재의 웨이퍼 케리어 및 그 웨이퍼케리어 접합방법,주식회사 월덱스,1,"1. 세라믹소재의 지지바(30)의 양측단부에 연결홈(32)을 각각 형성하며, 내측에 길이방향을 따라 일정간격으로 웨이퍼가 안착될 수 있도록 다수의 슬롯(31)을 형성하고, 세라믹소재의 상, 하판(10, 20)의 일측에 상, 하부가 관통되도록 결합홈(11, 21)을 각각 형성하여, 상기 지지바(30)의 양측단부에 연결하되, 상기 결합홈(11, 21)과 연결홈(32)을 동일선상에 위치시키고, 외측 둘레를 따라 수직, 수평방향으로 홈(41)이 형성되고, 상기 홈(41)에 Si02 파우더, PVB, 점증제, 알콜, DI워터로 구성된 슬러리(50)를 포함하는 볼트(40)로 상기 결합홈(11, 21)과 연결홈(32)에 결합하여 웨이퍼케리어를 구성한 후, 상기 웨이퍼케리어를 열처리하여 웨이퍼케리어를 접합하는 세라믹 소재의 웨이퍼케리어 접합방법에 있어서,상기 상, 하판(10, 20)의 결합홈(11, 12)과 연결홈(32)의 일측에는 다수의 메움홈(13, 23, 35)을 형성하고,상기 볼트(40)의 홈(41)은 상측 중앙부에서 하측까지 관통되되, 상기 볼트(40)를 상기 결합홈(11, 21)과 연결홈(32)에 결합 시, 상기 메움홈(13, 23, 35)과 동일선상에 위치하는 연장홈(43)을 형성하며,상기 결합홈(11, 21)의 지름은 상기 볼트(40)의 외측 둘레보다 크게 형성하여 상기 볼트(40)의 외부 상측과 결합홈(11, 21) 사이에 공극(g1)을 형성하고,상기 볼트(40)의 외측 하단부와 지지바(30)의 연결홈(32) 사이에 공극(g2)을 형성하며,상기 슬러리(50)는, SiO2 파우더 250~350g, 알콜 300~400g, DI워터 200~300g을 교반기에 각각 넣어 750~1050g의 혼합물을 형성하여, 상기 혼합물 750~1050g에 PVB 7.5~8.5g과 점증제 3.25~4.25g을 첨가하여 교반시키며,상기 교반된 슬러리(50)를 스포이드로 상기 홈(41)에 주입하여, 상기 홈(41)과 연장홈(43) 및 메움홈(13, 23, 35), 공극(g1, g2)을 메움시키는 것을 특징으로 하는 접합력을 향상시킨 세라믹 소재의 웨이퍼케리어 접합방법.",1048,False,True,explicit_or_regex_estimated
1020180124015,1020200043204,1021501640000,등록,등록,접합력을 향상시킨 세라믹소재의 웨이퍼 케리어 및 그 웨이퍼케리어 접합방법,주식회사 월덱스,2,"2. 세라믹소재의 지지바(30)의 양측단부에 연결홈(32)을 각각 형성하며, 내측에 길이방향을 따라 일정간격으로 웨이퍼가 안착될 수 있도록 다수의 슬롯(31)을 형성하고, 세라믹소재의 상, 하판(10, 20)의 일측에 상, 하부가 관통되도록 결합홈(11, 21)을 각각 형성하여, 상기 지지바(30)의 양측단부에 연결하되, 상기 결합홈(11, 21)과 연결홈(32)을 동일선상에 위치시키고, 외측 둘레를 따라 수직, 수평방향으로 홈(41)이 형성되고, 상기 홈(41)에 SiO2 파우더, 점증제, 첨가제. DI워터로 구성된 슬러리(50)를 포함하는 볼트(40)로 상기 결합홈(11, 21)과 연결홈(32)에 결합하여 웨이퍼케리어를 구성한 후, 상기 웨이퍼케리어를 열처리하여 웨이퍼케리어를 접합하는 세라믹 소재의 웨이퍼케리어 접합방법에 있어서,상기 상, 하판(10, 20)의 결합홈(11, 21)과 연결홈(32)의 일측에는 다수의 메움홈(13, 23, 35)을 형성하고,상기 볼트(40)의 홈(41)은 상측 중앙부에서 하측까지 관통되되, 상기 볼트(40)를 상기 결합홈(11, 21)과 연결홈(32)에 결합 시, 상기 메움홈(13, 23, 35)과 동일선상에 위치하는 연장홈(43)을 각각 형성하며,상기 결합홈(11, 21)의 지름은 상기 볼트(40)의 외측 둘레보다 크게 형성하여 상기 볼트(40)의 외부 상측과 결합홈(11, 21) 사이에 공극(g1)을 형성하고,상기 볼트(40)의 외측 하단부와 지지바(30)의 연결홈(32) 사이에 공극(g2)을 형성하며,상기 슬러리(50)는, SiO2 파우더 400~500g, 첨가제 100~200g, DI워터 600~700g을 교반기에 각각 넣어 1100~1400g의 혼합물을 형성하고, 상기 교반기에 점증제 12.6~13.6g을 첨가하여 교반시킨 후,상기 교반된 슬러리(50)를 스포이드로 상기 홈(41)에 주입하여, 상기 홈(41)과 연장홈(43) 및 메움홈(13, 23, 35), 공극(g1, g2)을 메움시키는 것을 특징으로 하는 접합력을 향상시킨 세라믹 소재의 웨이퍼케리어 접합방법.",1026,False,True,explicit_or_regex_estimated
1020180124015,1020200043204,1021501640000,등록,등록,접합력을 향상시킨 세라믹소재의 웨이퍼 케리어 및 그 웨이퍼케리어 접합방법,주식회사 월덱스,5,5. 제 1항 또는 제 2항의 접합방법으로 구성되는 것을 특징으로 하는 접합력을 향상시킨 세라믹 소재의 웨이퍼케리어.,65,True,False,explicit_or_regex_estimated
1020190030979,1020200111373,1021959270000,등록,등록,에칭장치용 전극판과 플레이트를 결합하기 위한 부시 조립체 및 전극판과 플레이트의 결합구조,주식회사 월덱스,1,"1. 에칭장치용 전극판과 플레이트를 결합하기 위한 부시 조립체에 있어서,내측에 볼트(b)가 체결되도록 나사산이 형성되는 체결홀(11)이 형성되고, 외측에 고정부재(40)가 체결되는 나사산이 형성되는 외부상측(10a)과, 상기 외부상측(10a)보다 더 크게 형성되는 외부하측(10b)이 구분되게 형성되어 에칭장치용 전극판(100)의 홈(110)에 삽입되는 부시(10);상기 부시(10)를 외측을 감싸며 끼워지되 부시(10)의 하부를 완전히 감싸며 상부에 돌출되는 하나 이상의 키(21)가 형성되는 조립링(20);상기 홈(110)에 삽입되어 상기 부시(10)의 외측을 감싸며 상기 조립링(20)의 상부에 끼워지고, 내부에 상기 부시(10)의 외주상부가 위치되며 상기 조립링(20)과 서로 다른 수평방향으로 배치되고, 하부에 상기 키(21)에 끼워지는 키홈(33)이 형성되며, 상부 내측에 단턱홀(31)이 형성되는 회전방지부재(30);상기 단턱홀(31)에 위치하되 내측에 나사산이 형성되어 상기 외부상측(10a)의 외측에 형성된 나사산과 결합되어 상기 부시(10)와 조립링(20) 및 회전방지부재(30)를 고정하는 고정부재(40); 로 구성되는 것을 특징으로 하는 에칭장치용 전극판과 플레이트를 결합하기 위한 부시 조립체.",625,False,True,explicit_or_regex_estimated
1020190030979,1020200111373,1021959270000,등록,등록,에칭장치용 전극판과 플레이트를 결합하기 위한 부시 조립체 및 전극판과 플레이트의 결합구조,주식회사 월덱스,4,"4. 제 1항에 있어서, 상기 부시(10)의 상부와 고정부재(40)의 상부에는 서로 마주하는 양측에 각각의 탭(13, 41)이 형성되는 것을 특징으로 하는 에칭장치용 전극판의 플레이트를 결합하기 위한 부시 조립체.",119,True,False,explicit_or_regex_estimated
1020190030979,1020200111373,1021959270000,등록,등록,에칭장치용 전극판과 플레이트를 결합하기 위한 부시 조립체 및 전극판과 플레이트의 결합구조,주식회사 월덱스,5,"5. 제 1항에 있어서, 상기 부시 조립체는 절연체 또는 비절연체인 것을 특징으로 하는 에칭장치용 전극판의 플레이트를 결합하기 위한 부시 조립체.",81,True,False,explicit_or_regex_estimated
1020190030979,1020200111373,1021959270000,등록,등록,에칭장치용 전극판과 플레이트를 결합하기 위한 부시 조립체 및 전극판과 플레이트의 결합구조,주식회사 월덱스,6,"6. 제 1항에 있어서, 상기 부시 조립체는 Single Si, Poly Si, Sapphire, CVD SiC, Sintered SiC, SUS, AI, Torlon, Cerazole 중 어느 하나로 구성되는 것을 특징으로 하는 에칭장치용 전극판의 플레이트를 결합하기 위한 부시 조립체.",161,True,False,explicit_or_regex_estimated
1020190030979,1020200111373,1021959270000,등록,등록,에칭장치용 전극판과 플레이트를 결합하기 위한 부시 조립체 및 전극판과 플레이트의 결합구조,주식회사 월덱스,7,"7. 에칭장치용 전극판(100)과 플레이트(200)를 결합하기 위한 부시 조립체를 이용한 전극판과 플레이트의 결합구조에 있어서,상기 부시 조립체는 제1항의 부시 조립체를 이용하고,상기 전극판(100)의 일측에 상호 연장되되, 원형과 타원형의 상부홈(110a)과 하부홈(110b)으로 홈(110)을 형성하며,부시(10)의 외주에 조립링(20)을 끼운 후 상기 부시(10)의 외부하측(10a)을 상기 홈(110)으로 삽입하되 하부홈(110b) 바닥부까지 완전히 삽입시킨 다음 일측방향으로 회전시켜 조립링(20)과 함께 홈(110)에서 이탈되지 않도록 구성하고,상부에 단턱홀(31)을 가지고 상기 상부홈(110a)에 끼워져 부시(10)의 상부 외주를 감싸는 회전방지부재(30)를 구성하되, 상기 조립링(20)의 상부와 고정되도록 구성하며,상기 단턱홀(31)에 삽입하되, 부시(10)의 외주에 고정부재(40)를 체결 구성하여 상기 부시(10)와 조립링(20) 및 회전방지부재(30)를 완전히 고정 구성시키고,상기 전극판(100)의 상부에 플레이트(200)를 구비하되 결합홀(210)을 부시의 체결홀(11)과 동일선상에 배치시켜 볼트(b)로 완전히 체결하도록 구성하는 것을 특징으로 하는 에칭장치용 전극판과 플레이트를 결합하기 위한 부시 조립체를 이용한 전극판과 플레이트의 결합구조.",657,False,True,explicit_or_regex_estimated
1020210047960,1020220141622,1024988960000,등록,등록,샤워헤드 전극판용 부시 조립체 및 전극판과 플레이트의 결합구조체,주식회사 월덱스,1,"1. 전극판과 플레이트를 결합하기 위해 전극판의 홈에 체결되는 부시 조립체에 있어서, 중앙부가 관통되며 내측에 나사산이 형성되는 체결홀(11)과, 외주 상부에 체결부재(20)를 체결하기 위한 나사산과, 외주 하부 일측에 상기 전극판(200)의 홈(110)에 끼워져 고정되되, 외주를 따라 이어지는 회전테(13)와, 상기 회전테(13)의 일측끝단 상부에 형성되되, 상기 회전테(13)보다 더 높게 형성되는 스토퍼(15)로 구성되는 부시(10);상기 부시(10)의 외주 상부에 나사산과 체결되는 체결부재(20);를 포함하여 구성되는 것을 특징으로 하는 샤워헤드 전극판용 부시 조립체.",324,False,True,explicit_or_regex_estimated
1020210047960,1020220141622,1024988960000,등록,등록,샤워헤드 전극판용 부시 조립체 및 전극판과 플레이트의 결합구조체,주식회사 월덱스,2,"2. 제 1항에 있어서, 상기 회전테(13)와 스토퍼(15)는,상기 부시(10)의 외주에 서로 대칭되게 각각 형성되는 것을 특징으로 하는 샤워헤드 전극판용 부시 조립체.",94,True,False,explicit_or_regex_estimated
1020210047960,1020220141622,1024988960000,등록,등록,샤워헤드 전극판용 부시 조립체 및 전극판과 플레이트의 결합구조체,주식회사 월덱스,3,"3. 제 1항에 있어서,상기 부시(10)의 상부와 체결부재(20)의 상부에는 서로 마주하는 양측에 각각의 탭(17, 27)이 형성되는 것을 특징으로 하는 샤워헤드 전극판용 부시 조립체.",103,True,False,explicit_or_regex_estimated
1020210047960,1020220141622,1024988960000,등록,등록,샤워헤드 전극판용 부시 조립체 및 전극판과 플레이트의 결합구조체,주식회사 월덱스,4,"4. 제 1항에 있어서,상기 부시 조립체는 절연체 또는 비절연체인 것을 특징으로 하는 샤워헤드 전극판용 부시 조립체.",65,True,False,explicit_or_regex_estimated
1020210047960,1020220141622,1024988960000,등록,등록,샤워헤드 전극판용 부시 조립체 및 전극판과 플레이트의 결합구조체,주식회사 월덱스,5,"5. 제 1항에 있어서, 상기 부시 조립체는 Single Si, Poly Si, Sapphire, CVD SiC, Sintered SiC, SUS, AI, Torlon, Cerazole, Al2O3 중 어느 하나로 구성되는 것을 특징으로 하는 샤워헤드 전극판용 부시 조립체.",153,True,False,explicit_or_regex_estimated
1020210047960,1020220141622,1024988960000,등록,등록,샤워헤드 전극판용 부시 조립체 및 전극판과 플레이트의 결합구조체,주식회사 월덱스,6,"6. 샤워헤드용 전극판과 플레이트의 결합구조체에 있어서, 제 1항 내지 제 5항 중 어느 한 항의 부시 조립체를 이용하고, 상기 전극판(200)의 일측에 홈부(210)를 형성하되, 하부에 부시의 회전테(13)가 위치되는 하부홈(211)과 상부에 상기 회전테(13)가 인입되는 상부홈(213)이 서로 연장되게 형성되고, 상기 상, 하부홈(211, 213) 사이에 서로 마주하게 형성되어 회전테(13)가 끼워진 후 고정하기 위한 지지테(215)와 인입홀(217)이 형성되며, 상기 부시의 회전테(13)를 인입홀(217)로 인입시키되 하부홈(211)까지 인입시켜 위치시킨 후, 상기 부시의 상부에 체결부재(20)를 체결시킴과 동시에 상기 부시가 일측방향으로 회전하며 스토퍼(15)가 지지테(215)와 맞닿아 고정되고, 상기 회전테(13)의 상부가 지지테(215)의 하측과 완전히 맞닿게 되고, 체결부재(20)의 하부가 상기 지지테(215)의 상측과 완전히 맞닿게 되어 고정되고,상기 전극판(200)의 상부에 플레이트(300)를 구비하되, 결합홀(310)을 부시의 체결홀(11)과 동일선상에 배치시켜 볼트(b)로 완전히 체결하도록 구성되는 것을 특징으로 하는 샤워헤드 전극판의 플레이트의 결합구조체.",611,True,False,explicit_or_regex_estimated
1020210047960,1020220141622,1024988960000,등록,등록,샤워헤드 전극판용 부시 조립체 및 전극판과 플레이트의 결합구조체,주식회사 월덱스,7,"7. 제 6항에 있어서, 상기 지지테(215)는 홈부(210)의 내측에 서로 마주하는 방향에 각각 배치되어, 각각의 스토퍼(15)가 지지테(215)의 측면과 맞닿고, 각각의 회전테(13)의 상부가 지지테(215)의 하측과 맞닿으며,각각의 체결부재(200)의 하측에 상기 지지테(215)의 상측과 맞닿게 구성되는 것을 특징으로 하는 샤워헤드 전극판과 플레이트의 결합구조체.",207,True,False,explicit_or_regex_estimated
1020210047960,1020220141622,1024988960000,등록,등록,샤워헤드 전극판용 부시 조립체 및 전극판과 플레이트의 결합구조체,주식회사 월덱스,8,"8. 제 7항에 있어서,상기 스토퍼(15)와 지지테(215)의 측면은 상호 대응되게 형성되어 완전히 맞닿게 구성되는 것을 특징으로 하는 샤워헤드 전극판과 플레이트의 결합구조체.",98,True,False,explicit_or_regex_estimated
1020210123464,1020230040181,1027007170000,등록,등록,곡면 가공 효율성을 향상시킨 반도체 부품소재 가공 장치,주식회사 월덱스,1,"1. 반도체 부품소재의 상부를 곡면으로 가공하는 가공 장치에 있어서, 상기 가공장치는, x축 및 z축으로의 이동이 가능토록 구성되는 이송부(100); 상기 이송부(100)의 일 측에 구성되되 일 측에 회전이 가능토록 구성되어, 부품소재(s)의 상부면과 맞닿으며 부품소재(s)의 상부를 가공토록 구성되는 가공헤드(210)가 포함되어 구성되는 가공부재(200); 상부에 안착되는 부품소재(s)를 고정하는 척(310)과, 상기 척(310)의 하부에 회전이 가능토록 구성되어 상기 척(310)에 고정되는 부품소재(s)를 회전시키는 회전부재(320)로 구성되는 회전부(300);로 구성되고, 상기 가공부재(200)는 상기 척(310)의 상부에 고정되는 부품소재(s)의 상부면과 소정 각도를 이루며 구성되어, 상기 가공부재(200)의 가공헤드(210)가 상기 부품소재(s)의 상부를 가공할 시에 상기 가공헤드(210)의 하부 가장자리 및 측면부를 혼용하여 상기 부품소재(s)의 상부를 곡면으로 가공할 수 있도록 하되, 상기 가공부재(200)는 상기 이송부(100)의 일 측에 수직 회동이 가능토록 구성되어, 상기 가공부재(200)가 상기 회전부(300)의 척(310) 상부에 고정되는 부품소재(s)의 상부면과 이루는 각도를 조절할 수 있도록 구성되고, 상기 회전부(300)는 수평면을 기준으로 상기 척(310)의 상부에 고정되는 부품소재(s)의 수평 각도를 조절할 수 있도록 구성되며, 상기 부품소재(s)는 실리콘(Silicon), 실리콘카바이드(Silicon Carbide), 이산화규소(Silicon dioxide), 산화알루미늄(Aluminium Oxide), 질화알루미늄(Aluminum nitride), 지르코니아(zirconia), 이트리아(Yttria), 카본(Carbon), 그라파이트(Graphite) 중 어느 하나의 소재로 이루어지고, 상기 가공부재(200)는 가공헤드(210)에 의해 가공되는 부품소재(s)의 깊이가 0 ~ 15mm 미만인 경우에는 상기 가공부재(200)의 가공헤드(210)가 수직 기준으로 0 ~ 30°의 각도를 이루도록 구성되며, 상기 가공헤드(210)에 의해 가공되는 부품소재(s)의 깊이가 15 ~ 30mm의 경우에는 상기 가공부재(200)의 가공헤드(210)가 수직 기준으로 31° ~ 90°의 각도를 이루도록 구성되는 것을 특징으로 하는 곡면 가공 효율성을 향상시킨 반도체 부품소재 가공 장치.",1192,False,True,explicit_or_regex_estimated
1020230128731,1020250045614,1028591060000,등록,등록,반도체 에칭장치에 체결되는 그라파이트 기반 CVD-SiC 코팅 제품 세정방법,주식회사 월덱스,1,"1. 반도체 에칭장치에 체결되는 CVD-SiC 박막이 코팅된 그라운드 링 세정방법에 있어서, 상기 그라운드 링(10)의 외측에 박막코팅(11)이 되지 않은 체결부(13)를 밀폐시키는 밀폐단계(S100); 상기 박막코팅(11)층의 표면을 세정하기 위해서, 알칼리 용액과 계면활성제와 DI Water로 구성되는 제1세정액, 무기산과 DI Water로 구성되는 제2세정액, 암모늄화합물 알칼리 용액과 산화제와 DI Water로 구성되는 제3세정액, 무기산과 산화제와 DI Water로 구성되는 제4세정액 중 하나 이상 선정하는 세정액 선정단계(S200); 상기 선정단계(S200)에서 선정된 세정액으로 세정하여 상기 박막코팅(11)층의 표면에 부착된 미립자(Particle), 유기물, 금속물을 제거하는 세정단계(S300);를 포함하여 이루어지는 것을 특징으로 하는 반도체 에칭장치에 체결되는 CVD-SiC 박막이 코팅된 그라운드 링 세정방법.",469,False,True,explicit_or_regex_estimated
1020230128731,1020250045614,1028591060000,등록,등록,반도체 에칭장치에 체결되는 그라파이트 기반 CVD-SiC 코팅 제품 세정방법,주식회사 월덱스,2,"2. 제 1항에 있어서, 상기 선정단계(S200)의 제1세정액은 알칼리 용액 1.5~4 중량%, 계면활성제 0.1~10중량%, DI Water 86~98.4중량%로 구성되고, 상기 세정단계(S300)는 세1세정액으로 세정 시, 구비된 다이에 그라운드 링을 넣은 후, 40~50℃온도에서 초음파처리 하는 것을 특징으로 하는 반도체 에칭장치에 체결되는 CVD-SiC 박막이 코팅된 그라운드 링 세정방법.",223,True,False,explicit_or_regex_estimated
1020230128731,1020250045614,1028591060000,등록,등록,반도체 에칭장치에 체결되는 그라파이트 기반 CVD-SiC 코팅 제품 세정방법,주식회사 월덱스,3,"3. 제 1항에 있어서, 상기 선정단계(S200)의 제2세정액은, 무기산 0.1~0.9중량%, DI Water 99.1~99.9중량%로 구성되고, 상기 세정단계(S300)에서 제2세정액으로 세정 시, 구비된 다이에 그라운드 링을 넣은 후, 20~30℃에서 세정하는 것을 특징으로 하는 반도체 에칭장치에 체결되는 CVD-SiC 박막이 코팅된 그라운드 링 세정방법.",202,True,False,explicit_or_regex_estimated
1020230128731,1020250045614,1028591060000,등록,등록,반도체 에칭장치에 체결되는 그라파이트 기반 CVD-SiC 코팅 제품 세정방법,주식회사 월덱스,4,"4. 제 1항에 있어서, 상기 선정단계(S200)의 제3세정액은, 암모늄화합물 알칼리 0.1~0.9중량%, 산화제 0.01~0.1중량%, DI Water 99~99.89중량%로 구성되고, 상기 세정단계(S300)에서 제3세정액으로 세정 시, 구비된 다이에 그라운드 링을 넣은 후, 30~35℃에서 세정하는 것을 특징으로 하는 반도체 에칭장치에 체결되는 CVD-SiC 박막이 코팅된 그라운드 링 세정방법.",225,True,False,explicit_or_regex_estimated
1020230128731,1020250045614,1028591060000,등록,등록,반도체 에칭장치에 체결되는 그라파이트 기반 CVD-SiC 코팅 제품 세정방법,주식회사 월덱스,5,"5. 제 1항에 있어서, 상기 선정단계(S200)의 제4세정액은, 무기산 0.5~2.0중량%, DI Water 98~99.5중량%로 구성되고, 상기 세정단계(S300)에서 제4세정액으로 세정 시, 구비된 다이에 그라운드 링을 넣은 후, 20~30℃에서 세정하는 것을 특징으로 하는 반도체 에칭장치에 체결되는 CVD-SiC 박막이 코팅된 그라운드 링 세정방법.",200,True,False,explicit_or_regex_estimated
1020230128731,1020250045614,1028591060000,등록,등록,반도체 에칭장치에 체결되는 그라파이트 기반 CVD-SiC 코팅 제품 세정방법,주식회사 월덱스,6,"6. 제 1항에 있어서, 상기 밀폐단계(S100)는, 상측 중앙부에 상기 체결부(13)의 체결홀에 체결되는 체결돌출부(21)와, 상측에 형성되되 체결돌출부 보다 더 큰 지름을 갖는 삽입홀(23)과, 상기 삽입홀(23)에 끼워지되 상기 삽입홀(23)보다 상호 높이가 더 높게 형성되는 패킹(25)을 포함하는 밀폐부재(20)를 구성하여, 상기 체결부(13)의 체결홀에 체결돌출부(21)를 체결하는 것을 특징으로 하는 반도체 에칭장치에 체결되는 CVD-SiC 박막이 코팅된 그라운드 링 세정방법.",274,True,False,explicit_or_regex_estimated
1020230128731,1020250045614,1028591060000,등록,등록,반도체 에칭장치에 체결되는 그라파이트 기반 CVD-SiC 코팅 제품 세정방법,주식회사 월덱스,7,"7. 제 6항에 있어서, 상기 삽입홀(23)은 하나 이상 다수개로 형성되고, 상기 패킹(25)은 삽입홀(23)의 개수와 대응되게 구성되는 것을 특징으로 하는 반도체 에칭장치에 체결되는 CVD-SiC 박막이 코팅된 그라운드 링 세정방법.",131,True,False,explicit_or_regex_estimated
1020230162591,1020250075289,,공개,공개,"방전가공이 가능한 상압고상소결 탄화규소 소결체, 그 조성물 및 그 제조방법",주식회사 월덱스,1,"1. 서브마이크론 α-SiC 분말에 비금속 전기전도성 입자와 고용한계내의 소결첨가제를 첨가하여, 입계 및 삼중점에 편석된 비금속 전기전도성 입자를 6.0~14.0 중량% 포함하는 미세구조적 특징을 가지며, 9.0×10~4 ~ 9.0×10~2 Ωcm 범위의 비저항을 가지는 방전가공이 가능한 저저항 상압 고상소결 탄화규소 소재 제조용 조성물.",190,False,True,explicit_or_regex_estimated
1020230162591,1020250075289,,공개,공개,"방전가공이 가능한 상압고상소결 탄화규소 소결체, 그 조성물 및 그 제조방법",주식회사 월덱스,2,"2. 제 1항에 있어서상기 조성물은 세라믹 조성물을 100 중량%로 하였을 때, 탄화규소 85.75~93.90 중량%, 비금속 전기전도성 입자 6.0~14.0 중량% 및 소결첨가제 0.10~0.25 중량%를 포함하며, 공정조제로는 세라믹 중량에 대하여 추가로 분산제 0.5~5.0 중량%, 바인더 0.70~3.50 중량%, 가소제 0.05~2.50 중량% 포함하는 조성물.",208,True,False,explicit_or_regex_estimated
1020230162591,1020250075289,,공개,공개,"방전가공이 가능한 상압고상소결 탄화규소 소결체, 그 조성물 및 그 제조방법",주식회사 월덱스,3,"3. 제 1항에 있어서, 상기 고용한계내에서 첨가되는 소결첨가제는 B4C, BN 및 이들의 혼합으로 이루어지는 군에서 선택되는 한가지 이상을 0.10~0.25 중량% 범위에서 포함하는 것을 특징으로 하는 조성물.",118,True,False,explicit_or_regex_estimated
1020230162591,1020250075289,,공개,공개,"방전가공이 가능한 상압고상소결 탄화규소 소결체, 그 조성물 및 그 제조방법",주식회사 월덱스,4,"4. 제 1항에 있어서, 상기 비금속 전기전도성 입자는 그래핀, 카본나노튜브, 카본나노파이버, 흑연나노파이버, 카본블랙, 카본의 전구체로서 페놀수지, 퍼푸릴알콜수지, 자이렌수지 및 이들의 혼합으로 이루어지는 군에서 선택되는 한가지 이상을 포함하는 것을 특징으로 하는 조성물.",153,True,False,explicit_or_regex_estimated
1020230162591,1020250075289,,공개,공개,"방전가공이 가능한 상압고상소결 탄화규소 소결체, 그 조성물 및 그 제조방법",주식회사 월덱스,5,"5. 전기비저항이 9.0×10-4 ~ 9.0×10-2 Ωcm의 범위를 나타내며, 입계 및 삼중점에 편석된 비금속 전기전도성 입자를 6.0~14.0 중량% 범위에서 포함하는 미세조직적 특징을 가지며, 입계 및 삼중점에 편석된 붕소 화합물이 없으며, 기공율이 3% 이하로서 고밀도이고, 1.0 ~ 9.0 mm/분 범위의 속도로 방전 가공이 가능한 상압고상소결 공정으로 제조된 탄화규소 소결체 제조방법.",222,False,True,explicit_or_regex_estimated
1020230162591,1020250075289,,공개,공개,"방전가공이 가능한 상압고상소결 탄화규소 소결체, 그 조성물 및 그 제조방법",주식회사 월덱스,6,"6. 제 5항에 있어서,상기 제조방법은 (i) 탄화규소, 비금속 전기전도성 입자, 소결첨가제 및 공정첨가제로서 분산제 (dispersant), 바인더 (binder), 가소제 (plasticizer)를 포함하는 탄화규소 소재용 조성물의 혼합물을 제조하는 단계; (ii) 상기 혼합물을 이용하여 과립 (granule)을 만드는 단계; (iii) 상기 과립을 사용하여 성형체를 제조하는 단계; 및 (iv) 상기 성형체를 상압소결하는 단계를 포함하는 것을 특징으로 하는 방정가공이 가능한 탄화규소 소재의 제조방법.",284,True,False,explicit_or_regex_estimated
1020230162591,1020250075289,,공개,공개,"방전가공이 가능한 상압고상소결 탄화규소 소결체, 그 조성물 및 그 제조방법",주식회사 월덱스,7,"7. 제 5항에 있어서상기 상압소결 공정의 최고 온도는 2050 ~ 2250℃의 범위이며, 진공분위기를 적용하고, 승온 과정에서 350~850 oC의 온도범위에서 0.5~7 시간 동안 유기바인더의 열분해 공정을 거치며, 비금속 전기전도성 입자의 전구체가 첨가된 경우에는 동일 온도 구간에서 비금속 전기전도성 입자의 전구체의 열분해 공정을 거치며, 1450~1700℃ 온도범위에서 SiO2 + 3C → SiC + 2CO↑ 반응을 일으키기 위해 1~8시간 동안 유지하고, 1700℃에서 아르곤 분위기로 변환하여, 그 이후에는 아르곤 가스 분위기를 사용하여 2050 ~ 2250℃ 온도 범위에서 2 ~ 15시간 동안 상압소결하는 것을 특징으로 하는 1.0~9.0 mm/분의 속도로 방전가공이 가능한 저저항 상압소결 탄화규소 소재의 제조방법.",411,True,False,explicit_or_regex_estimated
1020230162591,1020250075289,,공개,공개,"방전가공이 가능한 상압고상소결 탄화규소 소결체, 그 조성물 및 그 제조방법",주식회사 월덱스,8,"8. 제 2항의 조성물을 사용하여 제 6항의 제조방법으로 제조되며, 9.0 × 10-4 ~ 9.0 × 10-2 Ωcm 범위의 비저항을 가지며, 입계 및 삼중점에 편석된 비금속 전기전도성 입자를 6.0~14.0 중량% 범위에서 포함하는 미세조직적 특징을 가지며, 기공율이 3% 이하인 것을 특징으로 하며, 1.0 ~ 9.0 mm/분 범위의 속도로 방전 가공이 가능한 상압고상소결 공정으로 제조된 탄화규소 소결체.",229,False,True,explicit_or_regex_estimated
1020230162591,1020250075289,,공개,공개,"방전가공이 가능한 상압고상소결 탄화규소 소결체, 그 조성물 및 그 제조방법",주식회사 월덱스,9,"9. 제 8항에 있어서, 입계 및 삼중점에 편석된 비금속 전기전도성 입자의 크기는 1 nm ~ 30 μm의 범위인 것을 특징으로 하는 방전가공이 가능한 저저항 상압 고상소결 탄화규소 소재.",105,True,False,explicit_or_regex_estimated
1020230166964,1020250079605,,공개,공개,반도체 부품 세정용 고정클램프,주식회사 월덱스,1,"1. 반도체용 부품을 고정 지지하기 위한 고정클램프로써, 메인샤프트(10); 상기 메인샤프트(10)의 중앙부에 하부에 끼워지며 상, 하부로 이동하는 조작부(20); 상기 메인샤프트(10)의 외주를 감싸며 구성되는 고정링(30); 상기 조작부(20)의 끝단에 연결되는 삼각대(40); 일측이 상기 삼각대(40)의 일측과 힌지 결합되어 회동하며 타측이 반도체 부품을 클램핑하는 다수의 집계부(50); 일측이 상기 집계부(50)의 일측과 힌지결합되고 타측이 상기 고정링(30)의 일측과 힌지 결합되는 링크부(60);를 포함하여, 상기 클램핑수단(20)의 상, 하 이동으로 상기 집계부(50)가 외측방향으로 벌어지고, 내측방향으로 좁혀지도록 구성되는 것을 특징으로 하는 반도체 부품 세정용 고정클램프.",388,False,True,explicit_or_regex_estimated
1020230166964,1020250079605,,공개,공개,반도체 부품 세정용 고정클램프,주식회사 월덱스,2,"2. 제 1항에 있어서, 상기 고정클램프에는 상기 메인샤프트(10)의 외부 양측에 각각 연결되며 상기 조작부(20)를 감싸는 핸들브라켓(71)과, 각각의 상기 핸들브라켓(71) 사이에 배치되되 양측이 각각의 상기 핸들브라켓(71)의 내측과 연결되어 고정되는 핸들고정바(73)가 구성되는 고정수단(70)을 더 포함하는 것을 특징으로 하는 반도체 부품 세정용 고정클프.",204,True,False,explicit_or_regex_estimated
1020230166964,1020250079605,,공개,공개,반도체 부품 세정용 고정클램프,주식회사 월덱스,3,"3. 제 2항에 있어서, 상기 조작부(20)는, 하부에 수직방향으로 길게 형성되는 샤프트(21)와, 상기 샤프트(21)의 상부에 끼움되어 상기 샤프트(21)가 메인샤프트(10) 상에서 상하부로 이동될 수 있도록 사용자가 잡아 누르거나 당길 수 있는 핸들부(23)로 구성되는 것을 특징으로 하는 반도체 부품 세정용 고정클램프.",181,True,False,explicit_or_regex_estimated
1020230166964,1020250079605,,공개,공개,반도체 부품 세정용 고정클램프,주식회사 월덱스,4,"4. 제 3항에 있어서, 상기 핸들부(23)의 양측에는 슬라이드부(24)가 형성되고, 상기 핸들부(23)를 감싸는 고정수단(70)의 핸들브라켓(71)의 내측에는 슬라이드홀(72)이 형성되어, 상기 핸들부(23)가 슬라이드홀(72)의 범위내에서 슬라이딩되도록 구성되는 것을 특징으로 하는 반도체 부품 세정용 고정클램프.",177,True,False,explicit_or_regex_estimated
1020230166964,1020250079605,,공개,공개,반도체 부품 세정용 고정클램프,주식회사 월덱스,5,"5. 제 1항에 있어서, 상기 집계부(50)는, 상기 삼각대(40)와 연결되지 않은 끝단에는 반도체 부품의 외측을 집어 고정할 시, 하부방향이 지지될 수 있도록 꺾임부(51)가 형성되고, 상기 꺾임부(51)가 일측에 반도체 부품의 외측이 인입될 수 있도록 인입홈(53)이 형성되는 것을 특징으로 하는 반도체 부품 세정용 고정클램프.",185,True,False,explicit_or_regex_estimated
1020230166964,1020250079605,,공개,공개,반도체 부품 세정용 고정클램프,주식회사 월덱스,6,"6. 제 5항에 있어서, 상기 꺾임부(51)의 내측에는, 반도체 부품과 직접적으로 맞닿을 시, 훼손을 방지 할 수 있도록 패드 또는 코팅부가 형성되는 것을 특징으로 하는 반도체 부품 세정용 고정클램프.",112,True,False,explicit_or_regex_estimated
1020230166964,1020250079605,,공개,공개,반도체 부품 세정용 고정클램프,주식회사 월덱스,7,"7. 제 1항에 있어서, 상기 고정링(30)의 하부에는 상기 고정링(30)이 메인샤프트(10)의 외주를 감싸며 끼워진 후, 하부로 이탈되는 것을 방지할 수 있도록 상기 메인샤프트(10)의 외주에 끼워져 고정링(30)의 하부에 배치되며 상기 메인샤프트(10)와 결합되는 결합링(35)을 더 포함하는 것을 특징으로 하는 반도체 부품 세정용 고정클램프.",194,True,False,explicit_or_regex_estimated
1020240066669,1020250167401,,공개,공개,"고저항 및 낮은 잔류 실리콘 함량을 갖는 반응소결 탄화규소 소재, 그 조성물 및 그 제조방법",주식회사 월덱스,1,"1. 조성물 전체중량을 100 중량%로 하였을 때, 탄화규소 입자 10.0~83.0 중량%, 탄소원료로 분해에 의하여 수 나노 미터 크기 범위(1.0~9.9nm)의 탄소인 제1 탄소입자 2.0~20.0 중량%를 생성하는 탄소전구체, 10~999nm의 크기 범위를 갖는 제2 탄소입자 10.0~50.0 중량%, 및 1~9.9㎛의 크기 범위를 갖는 제3 탄소입자 5.0~20.0 중량%,를 포함하며, 서로 다른 온도에서 진행되는 3단계 반응소결 공정에 의해 탄화규소 소재로 제조되는 것을 특징으로 하는 반응소결 탄화규소 소재용 조성물.",297,False,True,explicit_or_regex_estimated
1020240066669,1020250167401,,공개,공개,"고저항 및 낮은 잔류 실리콘 함량을 갖는 반응소결 탄화규소 소재, 그 조성물 및 그 제조방법",주식회사 월덱스,2,"2. (i) 제1항의 조성물과 상기 조성물 100% 중량 대비 0.5 ~ 2 중량%의 유기 바인더를 더 첨가하여 탄화규소 소재용 조성물의 혼합물을 제조하는 단계; (ii) 상기 혼합물을 사용하여 성형체를 제조하는 단계;(iii) 상기 성형체중의 유기 바인더 및 탄소전구체를 열분해 시켜 SiC-C 복합 소재를 제조하는 단계; 및 (iv) 상기 SiC-C 복합소재를 Si과 접촉시켜서 3단계 반응소결하되, 각 단계는 순차적으로 소결온도가 높아지도록 하는 단계;를 포함하여 구성되는 것을 특징으로 하는 반응소결 탄화규소 소재의 제조방법.",298,False,True,explicit_or_regex_estimated
1020240066669,1020250167401,,공개,공개,"고저항 및 낮은 잔류 실리콘 함량을 갖는 반응소결 탄화규소 소재, 그 조성물 및 그 제조방법",주식회사 월덱스,3,"3. 제2항에 있어서, 상기 3단계 반응소결은 0.01~1torr의 진공 분위기에서 이루어지되,(i) 1430~1490℃ 온도범위에서 0.5~2 시간 동안 진행되는 1단계 반응소결, (ii) 1500~1590℃ 온도범위에서 1~3 시간 동안 진행되는 2단계 반응소결, 및(iii) 1600~1800℃ 온도범위에서 1~8 시간 동안 진행되는 3단계 반응소결 공정으로 진행되는 것을 특징으로 하는 반응소결 탄화규소 소재의 제조방법.",239,True,False,explicit_or_regex_estimated
1020240066669,1020250167401,,공개,공개,"고저항 및 낮은 잔류 실리콘 함량을 갖는 반응소결 탄화규소 소재, 그 조성물 및 그 제조방법",주식회사 월덱스,4,"4. 제2항에 있어서, 상기 성형체중의 유기 바인더 및 탄소전구체를 열분해시켜 SiC-C 복합 소재를 제조하는 단계;는,0.01~1.0torr의 진공 분위기 및 400~1300℃의 온도범위에서 1~10 시간 동안 유기 바인더 및 탄소전구체를 열분해 시켜 SiC-C 복합 소재를 제조하는 공정임을 특징으로 하는 반응소결 탄화규소 소재의 제조 방법.",193,True,False,explicit_or_regex_estimated
1020240066669,1020250167401,,공개,공개,"고저항 및 낮은 잔류 실리콘 함량을 갖는 반응소결 탄화규소 소재, 그 조성물 및 그 제조방법",주식회사 월덱스,5,"5. 조성물 전체중량을 100 중량%로 하였을 때, 탄화규소 입자 10.0~82.0 중량%,탄소원료로 분해에 의하여 수 나노 미터 크기 범위(1.0~9.9nm)의 탄소인 제1 탄소입자 2.0~20.0 중량%를 생성하는 탄소전구체, 10~999nm의 크기 범위를 갖는 제2 탄소입자 10.0~50.0 중량%, 및 1~9.9㎛의 크기 범위를 갖는 제3 탄소입자 5.0~10.0 중량%,10~50㎛의 크기 범위를 갖는 제4 탄소입자 1.0~10.0 중량%를 포함하며, 서로 다른 온도에서 진행되는 4단계 반응소결 공정에 의해 탄화규소 소재로 제조되는 것을 특징으로 하는 반응소결 탄화규소 소재용 조성물.",334,False,True,explicit_or_regex_estimated
1020240066669,1020250167401,,공개,공개,"고저항 및 낮은 잔류 실리콘 함량을 갖는 반응소결 탄화규소 소재, 그 조성물 및 그 제조방법",주식회사 월덱스,6,"6. (v) 제5항의 조성물과 상기 조성물 100% 중량 대비 0.5 ~ 2 중량%의 유기 바인더를 더 첨가하여 탄화규소 소재용 조성물의 혼합물을 제조하는 단계;(vi) 상기 혼합물을 사용하여 성형체를 제조하는 단계;(vii) 상기 성형체중에 유기 바인더 및 탄소전구체를 열분해 시켜 SiC-C 복합 소재를 제조하는 단계; 및 (viii) 상기 SiC-C 복합소재를 Si와 접촉시켜 4단계 반응소결하되, 각 단계는 순차적으로 소결온도가 높아지도록 하는 단계;를 포함하여 구성되는 것을 특징으로 하는 반응소결 탄화규소 소재의 제조방법.",298,False,True,explicit_or_regex_estimated
1020240066669,1020250167401,,공개,공개,"고저항 및 낮은 잔류 실리콘 함량을 갖는 반응소결 탄화규소 소재, 그 조성물 및 그 제조방법",주식회사 월덱스,7,"7. 제6항에 있어서, 상기 4단계 반응소결은 0.01~1torr의 진공 분위기에서 이루어지되,(i) 1430~1490℃의 온도범위에서 0.5~2 시간 동안 진행되는 1단계 반응소결,(ii) 1500~1590℃의 온도범위에서 1~3 시간 동안 진행되는 2단계 반응소결, (iii) 1600~1800℃의 온도범위에서 1~8 시간 동안 진행되는 3단계 반응소결, 및(iv) 1810~1950℃의 온도범위에서 1~8 시간 동안 진행되는 4단계 반응소결 공정으로 진행되는 것을 특징으로 하는 반응소결 탄화규소 소재의 제조방법.",290,True,False,explicit_or_regex_estimated
1020240066669,1020250167401,,공개,공개,"고저항 및 낮은 잔류 실리콘 함량을 갖는 반응소결 탄화규소 소재, 그 조성물 및 그 제조방법",주식회사 월덱스,8,"8. 제1항의 조성물을 사용하여 제조되며, 전기비저항이 0.5~20 Ωcm 범위이고, 동시에 잔류 실리콘 함량이 소재 부피 100%를 기준으로 0.5~6.0 부피% 범위인 것을 특징으로 하는 반응소결 탄화규소 소재.",120,False,True,explicit_or_regex_estimated
1020240066669,1020250167401,,공개,공개,"고저항 및 낮은 잔류 실리콘 함량을 갖는 반응소결 탄화규소 소재, 그 조성물 및 그 제조방법",주식회사 월덱스,9,"9. 제5항의 조성물을 사용하여 제조되며, 전기비저항이 0.5~20 Ωcm 범위이고, 동시에 잔류 실리콘 함량이 소재 부피 100%를 기준으로 0.5~3.0 부피% 범위인 것을 특징으로 하는 반응소결 탄화규소 소재.",120,False,True,explicit_or_regex_estimated
1020240066669,1020250167401,,공개,공개,"고저항 및 낮은 잔류 실리콘 함량을 갖는 반응소결 탄화규소 소재, 그 조성물 및 그 제조방법",주식회사 월덱스,10,"10. 제2항 내지 제4항 중에서 선택되는 어느 하나의 제조방법을 통하여 제조되며, 전기비저항이 0.5~20 Ωcm 범위이고, 동시에 잔류 실리콘 함량이 소재 부피 100%를 기준으로 0.5~6.0 부피% 범위인 것을 특징으로 하는 반응소결 탄화규소 소재.",143,True,False,explicit_or_regex_estimated
1020240066669,1020250167401,,공개,공개,"고저항 및 낮은 잔류 실리콘 함량을 갖는 반응소결 탄화규소 소재, 그 조성물 및 그 제조방법",주식회사 월덱스,11,"11. 제6항 또는 제7항의 제조방법을 통하여 제조되며, 전기비저항이 0.5~20 Ωcm 범위이고, 동시에 잔류 실리콘 함량이 소재 부피 100%를 기준으로 0.5~3.0 부피% 범위인 것을 특징으로 하는 반응소결 탄화규소 소재.",128,True,False,explicit_or_regex_estimated
