company_name,sheet,excel_row,category,major_source,middle_source,quantifiable,item_name,content,content_present,content_char_count,numeric_signal_count,keyword_signal_count,metric_name,metric_value,metric_unit,metric_value_source,keyword_counts,numbers
한미반도체,한미,2,대표 기술,"사업 보고서, 기업 홈페이지, 특허 사이트","사업보고서: 사업의 내용 → 주요 제품 및 서비스 / 연구개발활동 / 생산공정·기술설명 / 원재료 및 전구체 설명 / 신규사업 내용
기업 홈페이지: 기술소개 / 제품기술 페이지 / 소재·공정 설명 페이지 / Application(적용 분야) 페이지 / R&D센터 소개
특허 사이트: 대표 등록특허 초록 / 청구항 / IPC·CPC 분류 / 특허 패밀리 / 피인용 특허","기술 키워드 등장 빈도, 적용 제품/공정 수, 수치화 가능한 성능(순도 %, 온도 ℃, 수율 %, 처리속도, 수명 등 : 따로 추출?)",핵심 기술 키워드,"HBM·TC 본더·micro SAW가 핵심 축
HBM용 열압착 본딩, 절단/검사 자동화, 차폐 공정이 동시 부각",True,62,0,5,"기술 키워드 등장 빈도, 적용 제품/공정 수, 수치화 가능한 성능(순도 %, 온도 ℃, 수율 %, 처리속도, 수명 등 : 따로 추출?)",62,chars,엑셀 내용 글자 수,"{""HBM"": 2, ""TC"": 1, ""공정"": 1, ""본더"": 1}",[]
한미반도체,한미,3,대표 기술,"사업 보고서, 기업 홈페이지, 특허 사이트","사업보고서: 사업의 내용 → 주요 제품 및 서비스 / 연구개발활동 / 생산공정·기술설명 / 원재료 및 전구체 설명 / 신규사업 내용
기업 홈페이지: 기술소개 / 제품기술 페이지 / 소재·공정 설명 페이지 / Application(적용 분야) 페이지 / R&D센터 소개
특허 사이트: 대표 등록특허 초록 / 청구항 / IPC·CPC 분류 / 특허 패밀리 / 피인용 특허","기술 키워드 등장 빈도, 적용 제품/공정 수, 수치화 가능한 성능(순도 %, 온도 ℃, 수율 %, 처리속도, 수명 등 : 따로 추출?)",적용 방식,"열압착(TC) 본딩, 6면 비전검사, 절단→세척→건조→2D/3D검사→선별→적재 통합 공정, EMI 차폐 공정으로 적용",True,65,3,4,"기술 키워드 등장 빈도, 적용 제품/공정 수, 수치화 가능한 성능(순도 %, 온도 ℃, 수율 %, 처리속도, 수명 등 : 따로 추출?)",6.0,number,"열압착(TC) 본딩, 6면 비전검사, 절단→세척→건조→2D/3D검사→선별→적재 통합 공정, EMI 차폐 공정으로 적용","{""공정"": 2, ""EMI"": 1, ""TC"": 1}","[{""raw"": ""6"", ""value"": 6.0, ""unit"": """", ""context"": ""열압착(TC) 본딩, 6면 비전검사, 절단→세척→건조→2D/3D검사→선별→적재 통합 공정, EMI 차폐 공정으로 적용""}, {""raw"": ""2"", ""value"": 2.0, ""unit"": """", ""context"": ""열압착(TC) 본딩, 6면 비전검사, 절단→세척→건조→2D/3D검사→선별→적재 통합 공정, EMI 차폐 공정으로 적용""}, {""raw"": ""3"", ""value"": 3.0, ""unit"": """", ""context"": ""열압착(TC) 본딩, 6면 비전검사, 절단→세척→건조→2D/3D검사→선별→적재 통합 공정, EMI 차폐 공정으로 적용""}]"
한미반도체,한미,4,대표 기술,"사업 보고서, 기업 홈페이지, 특허 사이트","사업보고서: 사업의 내용 → 주요 제품 및 서비스 / 연구개발활동 / 생산공정·기술설명 / 원재료 및 전구체 설명 / 신규사업 내용
기업 홈페이지: 기술소개 / 제품기술 페이지 / 소재·공정 설명 페이지 / Application(적용 분야) 페이지 / R&D센터 소개
특허 사이트: 대표 등록특허 초록 / 청구항 / IPC·CPC 분류 / 특허 패밀리 / 피인용 특허","기술 키워드 등장 빈도, 적용 제품/공정 수, 수치화 가능한 성능(순도 %, 온도 ℃, 수율 %, 처리속도, 수명 등 : 따로 추출?)",핵심 성능 요소,"12·16단 HBM 대응, 20단 이상용 Wide Die 대응 준비, 6면 검사, BOC·COB 2-in-1 처리, 2.5D Big Die 대응이 핵심",True,84,7,1,"기술 키워드 등장 빈도, 적용 제품/공정 수, 수치화 가능한 성능(순도 %, 온도 ℃, 수율 %, 처리속도, 수명 등 : 따로 추출?)",12.0,number,"12·16단 HBM 대응, 20단 이상용 Wide Die 대응 준비, 6면 검사, BOC·COB 2-i","{""HBM"": 1}","[{""raw"": ""12"", ""value"": 12.0, ""unit"": """", ""context"": ""12·16단 HBM 대응, 20단 이상용 Wide Die 대응 준비, 6면 검사, BOC·COB 2-i""}, {""raw"": ""16"", ""value"": 16.0, ""unit"": ""단"", ""context"": ""12·16단 HBM 대응, 20단 이상용 Wide Die 대응 준비, 6면 검사, BOC·COB 2-in-1""}, {""raw"": ""20"", ""value"": 20.0, ""unit"": ""단"", ""context"": ""12·16단 HBM 대응, 20단 이상용 Wide Die 대응 준비, 6면 검사, BOC·COB 2-in-1 처리, 2.5D Big""}, {""raw"": ""6"", ""value"": 6.0, ""unit"": """", ""context"": ""12·16단 HBM 대응, 20단 이상용 Wide Die 대응 준비, 6면 검사, BOC·COB 2-in-1 처리, 2.5D Big Die 대응이 핵심""}, {""raw"": ""2"", ""value"": 2.0, ""unit"": """", ""context"": ""M 대응, 20단 이상용 Wide Die 대응 준비, 6면 검사, BOC·COB 2-in-1 처리, 2.5D Big Die 대응이 핵심""}, {""raw"": ""-1"", ""value"": -1.0, ""unit"": """", ""context"": "", 20단 이상용 Wide Die 대응 준비, 6면 검사, BOC·COB 2-in-1 처리, 2.5D Big Die 대응이 핵심""}, {""raw"": ""2.5"", ""value"": 2.5, ""unit"": """", ""context"": ""상용 Wide Die 대응 준비, 6면 검사, BOC·COB 2-in-1 처리, 2.5D Big Die 대응이 핵심""}]"
한미반도체,한미,5,핵심 제품/서비스,"사업 보고서 - 매출 구성
홈페이지 매출구성
IR 발표자료","사업보고서: 사업부문별 매출 / 제품별 매출 / 주요 제품 매출 비중 / 수출 비중 / 사업부별 실적
홈페이지: 제품 포트폴리오 / 제품 카테고리 / 베스트셀러·주력제품 / 응용처별 제품 분류
IR: Company Overview / Product Portfolio / Revenue Breakdown / Business Segment / 성장동력 슬라이드","매출 비중 %, 전년 성장률 %, 제품 수, 고객 산업 수",제품명/서비스명,"주력 장비는 HBM TC BONDER, 6-SIDE INSPECTION, micro SAW & VISION PLACEMENT(MSVP)",True,75,1,3,"매출 비중 %, 전년 성장률 %, 제품 수, 고객 산업 수",6.0,number,"주력 장비는 HBM TC BONDER, 6-SIDE INSPECTION, micro SAW & VISION PLACEMENT(MSVP)","{""Bonder"": 1, ""HBM"": 1, ""TC"": 1}","[{""raw"": ""6"", ""value"": 6.0, ""unit"": """", ""context"": ""주력 장비는 HBM TC BONDER, 6-SIDE INSPECTION, micro SAW & VISION PLACEMENT(MSVP)""}]"
한미반도체,한미,6,핵심 제품/서비스,"사업 보고서 - 매출 구성
홈페이지 매출구성
IR 발표자료","사업보고서: 사업부문별 매출 / 제품별 매출 / 주요 제품 매출 비중 / 수출 비중 / 사업부별 실적
홈페이지: 제품 포트폴리오 / 제품 카테고리 / 베스트셀러·주력제품 / 응용처별 제품 분류
IR: Company Overview / Product Portfolio / Revenue Breakdown / Business Segment / 성장동력 슬라이드","매출 비중 %, 전년 성장률 %, 제품 수, 고객 산업 수",적용 기술,"열압착 본딩, 6면 비전 검사, 절단/세척/건조/검사 자동화, 전자파 차폐, 2.5D 패키징 대응 기술",True,57,2,1,"매출 비중 %, 전년 성장률 %, 제품 수, 고객 산업 수",6.0,number,"열압착 본딩, 6면 비전 검사, 절단/세척/건조/검사 자동화, 전자파 차폐, 2.5D 패키징 대응 기술","{""패키징"": 1}","[{""raw"": ""6"", ""value"": 6.0, ""unit"": """", ""context"": ""열압착 본딩, 6면 비전 검사, 절단/세척/건조/검사 자동화, 전자파 차폐, 2.5D 패키징 대응 기술""}, {""raw"": ""2.5"", ""value"": 2.5, ""unit"": """", ""context"": ""열압착 본딩, 6면 비전 검사, 절단/세척/건조/검사 자동화, 전자파 차폐, 2.5D 패키징 대응 기술""}]"
한미반도체,한미,7,핵심 제품/서비스,"사업 보고서 - 매출 구성
홈페이지 매출구성
IR 발표자료","사업보고서: 사업부문별 매출 / 제품별 매출 / 주요 제품 매출 비중 / 수출 비중 / 사업부별 실적
홈페이지: 제품 포트폴리오 / 제품 카테고리 / 베스트셀러·주력제품 / 응용처별 제품 분류
IR: Company Overview / Product Portfolio / Revenue Breakdown / Business Segment / 성장동력 슬라이드","매출 비중 %, 전년 성장률 %, 제품 수, 고객 산업 수",주요 고객군,"SK하이닉스·Micron 등 HBM/메모리 고객, ASE·Amkor·JCET 등 OSAT, Infineon·ST Micro·Skyworks 등 시스템/통신 반도체 고객으로 구성",True,98,0,4,"매출 비중 %, 전년 성장률 %, 제품 수, 고객 산업 수",98,chars,엑셀 내용 글자 수,"{""고객"": 2, ""HBM"": 1, ""반도체"": 1}",[]
한미반도체,한미,8,고객 구매 이유,"1) IR
2) 제품 홍보 자료
3) 인터뷰 기사","IR: Investment Highlights / 제품 경쟁력 / 고객사 채택 배경 / 고객 효익 설명 슬라이드 / 양산 적용 사례
제품 홍보 자료: 제품 브로슈어 / 기술소개서 / 데이터시트 / Application Note / 비교표 / FAQ
인터뷰 기사: 고객이 선택한 이유 / 채택 배경 / 기존 대안 대비 개선점 / 산업 현장 적용 사례 / 신규 수요처 언급","성능 개선율 %, 원가 절감률 %, 처리속도, 불량률 감소, 수명 증가, 고객사 수",고객 효익,"고객은 고적층 HBM 대응력, 수율·검사정밀도 개선, 공정 통합, 공간 효율화와 CAPEX 절감",True,53,0,3,"성능 개선율 %, 원가 절감률 %, 처리속도, 불량률 감소, 수명 증가, 고객사 수",53,chars,엑셀 내용 글자 수,"{""HBM"": 1, ""고객"": 1, ""공정"": 1}",[]
한미반도체,한미,9,고객 구매 이유,"1) IR
2) 제품 홍보 자료
3) 인터뷰 기사","IR: Investment Highlights / 제품 경쟁력 / 고객사 채택 배경 / 고객 효익 설명 슬라이드 / 양산 적용 사례
제품 홍보 자료: 제품 브로슈어 / 기술소개서 / 데이터시트 / Application Note / 비교표 / FAQ
인터뷰 기사: 고객이 선택한 이유 / 채택 배경 / 기존 대안 대비 개선점 / 산업 현장 적용 사례 / 신규 수요처 언급","성능 개선율 %, 원가 절감률 %, 처리속도, 불량률 감소, 수명 증가, 고객사 수",경쟁 제품 대비 장점,"수직통합 제조, 세계 최초 BOC·COB 동시 처리, 세계 시장점유율 1위 micro SAW/MSVP, Wide Die·2.5D Big Die 대응력",True,83,2,0,"성능 개선율 %, 원가 절감률 %, 처리속도, 불량률 감소, 수명 증가, 고객사 수",1.0,number,"수직통합 제조, 세계 최초 BOC·COB 동시 처리, 세계 시장점유율 1위 micro SAW/MSVP, Wide Die·2.5D Big Die 대응력",{},"[{""raw"": ""1"", ""value"": 1.0, ""unit"": """", ""context"": ""수직통합 제조, 세계 최초 BOC·COB 동시 처리, 세계 시장점유율 1위 micro SAW/MSVP, Wide Die·2.5D Big Die 대응력""}, {""raw"": ""2.5"", ""value"": 2.5, ""unit"": """", ""context"": ""동시 처리, 세계 시장점유율 1위 micro SAW/MSVP, Wide Die·2.5D Big Die 대응력""}]"
한미반도체,한미,10,고객 구매 이유,"1) IR
2) 제품 홍보 자료
3) 인터뷰 기사","IR: Investment Highlights / 제품 경쟁력 / 고객사 채택 배경 / 고객 효익 설명 슬라이드 / 양산 적용 사례
제품 홍보 자료: 제품 브로슈어 / 기술소개서 / 데이터시트 / Application Note / 비교표 / FAQ
인터뷰 기사: 고객이 선택한 이유 / 채택 배경 / 기존 대안 대비 개선점 / 산업 현장 적용 사례 / 신규 수요처 언급","성능 개선율 %, 원가 절감률 %, 처리속도, 불량률 감소, 수명 증가, 고객사 수",실제 적용 사례,"HBM 12·16단 생산, 20단 이상 대응 준비, TC 본딩 전후 6면 검사, AI 반도체 2.5D 패키징, EMI 차폐 장비 공급 사례가 확인",True,81,5,5,"성능 개선율 %, 원가 절감률 %, 처리속도, 불량률 감소, 수명 증가, 고객사 수",12.0,number,"HBM 12·16단 생산, 20단 이상 대응 준비, TC 본딩 전후 6면 검사, AI 반도체 2.5D 패키징,","{""EMI"": 1, ""HBM"": 1, ""TC"": 1, ""반도체"": 1, ""패키징"": 1}","[{""raw"": ""12"", ""value"": 12.0, ""unit"": """", ""context"": ""HBM 12·16단 생산, 20단 이상 대응 준비, TC 본딩 전후 6면 검사, AI 반도체 2.5D 패키징,""}, {""raw"": ""16"", ""value"": 16.0, ""unit"": ""단"", ""context"": ""HBM 12·16단 생산, 20단 이상 대응 준비, TC 본딩 전후 6면 검사, AI 반도체 2.5D 패키징, EMI""}, {""raw"": ""20"", ""value"": 20.0, ""unit"": ""단"", ""context"": ""HBM 12·16단 생산, 20단 이상 대응 준비, TC 본딩 전후 6면 검사, AI 반도체 2.5D 패키징, EMI 차폐 장비 공""}, {""raw"": ""6"", ""value"": 6.0, ""unit"": """", ""context"": ""HBM 12·16단 생산, 20단 이상 대응 준비, TC 본딩 전후 6면 검사, AI 반도체 2.5D 패키징, EMI 차폐 장비 공급 사례가 확인""}, {""raw"": ""2.5"", ""value"": 2.5, ""unit"": """", ""context"": ""16단 생산, 20단 이상 대응 준비, TC 본딩 전후 6면 검사, AI 반도체 2.5D 패키징, EMI 차폐 장비 공급 사례가 확인""}]"
한미반도체,한미,11,경쟁 우위 요소/대체가능성,사업보고서 / 특허 / 기사,"사업보고서: 시장 경쟁상황 / 진입장벽 / 기술 경쟁력 / 주요 원재료·공정 우위 / 위험요인 / 신규 경쟁사 언급
특허: 등록특허 수 / 핵심 특허 존속기간 / 청구항 범위 / 회피설계 난이도 / 해외 등록 여부
기사: 경쟁사 비교 기사 / 국산화·대체재 기사 / 고객사 공급 확정 기사 / 업계 평가 / 가격·수율 경쟁 기사","등록 특허 수, 인증 수, 주요 고객 승인 수, 고객 전환 기간, 레퍼런스 건수",등록 특허,산업재산권 자산과 특허 침해 관련 소송으로 권리화·방어 활동 확인,True,36,0,1,"등록 특허 수, 인증 수, 주요 고객 승인 수, 고객 전환 기간, 레퍼런스 건수",36,chars,엑셀 내용 글자 수,"{""특허"": 1}",[]
한미반도체,한미,12,경쟁 우위 요소/대체가능성,사업보고서 / 특허 / 기사,"사업보고서: 시장 경쟁상황 / 진입장벽 / 기술 경쟁력 / 주요 원재료·공정 우위 / 위험요인 / 신규 경쟁사 언급
특허: 등록특허 수 / 핵심 특허 존속기간 / 청구항 범위 / 회피설계 난이도 / 해외 등록 여부
기사: 경쟁사 비교 기사 / 국산화·대체재 기사 / 고객사 공급 확정 기사 / 업계 평가 / 가격·수율 경쟁 기사","등록 특허 수, 인증 수, 주요 고객 승인 수, 고객 전환 기간, 레퍼런스 건수",제조 노하우,주물·설계·제작·조립·검사·테스트까지 이어지는 수직통합제조 시스템,True,36,0,0,"등록 특허 수, 인증 수, 주요 고객 승인 수, 고객 전환 기간, 레퍼런스 건수",36,chars,엑셀 내용 글자 수,{},[]
한미반도체,한미,13,경쟁 우위 요소/대체가능성,사업보고서 / 특허 / 기사,"사업보고서: 시장 경쟁상황 / 진입장벽 / 기술 경쟁력 / 주요 원재료·공정 우위 / 위험요인 / 신규 경쟁사 언급
특허: 등록특허 수 / 핵심 특허 존속기간 / 청구항 범위 / 회피설계 난이도 / 해외 등록 여부
기사: 경쟁사 비교 기사 / 국산화·대체재 기사 / 고객사 공급 확정 기사 / 업계 평가 / 가격·수율 경쟁 기사","등록 특허 수, 인증 수, 주요 고객 승인 수, 고객 전환 기간, 레퍼런스 건수",고객사 레퍼런스,"글로벌 주요 고객사 20개사 이상과 세계일류상품 선정, TechInsights Top 10 Customer Service 13회 수상",True,74,3,1,"등록 특허 수, 인증 수, 주요 고객 승인 수, 고객 전환 기간, 레퍼런스 건수",20.0,개사,"글로벌 주요 고객사 20개사 이상과 세계일류상품 선정, TechInsights Top 10 Customer Service 13","{""고객"": 1}","[{""raw"": ""20"", ""value"": 20.0, ""unit"": ""개사"", ""context"": ""글로벌 주요 고객사 20개사 이상과 세계일류상품 선정, TechInsights Top 10 Customer Service 13""}, {""raw"": ""10"", ""value"": 10.0, ""unit"": """", ""context"": ""주요 고객사 20개사 이상과 세계일류상품 선정, TechInsights Top 10 Customer Service 13회 수상""}, {""raw"": ""13"", ""value"": 13.0, ""unit"": ""회"", ""context"": ""류상품 선정, TechInsights Top 10 Customer Service 13회 수상""}]"
한미반도체,한미,14,현재 활용 산업 + 확장 산업,사업 보고서,사업보고서: 사업의 내용 → 주요 수요처 / 전방산업 / 응용처 / 고객 산업 / 신규 적용처 / 중장기 성장전략 / 시장전망 / 신규사업 계획,"현재 매출 산업 수, 산업별 비중 %, 적용 제품 수, 확장 후보 산업 수",현재 고객 산업,"현재 매출/적용 산업은 메모리(HBM), OSAT, AI·시스템반도체 패키징, 스마트디바이스·EMI 관련 분야로 정리",True,65,0,4,"현재 매출 산업 수, 산업별 비중 %, 적용 제품 수, 확장 후보 산업 수",65,chars,엑셀 내용 글자 수,"{""EMI"": 1, ""HBM"": 1, ""반도체"": 1, ""패키징"": 1}",[]
한미반도체,한미,15,현재 활용 산업 + 확장 산업,사업 보고서,사업보고서: 사업의 내용 → 주요 수요처 / 전방산업 / 응용처 / 고객 산업 / 신규 적용처 / 중장기 성장전략 / 시장전망 / 신규사업 계획,"현재 매출 산업 수, 산업별 비중 %, 적용 제품 수, 확장 후보 산업 수",기술 범용성,"TC·FC·Die 본더, 절단/검사, EMI 차폐로 패키징 전후공정 전반을 아우르는 범용성",True,50,0,6,"현재 매출 산업 수, 산업별 비중 %, 적용 제품 수, 확장 후보 산업 수",50,chars,엑셀 내용 글자 수,"{""EMI"": 1, ""TC"": 1, ""공정"": 1, ""본더"": 1, ""패키징"": 1, ""후공정"": 1}",[]
한미반도체,한미,16,현재 활용 산업 + 확장 산업,사업 보고서,사업보고서: 사업의 내용 → 주요 수요처 / 전방산업 / 응용처 / 고객 산업 / 신규 적용처 / 중장기 성장전략 / 시장전망 / 신규사업 계획,"현재 매출 산업 수, 산업별 비중 %, 적용 제품 수, 확장 후보 산업 수",타산업 적용 가능성,"적층형 GDDR, 기업용 eSSD, 우주항공, 저궤도 위성통신, 방산용 드론 등 인접 분야로 확장 여지",True,57,0,0,"현재 매출 산업 수, 산업별 비중 %, 적용 제품 수, 확장 후보 산업 수",57,chars,엑셀 내용 글자 수,{},[]
한미반도체,한미,17,신규 산업 진입 시 추가 인증/개발 부담,사업보고서 / 규제자료 / 기사,"사업보고서: 신규시장 진입 계획 / 개발 일정 / 품질 요구 / 고객 승인 절차 / 시험평가 / 리스크 요인
규제자료: 산업별 필수 인증 / 시험규격 / 법적 허가 / 환경규제 / 안전기준 / 공급 승인 조건
기사: 인증 획득 기사 / 양산 승인 기사 / 테스트베드 기사 / 개발 지연·검증 이슈 기사","필요 인증 수, 예상 개발 기간(개월), 검증 단계 수, 고객 테스트 횟수",인증 종류,"ISO 45001, RoHS",True,15,2,0,"필요 인증 수, 예상 개발 기간(개월), 검증 단계 수, 고객 테스트 횟수",450.0,number,"ISO 45001, RoHS",{},"[{""raw"": ""450"", ""value"": 450.0, ""unit"": """", ""context"": ""ISO 45001, RoHS""}, {""raw"": ""01"", ""value"": 1.0, ""unit"": """", ""context"": ""ISO 45001, RoHS""}]"
한미반도체,한미,18,신규 산업 진입 시 추가 인증/개발 부담,사업보고서 / 규제자료 / 기사,"사업보고서: 신규시장 진입 계획 / 개발 일정 / 품질 요구 / 고객 승인 절차 / 시험평가 / 리스크 요인
규제자료: 산업별 필수 인증 / 시험규격 / 법적 허가 / 환경규제 / 안전기준 / 공급 승인 조건
기사: 인증 획득 기사 / 양산 승인 기사 / 테스트베드 기사 / 개발 지연·검증 이슈 기사","필요 인증 수, 예상 개발 기간(개월), 검증 단계 수, 고객 테스트 횟수",개발 기간,"개별 장비/과제별 개발기간은 알 수 x
차세대 HBM 대응 7공장 증설과 하이브리드 본더 준비가 병행",True,56,1,2,"필요 인증 수, 예상 개발 기간(개월), 검증 단계 수, 고객 테스트 횟수",7.0,number,"개별 장비/과제별 개발기간은 알 수 x
차세대 HBM 대응 7공장 증설과 하이브리드 본더 준비가 병행","{""HBM"": 1, ""본더"": 1}","[{""raw"": ""7"", ""value"": 7.0, ""unit"": """", ""context"": ""개별 장비/과제별 개발기간은 알 수 x\n차세대 HBM 대응 7공장 증설과 하이브리드 본더 준비가 병행""}]"
한미반도체,한미,19,신규 산업 진입 시 추가 인증/개발 부담,사업보고서 / 규제자료 / 기사,"사업보고서: 신규시장 진입 계획 / 개발 일정 / 품질 요구 / 고객 승인 절차 / 시험평가 / 리스크 요인
규제자료: 산업별 필수 인증 / 시험규격 / 법적 허가 / 환경규제 / 안전기준 / 공급 승인 조건
기사: 인증 획득 기사 / 양산 승인 기사 / 테스트베드 기사 / 개발 지연·검증 이슈 기사","필요 인증 수, 예상 개발 기간(개월), 검증 단계 수, 고객 테스트 횟수",추가 검증 필요 여부,주문형 생산과 고객 사양별 기술 협의 구조상 신규 산업 진입 시 고객 테스트·양산 검증 부담이 높은 편,True,57,0,3,"필요 인증 수, 예상 개발 기간(개월), 검증 단계 수, 고객 테스트 횟수",57,chars,엑셀 내용 글자 수,"{""고객"": 2, ""양산"": 1}",[]
한미반도체,한미,20,회사의 기술 투자 수준 - R&D 강도,사업보고서 / DART / IR,"사업보고서: 연구개발활동 / 연구개발비 / 연구인력 / 시설투자 / CAPEX / 신규 설비 투자 / 무형자산화 여부
DART: 연결 재무제표 주석의 연구개발비 / 유형자산 취득 / 설비투자 / 사업부문 투자 / 분기보고서 추이
IR: CAPEX 계획 / 증설 계획 / 기술개발 로드맵 / 차세대 제품 투자 / 연구조직 소개","연구개발비(억원), 매출 대비 R&D 비율 %, 연구인력 수, CAPEX(억원), 3년 추세",연구개발비,2025년 연구개발비용계는 239.38억원이며 2023년 대비 증가,True,37,5,0,"연구개발비(억원), 매출 대비 R&D 비율 %, 연구인력 수, CAPEX(억원), 3년 추세",239.38,억원,2025년 연구개발비용계는 239.38억원이며 2023년 대비 증가,{},"[{""raw"": ""202"", ""value"": 202.0, ""unit"": """", ""context"": ""2025년 연구개발비용계는 239.38억원이며 2023년 대비 증가""}, {""raw"": ""5"", ""value"": 5.0, ""unit"": ""년"", ""context"": ""2025년 연구개발비용계는 239.38억원이며 2023년 대비 증가""}, {""raw"": ""239.38"", ""value"": 239.38, ""unit"": ""억원"", ""context"": ""2025년 연구개발비용계는 239.38억원이며 2023년 대비 증가""}, {""raw"": ""202"", ""value"": 202.0, ""unit"": """", ""context"": ""2025년 연구개발비용계는 239.38억원이며 2023년 대비 증가""}, {""raw"": ""3"", ""value"": 3.0, ""unit"": ""년"", ""context"": ""2025년 연구개발비용계는 239.38억원이며 2023년 대비 증가""}]"
한미반도체,한미,21,회사의 기술 투자 수준 - R&D 강도,사업보고서 / DART / IR,"사업보고서: 연구개발활동 / 연구개발비 / 연구인력 / 시설투자 / CAPEX / 신규 설비 투자 / 무형자산화 여부
DART: 연결 재무제표 주석의 연구개발비 / 유형자산 취득 / 설비투자 / 사업부문 투자 / 분기보고서 추이
IR: CAPEX 계획 / 증설 계획 / 기술개발 로드맵 / 차세대 제품 투자 / 연구조직 소개","연구개발비(억원), 매출 대비 R&D 비율 %, 연구인력 수, CAPEX(억원), 3년 추세",연구인력,"전체 직원 737명 중 약 30%가 R&D 인력으로, 추정 연구인력은 약 221명",True,45,3,0,"연구개발비(억원), 매출 대비 R&D 비율 %, 연구인력 수, CAPEX(억원), 3년 추세",30.0,%,"전체 직원 737명 중 약 30%가 R&D 인력으로, 추정 연구인력은 약 221명",{},"[{""raw"": ""737"", ""value"": 737.0, ""unit"": ""명"", ""context"": ""전체 직원 737명 중 약 30%가 R&D 인력으로, 추정 연구인력은 약 221명""}, {""raw"": ""30"", ""value"": 30.0, ""unit"": ""%"", ""context"": ""전체 직원 737명 중 약 30%가 R&D 인력으로, 추정 연구인력은 약 221명""}, {""raw"": ""221"", ""value"": 221.0, ""unit"": ""명"", ""context"": ""전체 직원 737명 중 약 30%가 R&D 인력으로, 추정 연구인력은 약 221명""}]"
한미반도체,한미,22,회사의 기술 투자 수준 - R&D 강도,사업보고서 / DART / IR,"사업보고서: 연구개발활동 / 연구개발비 / 연구인력 / 시설투자 / CAPEX / 신규 설비 투자 / 무형자산화 여부
DART: 연결 재무제표 주석의 연구개발비 / 유형자산 취득 / 설비투자 / 사업부문 투자 / 분기보고서 추이
IR: CAPEX 계획 / 증설 계획 / 기술개발 로드맵 / 차세대 제품 투자 / 연구조직 소개","연구개발비(억원), 매출 대비 R&D 비율 %, 연구인력 수, CAPEX(억원), 3년 추세",CAPEX,7공장 투자 578.24억원과 2025년 유형자산 취득액 766.70억원이 확인되어 증설 투자가 지속,True,56,5,0,"연구개발비(억원), 매출 대비 R&D 비율 %, 연구인력 수, CAPEX(억원), 3년 추세",578.24,억원,7공장 투자 578.24억원과 2025년 유형자산 취득액 766.70억원이 확인되어 증설 투자가 지속,{},"[{""raw"": ""7"", ""value"": 7.0, ""unit"": """", ""context"": ""7공장 투자 578.24억원과 2025년 유형자산 취득액 766.70억원이 확인되어 증설 투자가 지속""}, {""raw"": ""578.24"", ""value"": 578.24, ""unit"": ""억원"", ""context"": ""7공장 투자 578.24억원과 2025년 유형자산 취득액 766.70억원이 확인되어 증설 투자가 지속""}, {""raw"": ""202"", ""value"": 202.0, ""unit"": """", ""context"": ""7공장 투자 578.24억원과 2025년 유형자산 취득액 766.70억원이 확인되어 증설 투자가 지속""}, {""raw"": ""5"", ""value"": 5.0, ""unit"": ""년"", ""context"": ""7공장 투자 578.24억원과 2025년 유형자산 취득액 766.70억원이 확인되어 증설 투자가 지속""}, {""raw"": ""766.70"", ""value"": 766.7, ""unit"": ""억원"", ""context"": ""7공장 투자 578.24억원과 2025년 유형자산 취득액 766.70억원이 확인되어 증설 투자가 지속""}]"
한미반도체,한미,23,기술 경쟁력 종합 판단,내부 종합,내부 종합 로직: ① 기술 독창성 ② 양산성 ③ 고객 채택도 ④ 수익성 기여 ⑤ 확장성 ⑥ 진입장벽 ⑦ 투자 지속성 점수화 후 총점 산출,"1~7번 항목별 점수화(예: 5점 만점), 총점, 강점/약점 수",기술 경쟁력 종합 판단,"기술 독창성 5, 양산성 5, 고객 채택도 5, 수익성 기여 5, 확장성 4, 진입장벽 4, 투자 지속성 5",True,60,7,2,"1~7번 항목별 점수화(예: 5점 만점), 총점, 강점/약점 수",5.0,number,"기술 독창성 5, 양산성 5, 고객 채택도 5, 수익성 기여 5, 확장성 4, 진입장벽 4, 투자 지속성 5","{""고객"": 1, ""양산"": 1}","[{""raw"": ""5"", ""value"": 5.0, ""unit"": """", ""context"": ""기술 독창성 5, 양산성 5, 고객 채택도 5, 수익성 기여 5, 확장성 4, 진입장벽 4, 투자 지속성 5""}, {""raw"": ""5"", ""value"": 5.0, ""unit"": """", ""context"": ""기술 독창성 5, 양산성 5, 고객 채택도 5, 수익성 기여 5, 확장성 4, 진입장벽 4, 투자 지속성 5""}, {""raw"": ""5"", ""value"": 5.0, ""unit"": """", ""context"": ""기술 독창성 5, 양산성 5, 고객 채택도 5, 수익성 기여 5, 확장성 4, 진입장벽 4, 투자 지속성 5""}, {""raw"": ""5"", ""value"": 5.0, ""unit"": """", ""context"": ""기술 독창성 5, 양산성 5, 고객 채택도 5, 수익성 기여 5, 확장성 4, 진입장벽 4, 투자 지속성 5""}, {""raw"": ""4"", ""value"": 4.0, ""unit"": """", ""context"": ""기술 독창성 5, 양산성 5, 고객 채택도 5, 수익성 기여 5, 확장성 4, 진입장벽 4, 투자 지속성 5""}, {""raw"": ""4"", ""value"": 4.0, ""unit"": """", ""context"": ""창성 5, 양산성 5, 고객 채택도 5, 수익성 기여 5, 확장성 4, 진입장벽 4, 투자 지속성 5""}, {""raw"": ""5"", ""value"": 5.0, ""unit"": """", ""context"": ""5, 고객 채택도 5, 수익성 기여 5, 확장성 4, 진입장벽 4, 투자 지속성 5""}]"
